fixture_id,data,partida,time,team_id,local_visitante,adversario,adversario_id,resultado,league_id,season_id,state_id,Escanteios,Posse de bola (%),Gols,Cartões vermelhos,Cartões amarelos
378836,2017-01-27 19:45:00,Aberdeen vs Dundee,Aberdeen,273,home,Dundee,284,2,501,825,5,9,64.0,3,0,1
378943,2017-02-01 19:45:00,Celtic vs Aberdeen,Aberdeen,273,away,Celtic,53,0,501,825,5,0,32.0,0,0,3
378996,2017-02-04 15:00:00,Aberdeen vs Partick Thistle,Aberdeen,273,home,Partick Thistle,339,2,501,825,5,2,58.0,2,0,2
378129,2017-02-15 19:45:00,Aberdeen vs Motherwell,Aberdeen,273,home,Motherwell,309,2,501,825,5,6,56.0,7,0,2
379070,2017-02-19 13:00:00,Kilmarnock vs Aberdeen,Aberdeen,273,away,Kilmarnock,180,2,501,825,5,4,62.0,2,0,2
379133,2017-02-25 15:00:00,Aberdeen vs Ross County,Aberdeen,273,home,Ross County,246,2,501,825,5,4,60.0,1,0,1
379155,2017-02-28 19:45:00,Hamilton Academical vs Aberdeen,Aberdeen,273,away,Hamilton Academical,338,0,501,825,5,21,70.0,0,0,1
379238,2017-03-11 15:00:00,Aberdeen vs Motherwell,Aberdeen,273,home,Motherwell,309,2,501,825,5,12,64.0,1,0,1
379276,2017-03-18 12:15:00,Aberdeen vs Hearts,Aberdeen,273,home,Hearts,314,2,501,825,5,6,60.0,2,1,1
379339,2017-03-31 18:45:00,Dundee vs Aberdeen,Aberdeen,273,away,Dundee,284,2,501,825,5,7,57.0,7,0,0
379398,2017-04-04 18:45:00,Aberdeen vs Inverness CT,Aberdeen,273,home,Inverness CT,265,2,501,825,5,10,55.0,1,0,0
379510,2017-04-09 11:30:00,Aberdeen vs Rangers,Aberdeen,273,home,Rangers,62,0,501,825,5,7,63.0,0,0,3
379529,2017-04-15 14:00:00,St. Johnstone vs Aberdeen,Aberdeen,273,away,St. Johnstone,734,2,501,825,5,3,52.0,2,0,1
376673,2017-04-29 14:00:00,Aberdeen vs St. Johnstone,Aberdeen,273,home,St. Johnstone,734,0,501,825,5,4,58.0,0,0,3
376767,2017-05-07 14:00:00,Hearts vs Aberdeen,Aberdeen,273,away,Hearts,314,2,501,825,5,3,48.0,2,0,2
234027,2017-05-12 18:45:00,Aberdeen vs Celtic,Aberdeen,273,home,Celtic,53,0,501,825,5,10,59.0,1,0,2
234035,2017-05-17 18:45:00,Rangers vs Aberdeen,Aberdeen,273,away,Rangers,62,2,501,825,5,6,54.0,2,1,2
234043,2017-05-21 11:30:00,Partick Thistle vs Aberdeen,Aberdeen,273,away,Partick Thistle,339,2,501,825,5,2,59.0,6,0,2
1871763,2017-08-06 14:00:00,Aberdeen vs Hamilton Academical,Aberdeen,273,home,Hamilton Academical,338,2,501,7953,5,4,,2,0,1
1871773,2017-08-12 14:00:00,Ross County vs Aberdeen,Aberdeen,273,away,Ross County,246,2,501,7953,5,6,60.0,2,0,1
1871775,2017-08-19 14:00:00,Aberdeen vs Dundee,Aberdeen,273,home,Dundee,284,2,501,7953,5,4,60.0,2,0,3
1871785,2017-08-26 14:00:00,Partick Thistle vs Aberdeen,Aberdeen,273,away,Partick Thistle,339,2,501,7953,5,9,60.0,4,0,0
1871788,2017-09-09 14:00:00,Hearts vs Aberdeen,Aberdeen,273,away,Hearts,314,1,501,7953,5,2,55.0,0,0,1
1871793,2017-09-16 14:00:00,Aberdeen vs Kilmarnock,Aberdeen,273,home,Kilmarnock,180,1,501,7953,5,5,63.0,1,0,2
1871801,2017-09-24 11:15:00,Motherwell vs Aberdeen,Aberdeen,273,away,Motherwell,309,2,501,7953,5,4,45.0,1,0,2
1871805,2017-09-30 14:00:00,Aberdeen vs St. Johnstone,Aberdeen,273,home,St. Johnstone,734,2,501,7953,5,8,60.0,3,0,2
1871813,2017-10-14 14:00:00,Hibernian vs Aberdeen,Aberdeen,273,away,Hibernian,66,2,501,7953,5,0,46.0,1,0,3
1871823,2017-10-25 18:45:00,Aberdeen vs Celtic,Aberdeen,273,home,Celtic,53,0,501,7953,5,3,34.0,0,0,4
1871829,2017-10-28 14:00:00,Aberdeen vs Ross County,Aberdeen,273,home,Ross County,246,2,501,7953,5,3,51.0,2,0,3
1871835,2017-11-04 15:00:00,Hamilton Academical vs Aberdeen,Aberdeen,273,away,Hamilton Academical,338,1,501,7953,5,7,52.0,2,0,0
1871841,2017-11-18 15:00:00,Aberdeen vs Motherwell,Aberdeen,273,home,Motherwell,309,0,501,7953,5,8,52.0,0,0,2
1871851,2017-11-26 12:30:00,Kilmarnock vs Aberdeen,Aberdeen,273,away,Kilmarnock,180,2,501,7953,5,3,49.0,3,0,2
1871821,2017-11-29 19:45:00,Rangers vs Aberdeen,Aberdeen,273,away,Rangers,62,0,501,7953,5,2,46.0,0,1,4
1871853,2017-12-03 12:30:00,Aberdeen vs Rangers,Aberdeen,273,home,Rangers,62,0,501,7953,5,5,56.0,1,0,1
1871859,2017-12-08 19:45:00,Dundee vs Aberdeen,Aberdeen,273,away,Dundee,284,2,501,7953,5,10,52.0,1,0,2
1871870,2017-12-13 19:45:00,St. Johnstone vs Aberdeen,Aberdeen,273,away,St. Johnstone,734,2,501,7953,5,6,59.0,3,0,1
1871871,2017-12-16 12:30:00,Aberdeen vs Hibernian,Aberdeen,273,home,Hibernian,66,2,501,7953,5,3,50.0,4,0,0
1871877,2017-12-23 15:00:00,Celtic vs Aberdeen,Aberdeen,273,away,Celtic,53,0,501,7953,5,7,44.0,0,0,4
1871883,2017-12-27 19:45:00,Aberdeen vs Partick Thistle,Aberdeen,273,home,Partick Thistle,339,2,501,7953,5,5,65.0,1,0,0
1871889,2017-12-30 15:00:00,Aberdeen vs Hearts,Aberdeen,273,home,Hearts,314,1,501,7953,5,10,68.0,0,0,0
1871900,2018-01-24 19:45:00,Rangers vs Aberdeen,Aberdeen,273,away,Rangers,62,0,501,7953,5,7,49.0,0,0,3
1871901,2018-01-27 15:00:00,Aberdeen vs Kilmarnock,Aberdeen,273,home,Kilmarnock,180,2,501,7953,5,8,53.0,3,0,1
1871911,2018-01-31 19:45:00,Ross County vs Aberdeen,Aberdeen,273,away,Ross County,246,2,501,7953,5,5,60.0,4,0,4
1871913,2018-02-03 15:00:00,Aberdeen vs Hamilton Academical,Aberdeen,273,home,Hamilton Academical,338,2,501,7953,5,8,58.0,3,0,0
1871921,2018-02-17 15:00:00,Hibernian vs Aberdeen,Aberdeen,273,away,Hibernian,66,0,501,7953,5,2,46.0,0,0,5
1871925,2018-02-25 13:30:00,Aberdeen vs Celtic,Aberdeen,273,home,Celtic,53,0,501,7953,5,3,45.0,0,1,3
1871941,2018-03-10 15:00:00,Partick Thistle vs Aberdeen,Aberdeen,273,away,Partick Thistle,339,1,501,7953,5,2,53.0,0,0,0
1871943,2018-03-17 15:00:00,Aberdeen vs Dundee,Aberdeen,273,home,Dundee,284,2,501,7953,5,11,63.0,1,0,1
1871949,2018-03-31 14:00:00,Aberdeen vs St. Johnstone,Aberdeen,273,home,St. Johnstone,734,2,501,7953,5,5,50.0,4,0,0
1871934,2018-04-03 18:45:00,Motherwell vs Aberdeen,Aberdeen,273,away,Motherwell,309,2,501,7953,5,6,54.0,2,0,0
1871956,2018-04-07 14:00:00,Hearts vs Aberdeen,Aberdeen,273,away,Hearts,314,0,501,7953,5,0,56.0,0,0,2
10320696,2018-04-21 14:00:00,Kilmarnock vs Aberdeen,Aberdeen,273,away,Kilmarnock,180,2,501,7953,5,3,44.0,2,0,1
10320701,2018-04-27 18:45:00,Aberdeen vs Hearts,Aberdeen,273,home,Hearts,314,2,501,7953,5,3,47.0,2,0,2
10320709,2018-05-05 14:00:00,Aberdeen vs Hibernian,Aberdeen,273,home,Hibernian,66,1,501,7953,5,9,52.0,0,0,3
10320713,2018-05-08 18:45:00,Aberdeen vs Rangers,Aberdeen,273,home,Rangers,62,1,501,7953,5,8,49.0,1,0,4
10320722,2018-05-13 11:30:00,Celtic vs Aberdeen,Aberdeen,273,away,Celtic,53,2,501,7953,5,1,30.0,1,0,2
10333192,2018-08-05 12:00:00,Aberdeen vs Rangers,Aberdeen,273,home,Rangers,62,1,501,12963,5,4,58.0,1,0,3
10333195,2018-08-11 14:00:00,Dundee vs Aberdeen,Aberdeen,273,away,Dundee,284,2,501,12963,5,12,55.0,1,0,3
10333200,2018-08-25 14:00:00,Hibernian vs Aberdeen,Aberdeen,273,away,Hibernian,66,1,501,12963,5,5,43.0,1,0,5
10333209,2018-09-01 14:00:00,Aberdeen vs Kilmarnock,Aberdeen,273,home,Kilmarnock,180,0,501,12963,5,2,46.0,0,1,3
10333215,2018-09-15 14:00:00,St. Johnstone vs Aberdeen,Aberdeen,273,away,St. Johnstone,734,1,501,12963,5,8,29.0,1,0,2
10333217,2018-09-22 14:00:00,Aberdeen vs Motherwell,Aberdeen,273,home,Motherwell,309,2,501,12963,5,6,47.0,1,0,2
10333223,2018-09-29 14:00:00,Celtic vs Aberdeen,Aberdeen,273,away,Celtic,53,0,501,12963,5,3,40.0,0,0,0
10333232,2018-10-06 14:00:00,Aberdeen vs St. Mirren,Aberdeen,273,home,St. Mirren,496,2,501,12963,5,3,65.0,4,0,0
10333240,2018-10-20 14:00:00,Hearts vs Aberdeen,Aberdeen,273,away,Hearts,314,0,501,12963,5,4,45.0,1,0,6
10333250,2018-10-31 19:45:00,Aberdeen vs Hamilton Academical,Aberdeen,273,home,Hamilton Academical,338,2,501,12963,5,8,63.0,3,0,0
10333254,2018-11-04 12:15:00,Kilmarnock vs Aberdeen,Aberdeen,273,away,Kilmarnock,180,2,501,12963,5,4,59.0,2,0,1
10333260,2018-11-09 19:45:00,Aberdeen vs Hibernian,Aberdeen,273,home,Hibernian,66,2,501,12963,5,4,51.0,1,0,0
10333270,2018-11-24 15:00:00,Motherwell vs Aberdeen,Aberdeen,273,away,Motherwell,309,0,501,12963,5,6,56.0,0,0,1
10333277,2018-12-05 19:45:00,Rangers vs Aberdeen,Aberdeen,273,away,Rangers,62,2,501,12963,5,1,37.0,1,1,2
10333283,2018-12-08 15:00:00,Aberdeen vs St. Johnstone,Aberdeen,273,home,St. Johnstone,734,0,501,12963,5,2,61.0,0,0,1
10333243,2018-12-11 19:45:00,Aberdeen vs Livingston,Aberdeen,273,home,Livingston,258,2,501,12963,5,9,65.0,3,0,1
10333294,2018-12-15 15:00:00,St. Mirren vs Aberdeen,Aberdeen,273,away,St. Mirren,496,2,501,12963,5,6,56.0,2,0,2
10333274,2018-12-18 19:45:00,Aberdeen vs Dundee,Aberdeen,273,home,Dundee,284,2,501,12963,5,8,54.0,5,0,1
10333298,2018-12-22 15:00:00,Aberdeen vs Hearts,Aberdeen,273,home,Hearts,314,2,501,12963,5,5,54.0,2,0,2
10333302,2018-12-26 14:00:00,Aberdeen vs Celtic,Aberdeen,273,home,Celtic,53,0,501,12963,5,2,33.0,3,0,3
10333312,2018-12-29 15:00:00,Livingston vs Aberdeen,Aberdeen,273,away,Livingston,258,2,501,12963,5,6,55.0,2,0,0
10333316,2019-01-23 19:45:00,Hamilton Academical vs Aberdeen,Aberdeen,273,away,Hamilton Academical,338,2,501,12963,5,2,52.0,3,0,2
10333321,2019-01-26 15:00:00,Aberdeen vs Kilmarnock,Aberdeen,273,home,Kilmarnock,180,1,501,12963,5,6,63.0,0,0,2
10333325,2019-02-02 15:00:00,Hibernian vs Aberdeen,Aberdeen,273,away,Hibernian,66,2,501,12963,5,3,51.0,2,0,2
10333336,2019-02-06 19:45:00,Aberdeen vs Rangers,Aberdeen,273,home,Rangers,62,0,501,12963,5,10,51.0,2,1,2
10333341,2019-02-16 15:00:00,Aberdeen vs St. Mirren,Aberdeen,273,home,St. Mirren,496,1,501,12963,5,11,68.0,2,0,0
10333344,2019-02-23 15:00:00,St. Johnstone vs Aberdeen,Aberdeen,273,away,St. Johnstone,734,2,501,12963,5,3,53.0,2,0,1
10333351,2019-02-27 19:45:00,Aberdeen vs Hamilton Academical,Aberdeen,273,home,Hamilton Academical,338,0,501,12963,5,11,63.0,0,0,1
10333357,2019-03-09 15:00:00,Celtic vs Aberdeen,Aberdeen,273,away,Celtic,53,1,501,12963,5,3,39.0,0,0,1
10333365,2019-03-16 15:00:00,Aberdeen vs Livingston,Aberdeen,273,home,Livingston,258,1,501,12963,5,4,60.0,1,0,0
10333371,2019-03-30 15:00:00,Hearts vs Aberdeen,Aberdeen,273,away,Hearts,314,0,501,12963,5,5,55.0,1,0,4
10333374,2019-04-03 18:45:00,Aberdeen vs Motherwell,Aberdeen,273,home,Motherwell,309,2,501,12963,5,3,47.0,3,0,1
10333384,2019-04-06 14:00:00,Dundee vs Aberdeen,Aberdeen,273,away,Dundee,284,2,501,12963,5,8,60.0,2,0,1
11853596,2019-04-20 14:00:00,Kilmarnock vs Aberdeen,Aberdeen,273,away,Kilmarnock,180,2,501,12963,5,3,52.0,1,0,4
11853600,2019-04-28 14:00:00,Rangers vs Aberdeen,Aberdeen,273,away,Rangers,62,0,501,12963,5,1,31.0,0,1,3
11853601,2019-05-04 11:30:00,Aberdeen vs Celtic,Aberdeen,273,home,Celtic,53,0,501,12963,5,3,43.0,0,0,3
11853604,2019-05-10 18:45:00,Aberdeen vs Hearts,Aberdeen,273,home,Hearts,314,2,501,12963,5,2,48.0,2,0,2
11853608,2019-05-19 14:00:00,Hibernian vs Aberdeen,Aberdeen,273,away,Hibernian,66,2,501,12963,5,3,54.0,2,0,1
11879544,2019-08-04 14:00:00,Aberdeen vs Hearts,Aberdeen,273,home,Hearts,314,2,501,16222,5,4,60.0,3,0,4
11879555,2019-08-11 14:00:00,St. Mirren vs Aberdeen,Aberdeen,273,away,St. Mirren,496,0,501,16222,5,9,,0,0,2
11879559,2019-08-24 14:00:00,Kilmarnock vs Aberdeen,Aberdeen,273,away,Kilmarnock,180,1,501,16222,5,4,,0,0,1
11879562,2019-08-31 14:00:00,Aberdeen vs Ross County,Aberdeen,273,home,Ross County,246,2,501,16222,5,6,,3,0,2
11879568,2019-09-14 14:00:00,Aberdeen vs St. Johnstone,Aberdeen,273,home,St. Johnstone,734,1,501,16222,5,6,,1,0,0
11879576,2019-09-21 14:00:00,Livingston vs Aberdeen,Aberdeen,273,away,Livingston,258,2,501,16222,5,3,,2,0,0
11879583,2019-09-28 14:00:00,Rangers vs Aberdeen,Aberdeen,273,away,Rangers,62,0,501,16222,5,1,,0,0,2
11879586,2019-10-05 14:00:00,Aberdeen vs Hibernian,Aberdeen,273,home,Hibernian,66,1,501,16222,5,9,48.0,1,2,1
11879596,2019-10-19 14:00:00,Motherwell vs Aberdeen,Aberdeen,273,away,Motherwell,309,2,501,16222,5,5,47.0,3,0,2
11879598,2019-10-27 12:15:00,Aberdeen vs Celtic,Aberdeen,273,home,Celtic,53,0,501,16222,5,2,29.0,0,0,1
11879605,2019-10-30 19:45:00,Hamilton Academical vs Aberdeen,Aberdeen,273,away,Hamilton Academical,338,2,501,16222,5,11,63.0,1,0,1
11879610,2019-11-02 15:00:00,Aberdeen vs Kilmarnock,Aberdeen,273,home,Kilmarnock,180,2,501,16222,5,6,43.0,3,0,2
11879620,2019-11-09 15:00:00,Ross County vs Aberdeen,Aberdeen,273,away,Ross County,246,2,501,16222,5,7,56.0,3,0,1
11879626,2019-11-24 15:00:00,St. Johnstone vs Aberdeen,Aberdeen,273,away,St. Johnstone,734,1,501,16222,5,6,53.0,1,0,3
11879628,2019-11-30 15:00:00,Aberdeen vs St. Mirren,Aberdeen,273,home,St. Mirren,496,2,501,16222,5,7,48.0,2,0,1
11879634,2019-12-04 19:45:00,Aberdeen vs Rangers,Aberdeen,273,home,Rangers,62,1,501,16222,5,2,25.0,2,0,2
11879641,2019-12-07 15:00:00,Hibernian vs Aberdeen,Aberdeen,273,away,Hibernian,66,0,501,16222,5,3,51.0,0,0,2
11879646,2019-12-14 15:00:00,Aberdeen vs Hamilton Academical,Aberdeen,273,home,Hamilton Academical,338,2,501,16222,5,8,61.0,1,0,0
11879652,2019-12-21 15:00:00,Celtic vs Aberdeen,Aberdeen,273,away,Celtic,53,0,501,16222,5,1,29.0,1,1,1
11879658,2019-12-26 15:00:00,Aberdeen vs Livingston,Aberdeen,273,home,Livingston,258,2,501,16222,5,6,48.0,2,0,1
11879665,2019-12-29 14:00:00,Hearts vs Aberdeen,Aberdeen,273,away,Hearts,314,1,501,16222,5,5,49.0,1,0,3
11879670,2020-01-22 19:45:00,Aberdeen vs Motherwell,Aberdeen,273,home,Motherwell,309,0,501,16222,5,9,62.0,0,0,1
11879681,2020-01-26 12:30:00,St. Mirren vs Aberdeen,Aberdeen,273,away,St. Mirren,496,1,501,16222,5,11,63.0,0,0,0
11879686,2020-02-01 15:00:00,Rangers vs Aberdeen,Aberdeen,273,away,Rangers,62,1,501,16222,5,1,28.0,0,0,4
11879688,2020-02-05 19:45:00,Aberdeen vs St. Johnstone,Aberdeen,273,home,St. Johnstone,734,0,501,16222,5,5,65.0,0,0,2
11879695,2020-02-11 19:45:00,Hamilton Academical vs Aberdeen,Aberdeen,273,away,Hamilton Academical,338,2,501,16222,5,8,55.0,3,0,1
11879700,2020-02-16 12:00:00,Aberdeen vs Celtic,Aberdeen,273,home,Celtic,53,0,501,16222,5,5,45.0,1,0,2
11879706,2020-02-22 15:00:00,Aberdeen vs Ross County,Aberdeen,273,home,Ross County,246,0,501,16222,5,4,41.0,1,1,2
11879713,2020-03-04 19:45:00,Kilmarnock vs Aberdeen,Aberdeen,273,away,Kilmarnock,180,1,501,16222,5,1,53.0,2,0,5
11879718,2020-03-07 15:00:00,Aberdeen vs Hibernian,Aberdeen,273,home,Hibernian,66,2,501,16222,5,7,53.0,3,0,0
16475286,2020-08-01 11:30:00,Aberdeen vs Rangers,Aberdeen,273,home,Rangers,62,0,501,17141,5,2,40.0,0,1,1
16475289,2020-08-20 18:30:00,St. Johnstone vs Aberdeen,Aberdeen,273,away,St. Johnstone,734,2,501,17141,5,1,55.0,1,0,3
16475307,2020-08-23 14:00:00,Aberdeen vs Livingston,Aberdeen,273,home,Livingston,258,2,501,17141,5,1,44.0,2,0,0
16475318,2020-08-30 15:30:00,Hibernian vs Aberdeen,Aberdeen,273,away,Hibernian,66,2,501,17141,5,4,47.0,1,0,1
16475320,2020-09-12 14:00:00,Aberdeen vs Kilmarnock,Aberdeen,273,home,Kilmarnock,180,2,501,17141,5,10,49.0,1,0,0
16475326,2020-09-20 14:00:00,Aberdeen vs Motherwell,Aberdeen,273,home,Motherwell,309,0,501,17141,5,4,66.0,0,0,3
16475335,2020-09-27 14:00:00,Ross County vs Aberdeen,Aberdeen,273,away,Ross County,246,2,501,17141,5,6,55.0,3,0,0
16475338,2020-10-02 18:45:00,Aberdeen vs St. Mirren,Aberdeen,273,home,St. Mirren,496,2,501,17141,5,5,62.0,2,0,1
16475343,2020-10-17 14:00:00,Dundee United vs Aberdeen,Aberdeen,273,away,Dundee United,282,1,501,17141,5,10,61.0,0,0,2
16475297,2020-10-20 18:00:00,Aberdeen vs Hamilton Academical,Aberdeen,273,home,Hamilton Academical,338,2,501,17141,5,9,53.0,4,0,1
16475350,2020-10-25 12:00:00,Aberdeen vs Celtic,Aberdeen,273,home,Celtic,53,1,501,17141,5,3,38.0,3,0,2
16475362,2020-11-06 19:45:00,Aberdeen vs Hibernian,Aberdeen,273,home,Hibernian,66,2,501,17141,5,3,38.0,2,0,0
16475371,2020-11-22 12:00:00,Rangers vs Aberdeen,Aberdeen,273,away,Rangers,62,0,501,17141,5,6,29.0,0,0,1
16475357,2020-11-25 19:00:00,Hamilton Academical vs Aberdeen,Aberdeen,273,away,Hamilton Academical,338,1,501,17141,5,7,69.0,1,0,0
16475378,2020-12-05 15:00:00,St. Mirren vs Aberdeen,Aberdeen,273,away,St. Mirren,496,1,501,17141,5,1,48.0,1,1,3
16475380,2020-12-12 15:00:00,Aberdeen vs Ross County,Aberdeen,273,home,Ross County,246,2,501,17141,5,4,48.0,2,0,1
16475385,2020-12-20 12:00:00,Kilmarnock vs Aberdeen,Aberdeen,273,away,Kilmarnock,180,2,501,17141,5,1,52.0,2,0,0
16475395,2020-12-23 18:15:00,Motherwell vs Aberdeen,Aberdeen,273,away,Motherwell,309,1,501,17141,5,7,57.0,0,0,1
16475398,2020-12-26 15:00:00,Aberdeen vs St. Johnstone,Aberdeen,273,home,St. Johnstone,734,2,501,17141,5,5,54.0,2,0,1
16475410,2021-01-02 15:00:00,Aberdeen vs Dundee United,Aberdeen,273,home,Dundee United,282,1,501,17141,5,5,53.0,0,0,1
16475416,2021-01-10 15:00:00,Aberdeen vs Rangers,Aberdeen,273,home,Rangers,62,0,501,17141,5,1,20.0,1,1,2
16475425,2021-01-16 15:00:00,Ross County vs Aberdeen,Aberdeen,273,away,Ross County,246,0,501,17141,5,6,64.0,1,0,0
16475428,2021-01-23 15:00:00,Aberdeen vs Motherwell,Aberdeen,273,home,Motherwell,309,2,501,17141,5,8,61.0,2,0,2
16475438,2021-01-27 18:00:00,St. Johnstone vs Aberdeen,Aberdeen,273,away,St. Johnstone,734,1,501,17141,5,6,58.0,0,0,1
16475405,2021-01-30 15:00:00,Livingston vs Aberdeen,Aberdeen,273,away,Livingston,258,1,501,17141,5,2,47.0,0,0,0
16475440,2021-02-02 18:00:00,Aberdeen vs Livingston,Aberdeen,273,home,Livingston,258,0,501,17141,5,3,67.0,0,0,2
16475447,2021-02-06 15:00:00,Hibernian vs Aberdeen,Aberdeen,273,away,Hibernian,66,0,501,17141,5,5,59.0,0,0,0
16475452,2021-02-13 15:00:00,Aberdeen vs St. Mirren,Aberdeen,273,home,St. Mirren,496,1,501,17141,5,1,54.0,0,0,1
16475301,2021-02-17 18:00:00,Celtic vs Aberdeen,Aberdeen,273,away,Celtic,53,0,501,17141,5,6,39.0,0,0,2
16475476,2021-02-20 15:00:00,Aberdeen vs Kilmarnock,Aberdeen,273,home,Kilmarnock,180,2,501,17141,5,2,50.0,1,0,1
16475458,2021-02-27 15:00:00,Celtic vs Aberdeen,Aberdeen,273,away,Celtic,53,0,501,17141,5,4,36.0,0,0,1
16475464,2021-03-06 15:00:00,Aberdeen vs Hamilton Academical,Aberdeen,273,home,Hamilton Academical,338,1,501,17141,5,4,56.0,0,0,2
16475469,2021-03-20 15:00:00,Dundee United vs Aberdeen,Aberdeen,273,away,Dundee United,282,0,501,17141,5,10,49.0,0,0,1
17947850,2021-04-10 14:00:00,St. Johnstone vs Aberdeen,Aberdeen,273,away,St. Johnstone,734,2,501,17141,5,5,56.0,1,0,2
17947852,2021-04-21 18:45:00,Aberdeen vs Celtic,Aberdeen,273,home,Celtic,53,1,501,17141,5,4,28.0,1,0,0
17947856,2021-05-01 14:00:00,Livingston vs Aberdeen,Aberdeen,273,away,Livingston,258,2,501,17141,5,3,45.0,2,0,4
17947858,2021-05-12 18:45:00,Aberdeen vs Hibernian,Aberdeen,273,home,Hibernian,66,0,501,17141,5,5,69.0,0,0,2
17947862,2021-05-15 11:30:00,Rangers vs Aberdeen,Aberdeen,273,away,Rangers,62,0,501,17141,5,3,45.0,0,0,0
18136886,2021-08-01 14:00:00,Aberdeen vs Dundee United,Aberdeen,273,home,Dundee United,282,2,501,18369,5,5,57.0,2,0,1
18136891,2021-08-08 14:00:00,Livingston vs Aberdeen,Aberdeen,273,away,Livingston,258,2,501,18369,5,2,61.0,2,0,0
18136896,2021-08-22 14:00:00,Hearts vs Aberdeen,Aberdeen,273,away,Hearts,314,1,501,18369,5,3,54.0,1,0,2
18136900,2021-08-29 14:00:00,Aberdeen vs Ross County,Aberdeen,273,home,Ross County,246,1,501,18369,5,12,72.0,1,0,2
18136909,2021-09-11 14:00:00,Motherwell vs Aberdeen,Aberdeen,273,away,Motherwell,309,0,501,18369,5,6,75.0,0,0,3
18136912,2021-09-18 14:00:00,Aberdeen vs St. Johnstone,Aberdeen,273,home,St. Johnstone,734,0,501,18369,5,6,66.0,0,0,1
18136923,2021-09-26 11:00:00,St. Mirren vs Aberdeen,Aberdeen,273,away,St. Mirren,496,0,501,18369,5,3,48.0,2,1,6
18136924,2021-10-03 11:00:00,Aberdeen vs Celtic,Aberdeen,273,home,Celtic,53,0,501,18369,5,6,39.0,1,0,0
18136930,2021-10-16 17:00:00,Dundee vs Aberdeen,Aberdeen,273,away,Dundee,284,0,501,18369,5,8,67.0,1,0,3
18136936,2021-10-23 14:00:00,Aberdeen vs Hibernian,Aberdeen,273,home,Hibernian,66,2,501,18369,5,0,44.0,1,0,4
18136946,2021-10-27 18:45:00,Rangers vs Aberdeen,Aberdeen,273,away,Rangers,62,1,501,18369,5,2,36.0,2,0,4
18136948,2021-10-30 14:00:00,Aberdeen vs Hearts,Aberdeen,273,home,Hearts,314,2,501,18369,5,5,51.0,2,0,2
18136954,2021-11-06 15:00:00,Aberdeen vs Motherwell,Aberdeen,273,home,Motherwell,309,0,501,18369,5,13,70.0,0,0,3
18136960,2021-11-20 15:00:00,Dundee United vs Aberdeen,Aberdeen,273,away,Dundee United,282,0,501,18369,5,3,62.0,0,1,3
18136966,2021-11-28 15:00:00,Celtic vs Aberdeen,Aberdeen,273,away,Celtic,53,0,501,18369,5,3,39.0,1,0,1
18136972,2021-12-01 19:45:00,Aberdeen vs Livingston,Aberdeen,273,home,Livingston,258,2,501,18369,5,4,66.0,2,0,0
18136978,2021-12-04 15:00:00,Aberdeen vs St. Mirren,Aberdeen,273,home,St. Mirren,496,2,501,18369,5,6,50.0,4,0,0
18136988,2021-12-11 15:00:00,St. Johnstone vs Aberdeen,Aberdeen,273,away,St. Johnstone,734,2,501,18369,5,3,62.0,1,0,3
18136991,2021-12-22 19:45:00,Hibernian vs Aberdeen,Aberdeen,273,away,Hibernian,66,0,501,18369,5,5,52.0,0,0,2
18136996,2021-12-26 15:00:00,Aberdeen vs Dundee,Aberdeen,273,home,Dundee,284,2,501,18369,5,9,73.0,2,0,0
18137002,2022-01-18 19:45:00,Aberdeen vs Rangers,Aberdeen,273,home,Rangers,62,1,501,18369,5,6,59.0,1,0,4
18137019,2022-01-25 19:45:00,St. Mirren vs Aberdeen,Aberdeen,273,away,St. Mirren,496,0,501,18369,5,4,68.0,0,0,1
18137012,2022-02-01 19:45:00,Ross County vs Aberdeen,Aberdeen,273,away,Ross County,246,1,501,18369,5,5,62.0,1,0,3
18137028,2022-02-05 15:00:00,Livingston vs Aberdeen,Aberdeen,273,away,Livingston,258,0,501,18369,5,5,71.0,1,0,4
18137032,2022-02-09 19:45:00,Aberdeen vs Celtic,Aberdeen,273,home,Celtic,53,0,501,18369,5,1,44.0,2,0,2
18137020,2022-02-15 19:45:00,Aberdeen vs St. Johnstone,Aberdeen,273,home,St. Johnstone,734,1,501,18369,5,7,67.0,1,0,1
18137042,2022-02-19 15:00:00,Motherwell vs Aberdeen,Aberdeen,273,away,Motherwell,309,1,501,18369,5,3,49.0,1,0,3
18137044,2022-02-26 15:00:00,Aberdeen vs Dundee United,Aberdeen,273,home,Dundee United,282,1,501,18369,5,3,53.0,1,0,2
18137052,2022-03-02 19:45:00,Hearts vs Aberdeen,Aberdeen,273,away,Hearts,314,0,501,18369,5,1,42.0,0,0,1
18137060,2022-03-05 15:00:00,Rangers vs Aberdeen,Aberdeen,273,away,Rangers,62,0,501,18369,5,2,36.0,0,0,3
18137062,2022-03-19 15:00:00,Aberdeen vs Hibernian,Aberdeen,273,home,Hibernian,66,2,501,18369,5,4,59.0,3,0,2
18137068,2022-04-02 14:00:00,Dundee vs Aberdeen,Aberdeen,273,away,Dundee,284,1,501,18369,5,7,61.0,2,0,1
18137074,2022-04-09 14:00:00,Aberdeen vs Ross County,Aberdeen,273,home,Ross County,246,0,501,18369,5,3,56.0,0,0,2
18518010,2022-04-23 14:00:00,Aberdeen vs Livingston,Aberdeen,273,home,Livingston,258,0,501,18369,5,12,65.0,1,1,5
18518013,2022-04-30 14:00:00,Aberdeen vs Dundee,Aberdeen,273,home,Dundee,284,2,501,18369,5,6,57.0,1,0,1
18518016,2022-05-07 14:00:00,Hibernian vs Aberdeen,Aberdeen,273,away,Hibernian,66,1,501,18369,5,4,48.0,1,0,1
18518020,2022-05-11 18:45:00,St. Johnstone vs Aberdeen,Aberdeen,273,away,St. Johnstone,734,0,501,18369,5,3,69.0,0,0,2
18518022,2022-05-15 11:00:00,Aberdeen vs St. Mirren,Aberdeen,273,home,St. Mirren,496,1,501,18369,5,11,61.0,0,0,1
18535492,2022-07-31 15:30:00,Celtic vs Aberdeen,Aberdeen,273,away,Celtic,53,0,501,19735,5,3,31.0,0,0,2
18535493,2022-08-06 14:00:00,Aberdeen vs St. Mirren,Aberdeen,273,home,St. Mirren,496,2,501,19735,5,4,72.0,4,0,1
18535499,2022-08-13 14:00:00,Aberdeen vs Motherwell,Aberdeen,273,home,Motherwell,309,0,501,19735,5,5,60.0,2,0,1
18535510,2022-08-20 14:00:00,St. Johnstone vs Aberdeen,Aberdeen,273,away,St. Johnstone,734,2,501,19735,5,5,54.0,1,0,0
18535511,2022-08-27 14:00:00,Aberdeen vs Livingston,Aberdeen,273,home,Livingston,258,2,501,19735,5,8,57.0,5,0,1
18535521,2022-09-03 14:00:00,Ross County vs Aberdeen,Aberdeen,273,away,Ross County,246,1,501,19735,5,13,59.0,1,0,2
18535529,2022-09-17 14:00:00,Hibernian vs Aberdeen,Aberdeen,273,away,Hibernian,66,0,501,19735,5,2,35.0,1,1,5
18535535,2022-10-01 14:00:00,Aberdeen vs Kilmarnock,Aberdeen,273,home,Kilmarnock,180,2,501,19735,5,5,58.0,4,0,1
18535541,2022-10-08 17:00:00,Dundee United vs Aberdeen,Aberdeen,273,away,Dundee United,282,0,501,19735,5,1,65.0,0,0,1
18535547,2022-10-16 14:00:00,Aberdeen vs Hearts,Aberdeen,273,home,Hearts,314,2,501,19735,5,4,41.0,2,0,3
18535556,2022-10-22 14:00:00,Motherwell vs Aberdeen,Aberdeen,273,away,Motherwell,309,2,501,19735,5,0,41.0,2,0,2
18535562,2022-10-29 14:00:00,Rangers vs Aberdeen,Aberdeen,273,away,Rangers,62,0,501,19735,5,4,31.0,1,0,2
18535565,2022-11-04 19:30:00,Aberdeen vs Hibernian,Aberdeen,273,home,Hibernian,66,2,501,19735,5,5,38.0,4,0,2
18535573,2022-11-08 19:45:00,Livingston vs Aberdeen,Aberdeen,273,away,Livingston,258,0,501,19735,5,8,63.0,1,0,3
18535577,2022-11-12 18:00:00,Aberdeen vs Dundee United,Aberdeen,273,home,Dundee United,282,2,501,19735,5,3,46.0,1,0,1
18535583,2022-12-17 12:30:00,Aberdeen vs Celtic,Aberdeen,273,home,Celtic,53,0,501,19735,5,0,19.0,0,0,1
18535523,2022-12-20 20:00:00,Aberdeen vs Rangers,Aberdeen,273,home,Rangers,62,0,501,19735,5,3,32.0,2,0,5
18535594,2022-12-24 12:30:00,St. Mirren vs Aberdeen,Aberdeen,273,away,St. Mirren,496,0,501,19735,5,5,67.0,1,1,1
18535597,2022-12-28 19:45:00,Kilmarnock vs Aberdeen,Aberdeen,273,away,Kilmarnock,180,0,501,19735,5,6,61.0,1,0,2
18535601,2023-01-02 15:00:00,Aberdeen vs Ross County,Aberdeen,273,home,Ross County,246,1,501,19735,5,11,57.0,0,0,0
18537945,2023-01-07 15:00:00,Aberdeen vs St. Johnstone,Aberdeen,273,home,St. Johnstone,734,2,501,19735,5,9,58.0,2,0,0
18537952,2023-01-18 19:45:00,Hearts vs Aberdeen,Aberdeen,273,away,Hearts,314,0,501,19735,5,8,45.0,0,0,1
18537958,2023-01-28 15:00:00,Hibernian vs Aberdeen,Aberdeen,273,away,Hibernian,66,0,501,19735,5,9,50.0,0,1,4
18537963,2023-02-01 19:45:00,Aberdeen vs St. Mirren,Aberdeen,273,home,St. Mirren,496,0,501,19735,5,2,28.0,1,1,4
18537969,2023-02-04 15:00:00,Aberdeen vs Motherwell,Aberdeen,273,home,Motherwell,309,2,501,19735,5,9,60.0,3,0,4
18537975,2023-02-18 15:00:00,Celtic vs Aberdeen,Aberdeen,273,away,Celtic,53,0,501,19735,5,0,22.0,0,0,0
18537981,2023-02-25 15:00:00,Aberdeen vs Livingston,Aberdeen,273,home,Livingston,258,2,501,19735,5,8,51.0,1,0,0
18537987,2023-03-04 18:00:00,Dundee United vs Aberdeen,Aberdeen,273,away,Dundee United,282,2,501,19735,5,5,46.0,3,0,3
18537993,2023-03-18 15:00:00,Aberdeen vs Hearts,Aberdeen,273,home,Hearts,314,2,501,19735,5,7,37.0,3,0,3
18538003,2023-04-01 14:00:00,St. Johnstone vs Aberdeen,Aberdeen,273,away,St. Johnstone,734,2,501,19735,5,7,66.0,1,1,3
18538005,2023-04-08 14:00:00,Aberdeen vs Kilmarnock,Aberdeen,273,home,Kilmarnock,180,2,501,19735,5,5,55.0,2,0,1
18538016,2023-04-14 18:45:00,Ross County vs Aberdeen,Aberdeen,273,away,Ross County,246,2,501,19735,5,2,50.0,1,1,2
18538017,2023-04-23 15:30:00,Aberdeen vs Rangers,Aberdeen,273,home,Rangers,62,2,501,19735,5,3,25.0,2,0,2
18825710,2023-05-07 14:00:00,Rangers vs Aberdeen,Aberdeen,273,away,Rangers,62,0,501,19735,5,6,29.0,0,0,2
18825747,2023-05-13 14:00:00,Aberdeen vs Hibernian,Aberdeen,273,home,Hibernian,66,1,501,19735,5,3,46.0,0,0,2
18825750,2023-05-20 11:30:00,Hearts vs Aberdeen,Aberdeen,273,away,Hearts,314,0,501,19735,5,2,39.0,1,0,4
18825752,2023-05-24 18:45:00,Aberdeen vs St. Mirren,Aberdeen,273,home,St. Mirren,496,2,501,19735,5,2,60.0,3,0,0
18825755,2023-05-27 11:30:00,Celtic vs Aberdeen,Aberdeen,273,away,Celtic,53,0,501,19735,5,2,24.0,0,0,2
18861939,2023-08-05 14:00:00,Livingston vs Aberdeen,Aberdeen,273,away,Livingston,258,1,501,21787,5,7,53.0,0,0,4
18861943,2023-08-13 11:00:00,Aberdeen vs Celtic,Aberdeen,273,home,Celtic,53,0,501,21787,5,9,33.0,1,0,0
18861954,2023-08-27 14:00:00,St. Mirren vs Aberdeen,Aberdeen,273,away,St. Mirren,496,1,501,21787,5,3,53.0,2,0,2
18861955,2023-09-03 14:00:00,Aberdeen vs Hibernian,Aberdeen,273,home,Hibernian,66,0,501,21787,5,7,56.0,0,0,2
18861962,2023-09-16 14:00:00,Hearts vs Aberdeen,Aberdeen,273,away,Hearts,314,0,501,21787,5,3,47.0,0,0,2
18861967,2023-09-24 14:00:00,Aberdeen vs Ross County,Aberdeen,273,home,Ross County,246,2,501,21787,5,5,49.0,4,0,0
18861976,2023-09-30 14:00:00,Rangers vs Aberdeen,Aberdeen,273,away,Rangers,62,2,501,21787,5,8,29.0,3,0,1
18861979,2023-10-08 14:00:00,Aberdeen vs St. Johnstone,Aberdeen,273,home,St. Johnstone,734,1,501,21787,5,5,56.0,0,0,0
18861992,2023-10-29 12:00:00,Kilmarnock vs Aberdeen,Aberdeen,273,away,Kilmarnock,180,0,501,21787,5,3,51.0,0,0,3
18862857,2023-11-01 19:45:00,Motherwell vs Aberdeen,Aberdeen,273,away,Motherwell,309,2,501,21787,5,4,52.0,4,0,1
18862003,2023-11-12 14:30:00,Celtic vs Aberdeen,Aberdeen,273,away,Celtic,53,0,501,21787,5,0,22.0,0,0,3
18862009,2023-11-26 12:00:00,Aberdeen vs Rangers,Aberdeen,273,home,Rangers,62,1,501,21787,5,0,31.0,1,0,4
18862015,2023-12-03 15:00:00,Hibernian vs Aberdeen,Aberdeen,273,away,Hibernian,66,0,501,21787,5,6,53.0,0,0,2
18862859,2023-12-06 19:45:00,Aberdeen vs Kilmarnock,Aberdeen,273,home,Kilmarnock,180,0,501,21787,5,4,64.0,0,0,3
18862021,2023-12-09 15:00:00,Aberdeen vs Hearts,Aberdeen,273,home,Hearts,314,2,501,21787,5,3,51.0,2,0,3
18861997,2023-12-20 19:45:00,Aberdeen vs Livingston,Aberdeen,273,home,Livingston,258,2,501,21787,5,1,59.0,2,0,0
18862046,2023-12-30 15:00:00,Aberdeen vs St. Mirren,Aberdeen,273,home,St. Mirren,496,0,501,21787,5,13,67.0,0,0,1
18862055,2024-01-02 15:00:00,Ross County vs Aberdeen,Aberdeen,273,away,Ross County,246,2,501,21787,5,5,47.0,3,0,3
18862031,2024-01-24 19:45:00,St. Johnstone vs Aberdeen,Aberdeen,273,away,St. Johnstone,734,1,501,21787,5,4,55.0,1,0,1
18862058,2024-01-27 15:00:00,Hearts vs Aberdeen,Aberdeen,273,away,Hearts,314,0,501,21787,5,7,45.0,0,0,2
18861985,2024-01-30 19:45:00,Aberdeen vs Dundee,Aberdeen,273,home,Dundee,284,1,501,21787,5,0,53.0,1,0,2
18862063,2024-02-03 12:30:00,Aberdeen vs Celtic,Aberdeen,273,home,Celtic,53,1,501,21787,5,1,29.0,1,0,3
18862072,2024-02-06 20:00:00,Rangers vs Aberdeen,Aberdeen,273,away,Rangers,62,0,501,21787,5,2,25.0,1,0,2
18862039,2024-02-14 19:45:00,Aberdeen vs Motherwell,Aberdeen,273,home,Motherwell,309,1,501,21787,5,7,60.0,3,0,2
18862075,2024-02-17 15:00:00,Aberdeen vs Hibernian,Aberdeen,273,home,Hibernian,66,1,501,21787,5,4,44.0,2,0,1
18862082,2024-02-24 15:00:00,Kilmarnock vs Aberdeen,Aberdeen,273,away,Kilmarnock,180,0,501,21787,5,3,48.0,0,0,0
18862087,2024-02-28 19:45:00,Aberdeen vs St. Johnstone,Aberdeen,273,home,St. Johnstone,734,0,501,21787,5,11,54.0,0,0,0
18862098,2024-03-02 15:00:00,St. Mirren vs Aberdeen,Aberdeen,273,away,St. Mirren,496,0,501,21787,5,2,32.0,1,0,5
18862034,2024-03-13 19:45:00,Dundee vs Aberdeen,Aberdeen,273,away,Dundee,284,0,501,21787,5,4,46.0,0,0,1
18862103,2024-03-16 15:00:00,Motherwell vs Aberdeen,Aberdeen,273,away,Motherwell,309,2,501,21787,5,6,50.0,1,0,2
18862105,2024-03-30 15:00:00,Aberdeen vs Ross County,Aberdeen,273,home,Ross County,246,2,501,21787,5,2,50.0,2,0,2
18862114,2024-04-06 14:00:00,Livingston vs Aberdeen,Aberdeen,273,away,Livingston,258,1,501,21787,5,5,56.0,0,0,0
18862117,2024-04-13 14:00:00,Aberdeen vs Dundee,Aberdeen,273,home,Dundee,284,1,501,21787,5,3,56.0,0,1,2
19116470,2024-04-27 14:00:00,Aberdeen vs Motherwell,Aberdeen,273,home,Motherwell,309,2,501,21787,5,10,60.0,1,0,1
19116497,2024-05-04 14:00:00,Aberdeen vs St. Johnstone,Aberdeen,273,home,St. Johnstone,734,2,501,21787,5,7,65.0,1,0,1
19116502,2024-05-12 14:00:00,Hibernian vs Aberdeen,Aberdeen,273,away,Hibernian,66,2,501,21787,5,3,42.0,4,0,1
19116503,2024-05-15 18:45:00,Aberdeen vs Livingston,Aberdeen,273,home,Livingston,258,2,501,21787,5,6,62.0,5,0,2
19116508,2024-05-19 14:00:00,Ross County vs Aberdeen,Aberdeen,273,away,Ross County,246,1,501,21787,5,7,56.0,2,1,1
19146702,2024-08-05 19:00:00,St. Johnstone vs Aberdeen,Aberdeen,273,away,St. Johnstone,734,2,501,23690,5,7,49.0,2,0,1
19146703,2024-08-11 14:00:00,Aberdeen vs St. Mirren,Aberdeen,273,home,St. Mirren,496,2,501,23690,5,6,48.0,3,0,2
19146709,2024-08-25 14:00:00,Aberdeen vs Kilmarnock,Aberdeen,273,home,Kilmarnock,180,2,501,23690,5,8,58.0,2,0,3
19146719,2024-08-31 16:45:00,Ross County vs Aberdeen,Aberdeen,273,away,Ross County,246,1,501,23690,5,12,65.0,0,0,1
19146721,2024-09-14 14:00:00,Aberdeen vs Motherwell,Aberdeen,273,home,Motherwell,309,2,501,23690,5,6,59.0,,0,4
19146727,2024-09-28 14:00:00,Dundee vs Aberdeen,Aberdeen,273,away,Dundee,284,2,501,23690,5,3,47.0,2,0,3
19146733,2024-10-06 14:00:00,Aberdeen vs Hearts,Aberdeen,273,home,Hearts,314,2,501,23690,5,2,56.0,3,0,1
19146739,2024-10-19 14:00:00,Celtic vs Aberdeen,Aberdeen,273,away,Celtic,53,1,501,23690,5,2,27.0,2,0,5
19146745,2024-10-26 16:30:00,Aberdeen vs Dundee United,Aberdeen,273,home,Dundee United,282,2,501,23690,5,8,70.0,1,0,1
19146751,2024-10-30 20:00:00,Aberdeen vs Rangers,Aberdeen,273,home,Rangers,62,2,501,23690,5,4,37.0,2,0,5
19146763,2024-11-09 17:30:00,Aberdeen vs Dundee,Aberdeen,273,home,Dundee,284,2,501,23690,5,7,55.0,4,0,3
19146774,2024-11-23 16:00:00,St. Mirren vs Aberdeen,Aberdeen,273,away,St. Mirren,496,0,501,23690,5,3,72.0,1,0,5
19146759,2024-11-26 19:45:00,Hibernian vs Aberdeen,Aberdeen,273,away,Hibernian,66,1,501,23690,5,6,51.0,3,0,1
19146777,2024-12-01 15:00:00,Hearts vs Aberdeen,Aberdeen,273,away,Hearts,314,1,501,23690,5,6,46.0,1,0,5
19146781,2024-12-04 20:00:00,Aberdeen vs Celtic,Aberdeen,273,home,Celtic,53,0,501,23690,5,2,26.0,0,0,3
19146787,2024-12-07 15:00:00,Aberdeen vs St. Johnstone,Aberdeen,273,home,St. Johnstone,734,1,501,23690,5,6,57.0,1,0,5
19146799,2024-12-21 15:00:00,Aberdeen vs Hibernian,Aberdeen,273,home,Hibernian,66,0,501,23690,5,5,64.0,1,0,3
19146808,2024-12-26 15:00:00,Kilmarnock vs Aberdeen,Aberdeen,273,away,Kilmarnock,180,0,501,23690,5,3,53.0,0,0,4
19146812,2024-12-29 17:15:00,Dundee United vs Aberdeen,Aberdeen,273,away,Dundee United,282,0,501,23690,5,1,60.0,0,0,3
19146817,2025-01-02 15:00:00,Aberdeen vs Ross County,Aberdeen,273,home,Ross County,246,0,501,23690,5,9,66.0,1,0,2
19146827,2025-01-05 14:30:00,Motherwell vs Aberdeen,Aberdeen,273,away,Motherwell,309,0,501,23690,5,8,60.0,0,1,2
19146829,2025-01-12 15:00:00,Aberdeen vs Hearts,Aberdeen,273,home,Hearts,314,1,501,23690,5,4,49.0,0,0,2
19146797,2025-01-15 20:00:00,Rangers vs Aberdeen,Aberdeen,273,away,Rangers,62,0,501,23690,5,3,41.0,0,0,3
19146835,2025-01-25 15:00:00,Aberdeen vs St. Mirren,Aberdeen,273,home,St. Mirren,496,0,501,23690,5,6,74.0,0,0,2
19146842,2025-02-01 15:00:00,Hibernian vs Aberdeen,Aberdeen,273,away,Hibernian,66,0,501,23690,5,8,62.0,0,0,
19146848,2025-02-15 15:00:00,Dundee vs Aberdeen,Aberdeen,273,away,Dundee,284,2,501,23690,5,7,49.0,2,0,1
19146853,2025-02-22 15:00:00,Aberdeen vs Kilmarnock,Aberdeen,273,home,Kilmarnock,180,2,501,23690,5,8,61.0,1,0,2
19146859,2025-02-25 20:00:00,Celtic vs Aberdeen,Aberdeen,273,away,Celtic,53,0,501,23690,5,3,31.0,1,0,0
19146865,2025-03-02 15:00:00,Aberdeen vs Dundee United,Aberdeen,273,home,Dundee United,282,1,501,23690,5,14,73.0,2,0,1
19146876,2025-03-15 15:00:00,St. Johnstone vs Aberdeen,Aberdeen,273,away,St. Johnstone,734,1,501,23690,5,6,57.0,0,0,
19146877,2025-03-29 15:00:00,Aberdeen vs Motherwell,Aberdeen,273,home,Motherwell,309,2,501,23690,5,9,62.0,4,0,1
19146887,2025-04-05 14:00:00,Ross County vs Aberdeen,Aberdeen,273,away,Ross County,246,2,501,23690,5,1,47.0,1,0,3
19146889,2025-04-13 11:00:00,Aberdeen vs Rangers,Aberdeen,273,home,Rangers,62,1,501,23690,5,6,52.0,2,0,1
19415301,2025-04-26 14:00:00,Aberdeen vs Hibernian,Aberdeen,273,home,Hibernian,66,2,501,23690,5,10,56.0,1,0,3
19415337,2025-05-03 14:00:00,St. Mirren vs Aberdeen,Aberdeen,273,away,St. Mirren,496,0,501,23690,5,11,62.0,0,0,2
19415341,2025-05-11 11:00:00,Rangers vs Aberdeen,Aberdeen,273,away,Rangers,62,0,501,23690,5,2,30.0,0,0,3
19415342,2025-05-14 19:00:00,Aberdeen vs Celtic,Aberdeen,273,home,Celtic,53,0,501,23690,5,6,31.0,1,1,4
19415346,2025-05-17 11:30:00,Dundee United vs Aberdeen,Aberdeen,273,away,Dundee United,282,0,501,23690,5,13,65.0,1,0,2
19428044,2025-08-04 19:00:00,Hearts vs Aberdeen,Aberdeen,273,away,Hearts,314,0,501,25598,5,3,52.0,0,0,2
19428050,2025-08-10 11:30:00,Aberdeen vs Celtic,Aberdeen,273,home,Celtic,53,0,501,25598,5,1,29.0,0,0,2
19428057,2025-08-31 14:00:00,Aberdeen vs Falkirk,Aberdeen,273,home,Falkirk,770,0,501,25598,5,5,38.0,0,1,3
19428063,2025-09-13 14:00:00,Aberdeen vs Livingston,Aberdeen,273,home,Livingston,258,1,501,25598,5,6,57.0,0,0,4
19428052,2025-09-23 18:45:00,Dundee United vs Aberdeen,Aberdeen,273,away,Dundee United,282,0,501,25598,5,3,57.0,0,0,1
19428073,2025-09-27 16:45:00,Motherwell vs Aberdeen,Aberdeen,273,away,Motherwell,309,0,501,25598,5,4,37.0,0,0,3
19428075,2025-10-05 14:00:00,Aberdeen vs Dundee,Aberdeen,273,home,Dundee,284,2,501,25598,5,11,63.0,4,0,1
19428086,2025-10-18 14:00:00,St. Mirren vs Aberdeen,Aberdeen,273,away,St. Mirren,496,2,501,25598,5,2,51.0,1,0,4
19428087,2025-10-26 14:30:00,Aberdeen vs Hibernian,Aberdeen,273,home,Hibernian,66,0,501,25598,5,6,54.0,1,0,0
19428096,2025-10-29 19:45:00,Kilmarnock vs Aberdeen,Aberdeen,273,away,Kilmarnock,180,2,501,25598,5,2,43.0,1,0,6
19428105,2025-11-09 15:00:00,Aberdeen vs Motherwell,Aberdeen,273,home,Motherwell,309,1,501,25598,5,4,35.0,1,0,4
19428111,2025-11-23 15:00:00,Aberdeen vs Hearts,Aberdeen,273,home,Hearts,314,2,501,25598,5,6,40.0,1,0,3
19428120,2025-11-30 15:00:00,Livingston vs Aberdeen,Aberdeen,273,away,Livingston,258,2,501,25598,5,4,44.0,1,0,1
19428123,2025-12-03 19:45:00,Aberdeen vs St. Mirren,Aberdeen,273,home,St. Mirren,496,1,501,25598,5,8,67.0,3,0,0
19428130,2025-12-06 15:00:00,Dundee vs Aberdeen,Aberdeen,273,away,Dundee,284,2,501,25598,5,4,46.0,3,0,1
19428135,2025-12-14 15:00:00,Aberdeen vs Kilmarnock,Aberdeen,273,home,Kilmarnock,180,2,501,25598,5,9,68.0,2,0,2
19428141,2025-12-21 15:00:00,Celtic vs Aberdeen,Aberdeen,273,away,Celtic,53,0,501,25598,5,4,27.0,1,1,2
19428148,2025-12-27 17:45:00,Aberdeen vs Dundee United,Aberdeen,273,home,Dundee United,282,1,501,25598,5,9,72.0,1,0,2
19428155,2025-12-30 19:45:00,Hibernian vs Aberdeen,Aberdeen,273,away,Hibernian,66,0,501,25598,5,5,42.0,0,0,2
19428161,2026-01-03 15:00:00,Falkirk vs Aberdeen,Aberdeen,273,away,Falkirk,770,0,501,25598,5,4,44.0,0,0,4
19590624,2026-01-06 20:00:00,Rangers vs Aberdeen,Aberdeen,273,away,Rangers,62,0,501,25598,5,4,36.0,0,0,2
19428165,2026-01-11 16:30:00,Aberdeen vs Rangers,Aberdeen,273,home,Rangers,62,0,501,25598,5,6,52.0,0,0,2
19428171,2026-01-24 15:00:00,Aberdeen vs Livingston,Aberdeen,273,home,Livingston,258,2,501,25598,5,8,61.0,6,1,4
19428180,2026-01-31 15:00:00,Kilmarnock vs Aberdeen,Aberdeen,273,away,Kilmarnock,180,0,501,25598,5,3,45.0,0,1,3
19428199,2026-02-15 14:30:00,Motherwell vs Aberdeen,Aberdeen,273,away,Motherwell,309,0,501,25598,5,2,54.0,0,0,6
19428201,2026-02-21 15:00:00,Aberdeen vs Dundee,Aberdeen,273,home,Dundee,284,0,501,25598,5,2,53.0,2,1,3
19428190,2026-02-24 19:45:00,Dundee United vs Aberdeen,Aberdeen,273,away,Dundee United,282,1,501,25598,5,6,57.0,0,0,
19428209,2026-02-28 15:00:00,Hearts vs Aberdeen,Aberdeen,273,away,Hearts,314,0,501,25598,5,4,47.0,0,0,5
19428183,2026-03-04 20:00:00,Aberdeen vs Celtic,Aberdeen,273,home,Celtic,53,0,501,25598,5,6,38.0,1,0,2
19428213,2026-03-14 15:00:00,Aberdeen vs Falkirk,Aberdeen,273,home,Falkirk,770,1,501,25598,5,4,42.0,1,0,1
19428224,2026-03-21 17:45:00,Rangers vs Aberdeen,Aberdeen,273,away,Rangers,62,0,501,25598,5,4,38.0,1,0,4
19428230,2026-04-04 14:00:00,St. Mirren vs Aberdeen,Aberdeen,273,away,St. Mirren,496,0,501,25598,5,5,43.0,0,0,3
19428231,2026-04-11 14:00:00,Aberdeen vs Hibernian,Aberdeen,273,home,Hibernian,66,2,501,25598,5,3,52.0,2,0,2
19700231,2026-04-25 14:00:00,Aberdeen vs Kilmarnock,Aberdeen,273,home,Kilmarnock,180,2,501,25598,5,6,42.0,1,0,1
19700225,2026-05-01 18:45:00,Livingston vs Aberdeen,Aberdeen,273,away,Livingston,258,1,501,25598,5,3,50.0,2,0,1
19700218,2026-05-09 14:00:00,Aberdeen vs Dundee United,Aberdeen,273,home,Dundee United,282,2,501,25598,5,4,51.0,2,0,1
19700213,2026-05-12 18:45:00,Aberdeen vs St. Mirren,Aberdeen,273,home,St. Mirren,496,0,501,25598,5,6,58.0,0,0,1
19700204,2026-05-17 13:00:00,Dundee vs Aberdeen,Aberdeen,273,away,Dundee,284,0,501,25598,5,2,44.0,2,0,
378450,2017-01-25 19:45:00,Celtic vs St. Johnstone,Celtic,53,home,St. Johnstone,734,2,501,825,5,7,69.0,1,0,1
378889,2017-01-29 13:00:00,Celtic vs Hearts,Celtic,53,home,Hearts,314,2,501,825,5,10,66.0,4,0,0
378943,2017-02-01 19:45:00,Celtic vs Aberdeen,Celtic,53,home,Aberdeen,273,2,501,825,5,4,68.0,1,0,1
379017,2017-02-05 12:30:00,St. Johnstone vs Celtic,Celtic,53,away,St. Johnstone,734,2,501,825,5,6,66.0,5,0,0
379049,2017-02-18 15:00:00,Celtic vs Motherwell,Celtic,53,home,Motherwell,309,2,501,825,5,7,72.0,2,0,0
379114,2017-02-25 15:00:00,Celtic vs Hamilton Academical,Celtic,53,home,Hamilton Academical,338,2,501,825,5,4,70.0,2,0,0
379165,2017-03-01 19:45:00,Inverness CT vs Celtic,Celtic,53,away,Inverness CT,265,2,501,825,5,6,73.0,4,0,0
379264,2017-03-12 12:00:00,Celtic vs Rangers,Celtic,53,home,Rangers,62,1,501,825,5,3,59.0,1,0,2
379327,2017-03-19 12:30:00,Dundee vs Celtic,Celtic,53,away,Dundee,284,2,501,825,5,9,63.0,2,0,3
379388,2017-04-02 11:30:00,Hearts vs Celtic,Celtic,53,away,Hearts,314,2,501,825,5,2,54.0,5,0,3
379439,2017-04-05 18:45:00,Celtic vs Partick Thistle,Celtic,53,home,Partick Thistle,339,1,501,825,5,7,68.0,1,0,1
379469,2017-04-08 14:00:00,Celtic vs Kilmarnock,Celtic,53,home,Kilmarnock,180,2,501,825,5,5,73.0,3,0,2
379573,2017-04-16 11:30:00,Ross County vs Celtic,Celtic,53,away,Ross County,246,1,501,825,5,2,71.0,2,1,1
376662,2017-04-29 11:00:00,Rangers vs Celtic,Celtic,53,away,Rangers,62,2,501,825,5,5,59.0,5,0,2
376728,2017-05-06 14:00:00,Celtic vs St. Johnstone,Celtic,53,home,St. Johnstone,734,2,501,825,5,6,66.0,4,0,1
234027,2017-05-12 18:45:00,Aberdeen vs Celtic,Celtic,53,away,Aberdeen,273,2,501,825,5,4,41.0,3,0,1
234038,2017-05-18 18:45:00,Partick Thistle vs Celtic,Celtic,53,away,Partick Thistle,339,2,501,825,5,3,68.0,5,0,0
234042,2017-05-21 11:30:00,Celtic vs Hearts,Celtic,53,home,Hearts,314,2,501,825,5,3,59.0,2,0,0
1871764,2017-08-05 11:30:00,Celtic vs Hearts,Celtic,53,home,Hearts,314,2,501,7953,5,9,70.0,4,0,1
1871771,2017-08-11 18:45:00,Partick Thistle vs Celtic,Celtic,53,away,Partick Thistle,339,2,501,7953,5,11,69.0,1,0,1
1871777,2017-08-19 11:30:00,Kilmarnock vs Celtic,Celtic,53,away,Kilmarnock,180,2,501,7953,5,5,73.0,2,0,0
1871781,2017-08-26 14:00:00,Celtic vs St. Johnstone,Celtic,53,home,St. Johnstone,734,1,501,7953,5,12,71.0,1,0,2
1871787,2017-09-08 18:45:00,Hamilton Academical vs Celtic,Celtic,53,away,Hamilton Academical,338,2,501,7953,5,15,70.0,4,0,0
1871794,2017-09-16 14:00:00,Celtic vs Ross County,Celtic,53,home,Ross County,246,2,501,7953,5,7,72.0,4,0,0
1871802,2017-09-23 11:00:00,Rangers vs Celtic,Celtic,53,away,Rangers,62,2,501,7953,5,11,60.0,2,0,1
1871806,2017-09-30 14:00:00,Celtic vs Hibernian,Celtic,53,home,Hibernian,66,1,501,7953,5,3,61.0,2,0,3
1871811,2017-10-14 14:00:00,Celtic vs Dundee,Celtic,53,home,Dundee,284,2,501,7953,5,5,57.0,1,0,0
1871823,2017-10-25 18:45:00,Aberdeen vs Celtic,Celtic,53,away,Aberdeen,273,2,501,7953,5,4,66.0,3,0,0
1871830,2017-10-28 14:00:00,Celtic vs Kilmarnock,Celtic,53,home,Kilmarnock,180,1,501,7953,5,9,74.0,1,0,2
1871840,2017-11-04 12:30:00,St. Johnstone vs Celtic,Celtic,53,away,St. Johnstone,734,2,501,7953,5,3,71.0,4,0,0
1871846,2017-11-18 12:30:00,Ross County vs Celtic,Celtic,53,away,Ross County,246,2,501,7953,5,11,68.0,1,0,2
1871819,2017-11-29 19:45:00,Motherwell vs Celtic,Celtic,53,away,Motherwell,309,1,501,7953,5,7,66.0,1,0,1
1871854,2017-12-02 15:00:00,Celtic vs Motherwell,Celtic,53,home,Motherwell,309,2,501,7953,5,9,,5,0,1
1871861,2017-12-10 12:30:00,Hibernian vs Celtic,Celtic,53,away,Hibernian,66,1,501,7953,5,2,61.0,2,0,2
1871865,2017-12-13 19:45:00,Celtic vs Hamilton Academical,Celtic,53,home,Hamilton Academical,338,2,501,7953,5,11,74.0,3,0,1
1871874,2017-12-17 12:30:00,Hearts vs Celtic,Celtic,53,away,Hearts,314,0,501,7953,5,5,53.0,0,0,1
1871847,2017-12-20 19:45:00,Celtic vs Partick Thistle,Celtic,53,home,Partick Thistle,339,2,501,7953,5,5,71.0,2,0,0
1871877,2017-12-23 15:00:00,Celtic vs Aberdeen,Celtic,53,home,Aberdeen,273,2,501,7953,5,7,56.0,3,0,1
1871884,2017-12-26 12:30:00,Dundee vs Celtic,Celtic,53,away,Dundee,284,2,501,7953,5,5,57.0,2,0,2
1871890,2017-12-30 12:00:00,Celtic vs Rangers,Celtic,53,home,Rangers,62,1,501,7953,5,7,56.0,0,0,3
1871899,2018-01-23 19:45:00,Partick Thistle vs Celtic,Celtic,53,away,Partick Thistle,339,2,501,7953,5,7,73.0,2,0,1
1871902,2018-01-27 15:00:00,Celtic vs Hibernian,Celtic,53,home,Hibernian,66,2,501,7953,5,1,49.0,1,0,1
1871907,2018-01-30 19:45:00,Celtic vs Hearts,Celtic,53,home,Hearts,314,2,501,7953,5,6,64.0,3,0,2
1871916,2018-02-03 12:30:00,Kilmarnock vs Celtic,Celtic,53,away,Kilmarnock,180,0,501,7953,5,2,72.0,0,0,3
1871919,2018-02-18 15:00:00,Celtic vs St. Johnstone,Celtic,53,home,St. Johnstone,734,1,501,7953,5,5,63.0,0,0,0
1871925,2018-02-25 13:30:00,Aberdeen vs Celtic,Celtic,53,away,Aberdeen,273,2,501,7953,5,5,55.0,2,1,2
1871942,2018-03-11 12:00:00,Rangers vs Celtic,Celtic,53,away,Rangers,62,2,501,7953,5,9,48.0,3,1,3
1871945,2018-03-18 14:15:00,Motherwell vs Celtic,Celtic,53,away,Motherwell,309,1,501,7953,5,11,69.0,0,0,1
1871950,2018-03-31 14:00:00,Celtic vs Ross County,Celtic,53,home,Ross County,246,2,501,7953,5,7,64.0,3,0,0
1871931,2018-04-04 18:45:00,Celtic vs Dundee,Celtic,53,home,Dundee,284,1,501,7953,5,11,58.0,0,0,1
1871955,2018-04-08 11:30:00,Hamilton Academical vs Celtic,Celtic,53,away,Hamilton Academical,338,2,501,7953,5,7,79.0,2,0,0
10320695,2018-04-21 11:30:00,Hibernian vs Celtic,Celtic,53,away,Hibernian,66,0,501,7953,5,3,58.0,1,0,2
10320706,2018-04-29 11:00:00,Celtic vs Rangers,Celtic,53,home,Rangers,62,2,501,7953,5,8,57.0,5,0,1
10320712,2018-05-06 11:15:00,Hearts vs Celtic,Celtic,53,away,Hearts,314,2,501,7953,5,3,49.0,3,0,1
10320717,2018-05-09 18:45:00,Celtic vs Kilmarnock,Celtic,53,home,Kilmarnock,180,1,501,7953,5,10,75.0,0,0,0
10320722,2018-05-13 11:30:00,Celtic vs Aberdeen,Celtic,53,home,Aberdeen,273,0,501,7953,5,8,70.0,0,0,3
10333191,2018-08-04 14:00:00,Celtic vs Livingston,Celtic,53,home,Livingston,258,2,501,12963,5,12,61.0,3,0,1
10333197,2018-08-11 11:30:00,Hearts vs Celtic,Celtic,53,away,Hearts,314,0,501,12963,5,4,62.0,0,0,2
10333204,2018-08-26 14:00:00,Celtic vs Hamilton Academical,Celtic,53,home,Hamilton Academical,338,2,501,12963,5,9,67.0,1,0,0
10333208,2018-09-02 11:00:00,Celtic vs Rangers,Celtic,53,home,Rangers,62,2,501,12963,5,14,57.0,1,0,2
10333216,2018-09-14 18:45:00,St. Mirren vs Celtic,Celtic,53,away,St. Mirren,496,1,501,12963,5,5,60.0,0,1,3
10333221,2018-09-23 11:30:00,Kilmarnock vs Celtic,Celtic,53,away,Kilmarnock,180,0,501,12963,5,9,58.0,1,0,2
10333223,2018-09-29 14:00:00,Celtic vs Aberdeen,Celtic,53,home,Aberdeen,273,2,501,12963,5,3,60.0,1,0,0
10333229,2018-10-07 14:30:00,St. Johnstone vs Celtic,Celtic,53,away,St. Johnstone,734,2,501,12963,5,12,66.0,6,0,0
10333235,2018-10-20 14:00:00,Celtic vs Hibernian,Celtic,53,home,Hibernian,66,2,501,12963,5,5,51.0,4,0,1
10333252,2018-10-31 19:45:00,Dundee vs Celtic,Celtic,53,away,Dundee,284,2,501,12963,5,7,75.0,5,0,1
10333253,2018-11-03 15:00:00,Celtic vs Hearts,Celtic,53,home,Hearts,314,2,501,12963,5,6,56.0,5,0,0
10333259,2018-11-11 12:00:00,Livingston vs Celtic,Celtic,53,away,Livingston,258,1,501,12963,5,9,58.0,0,0,0
10333266,2018-11-24 12:30:00,Hamilton Academical vs Celtic,Celtic,53,away,Hamilton Academical,338,2,501,12963,5,6,72.0,3,0,0
10333280,2018-12-05 19:45:00,Motherwell vs Celtic,Celtic,53,away,Motherwell,309,1,501,12963,5,4,63.0,1,0,0
10333285,2018-12-08 15:00:00,Celtic vs Kilmarnock,Celtic,53,home,Kilmarnock,180,2,501,12963,5,5,59.0,5,0,2
10333292,2018-12-16 12:30:00,Hibernian vs Celtic,Celtic,53,away,Hibernian,66,0,501,12963,5,8,57.0,0,0,2
10333245,2018-12-19 19:45:00,Celtic vs Motherwell,Celtic,53,home,Motherwell,309,2,501,12963,5,5,60.0,3,0,0
10333295,2018-12-22 15:00:00,Celtic vs Dundee,Celtic,53,home,Dundee,284,2,501,12963,5,10,63.0,3,0,0
10333302,2018-12-26 14:00:00,Aberdeen vs Celtic,Celtic,53,away,Aberdeen,273,2,501,12963,5,3,67.0,4,0,1
10333307,2018-12-29 12:30:00,Rangers vs Celtic,Celtic,53,away,Rangers,62,0,501,12963,5,4,47.0,0,0,3
10333315,2019-01-23 19:45:00,Celtic vs St. Mirren,Celtic,53,home,St. Mirren,496,2,501,12963,5,8,70.0,4,0,1
10333322,2019-01-26 15:00:00,Celtic vs Hamilton Academical,Celtic,53,home,Hamilton Academical,338,2,501,12963,5,13,71.0,3,0,0
10333275,2019-01-30 19:45:00,Celtic vs St. Johnstone,Celtic,53,home,St. Johnstone,734,2,501,12963,5,9,70.0,2,0,1
10333330,2019-02-03 12:30:00,St. Johnstone vs Celtic,Celtic,53,away,St. Johnstone,734,2,501,12963,5,7,65.0,2,1,1
10333335,2019-02-06 19:45:00,Celtic vs Hibernian,Celtic,53,home,Hibernian,66,2,501,12963,5,4,59.0,2,0,1
10333339,2019-02-17 16:00:00,Kilmarnock vs Celtic,Celtic,53,away,Kilmarnock,180,2,501,12963,5,3,59.0,1,1,1
10333348,2019-02-24 15:00:00,Celtic vs Motherwell,Celtic,53,home,Motherwell,309,2,501,12963,5,5,55.0,4,0,4
10333354,2019-02-27 19:45:00,Hearts vs Celtic,Celtic,53,away,Hearts,314,2,501,12963,5,5,62.0,2,0,2
10333357,2019-03-09 15:00:00,Celtic vs Aberdeen,Celtic,53,home,Aberdeen,273,1,501,12963,5,11,61.0,0,0,1
10333364,2019-03-17 12:30:00,Dundee vs Celtic,Celtic,53,away,Dundee,284,2,501,12963,5,12,63.0,1,0,0
10333369,2019-03-31 11:00:00,Celtic vs Rangers,Celtic,53,home,Rangers,62,2,501,12963,5,10,59.0,2,0,3
10333376,2019-04-03 18:45:00,St. Mirren vs Celtic,Celtic,53,away,St. Mirren,496,2,501,12963,5,2,63.0,2,0,2
10333379,2019-04-06 14:00:00,Celtic vs Livingston,Celtic,53,home,Livingston,258,1,501,12963,5,8,67.0,0,0,0
11853597,2019-04-21 11:30:00,Hibernian vs Celtic,Celtic,53,away,Hibernian,66,1,501,12963,5,9,51.0,0,0,0
11853598,2019-04-27 11:30:00,Celtic vs Kilmarnock,Celtic,53,home,Kilmarnock,180,2,501,12963,5,6,58.0,1,0,2
11853601,2019-05-04 11:30:00,Aberdeen vs Celtic,Celtic,53,away,Aberdeen,273,2,501,12963,5,10,57.0,3,0,3
11853606,2019-05-12 11:00:00,Rangers vs Celtic,Celtic,53,away,Rangers,62,0,501,12963,5,3,59.0,0,0,2
11853607,2019-05-19 14:00:00,Celtic vs Hearts,Celtic,53,home,Hearts,314,2,501,12963,5,9,58.0,2,0,1
11879545,2019-08-03 14:00:00,Celtic vs St. Johnstone,Celtic,53,home,St. Johnstone,734,2,501,16222,5,8,78.0,7,0,0
11879552,2019-08-10 11:00:00,Motherwell vs Celtic,Celtic,53,away,Motherwell,309,2,501,16222,5,5,53.0,5,0,0
11879556,2019-08-25 14:00:00,Celtic vs Hearts,Celtic,53,home,Hearts,314,2,501,16222,5,7,,3,0,1
11879566,2019-09-01 11:00:00,Rangers vs Celtic,Celtic,53,away,Rangers,62,2,501,16222,5,5,41.0,2,0,1
11879569,2019-09-14 11:00:00,Hamilton Academical vs Celtic,Celtic,53,away,Hamilton Academical,338,2,501,16222,5,4,75.0,1,0,0
11879574,2019-09-22 12:00:00,Celtic vs Kilmarnock,Celtic,53,home,Kilmarnock,180,2,501,16222,5,5,,3,0,1
11879581,2019-09-28 11:30:00,Hibernian vs Celtic,Celtic,53,away,Hibernian,66,1,501,16222,5,4,62.0,1,0,5
11879588,2019-10-06 11:00:00,Livingston vs Celtic,Celtic,53,away,Livingston,258,0,501,16222,5,7,61.0,0,1,2
11879592,2019-10-19 14:00:00,Celtic vs Ross County,Celtic,53,home,Ross County,246,2,501,16222,5,11,61.0,6,0,0
11879598,2019-10-27 12:15:00,Aberdeen vs Celtic,Celtic,53,away,Aberdeen,273,2,501,16222,5,8,71.0,4,0,0
11879604,2019-10-30 19:45:00,Celtic vs St. Mirren,Celtic,53,home,St. Mirren,496,2,501,16222,5,4,72.0,2,0,0
11879616,2019-11-10 15:00:00,Celtic vs Motherwell,Celtic,53,home,Motherwell,309,2,501,16222,5,8,65.0,2,0,0
11879622,2019-11-23 15:00:00,Celtic vs Livingston,Celtic,53,home,Livingston,258,2,501,16222,5,9,66.0,4,0,1
11879633,2019-12-01 12:00:00,Ross County vs Celtic,Celtic,53,away,Ross County,246,2,501,16222,5,11,74.0,4,0,2
11879635,2019-12-04 19:45:00,Celtic vs Hamilton Academical,Celtic,53,home,Hamilton Academical,338,2,501,16222,5,7,72.0,2,0,0
11879647,2019-12-15 15:00:00,Celtic vs Hibernian,Celtic,53,home,Hibernian,66,2,501,16222,5,5,67.0,2,0,1
11879612,2019-12-18 19:45:00,Hearts vs Celtic,Celtic,53,away,Hearts,314,2,501,16222,5,7,46.0,2,0,2
11879652,2019-12-21 15:00:00,Celtic vs Aberdeen,Celtic,53,home,Aberdeen,273,2,501,16222,5,6,71.0,2,0,2
11879663,2019-12-26 15:00:00,St. Mirren vs Celtic,Celtic,53,away,St. Mirren,496,2,501,16222,5,10,62.0,2,0,1
11879664,2019-12-29 12:30:00,Celtic vs Rangers,Celtic,53,home,Rangers,62,0,501,16222,5,11,59.0,1,0,3
11879672,2020-01-22 19:45:00,Kilmarnock vs Celtic,Celtic,53,away,Kilmarnock,180,2,501,16222,5,8,57.0,3,0,2
11879676,2020-01-25 15:00:00,Celtic vs Ross County,Celtic,53,home,Ross County,246,2,501,16222,5,14,69.0,3,0,1
11879645,2020-01-29 19:45:00,St. Johnstone vs Celtic,Celtic,53,away,St. Johnstone,734,2,501,16222,5,3,73.0,3,0,0
11879682,2020-02-02 12:30:00,Hamilton Academical vs Celtic,Celtic,53,away,Hamilton Academical,338,2,501,16222,5,15,78.0,4,0,2
11879690,2020-02-05 19:45:00,Motherwell vs Celtic,Celtic,53,away,Motherwell,309,2,501,16222,5,2,59.0,4,0,0
11879694,2020-02-12 19:45:00,Celtic vs Hearts,Celtic,53,home,Hearts,314,2,501,16222,5,10,57.0,5,0,1
11879700,2020-02-16 12:00:00,Aberdeen vs Celtic,Celtic,53,away,Aberdeen,273,2,501,16222,5,3,55.0,2,0,2
11879707,2020-02-23 15:00:00,Celtic vs Kilmarnock,Celtic,53,home,Kilmarnock,180,2,501,16222,5,7,75.0,3,0,1
11879714,2020-03-04 19:45:00,Livingston vs Celtic,Celtic,53,away,Livingston,258,1,501,16222,5,7,74.0,2,0,1
11879719,2020-03-07 15:00:00,Celtic vs St. Mirren,Celtic,53,home,St. Mirren,496,2,501,16222,5,10,62.0,5,0,1
16475287,2020-08-02 15:30:00,Celtic vs Hamilton Academical,Celtic,53,home,Hamilton Academical,338,2,501,17141,5,11,80.0,5,0,1
16475294,2020-08-09 15:30:00,Kilmarnock vs Celtic,Celtic,53,away,Kilmarnock,180,1,501,17141,5,2,70.0,1,0,1
16475311,2020-08-22 16:30:00,Dundee United vs Celtic,Celtic,53,away,Dundee United,282,2,501,17141,5,10,65.0,1,0,2
16475313,2020-08-30 14:00:00,Celtic vs Motherwell,Celtic,53,home,Motherwell,309,2,501,17141,5,7,66.0,3,0,1
16475323,2020-09-12 14:00:00,Ross County vs Celtic,Celtic,53,away,Ross County,246,2,501,17141,5,7,57.0,5,0,1
16475296,2020-09-16 18:45:00,St. Mirren vs Celtic,Celtic,53,away,St. Mirren,496,2,501,17141,5,3,77.0,2,0,1
16475325,2020-09-19 14:00:00,Celtic vs Livingston,Celtic,53,home,Livingston,258,2,501,17141,5,3,71.0,3,0,1
16475332,2020-09-27 14:00:00,Celtic vs Hibernian,Celtic,53,home,Hibernian,66,2,501,17141,5,6,64.0,3,0,0
16475342,2020-10-04 11:00:00,St. Johnstone vs Celtic,Celtic,53,away,St. Johnstone,734,2,501,17141,5,11,69.0,2,0,2
16475344,2020-10-17 11:30:00,Celtic vs Rangers,Celtic,53,home,Rangers,62,0,501,17141,5,1,56.0,0,0,2
16475350,2020-10-25 12:00:00,Aberdeen vs Celtic,Celtic,53,away,Aberdeen,273,1,501,17141,5,5,62.0,3,0,1
16475361,2020-11-08 12:00:00,Motherwell vs Celtic,Celtic,53,away,Motherwell,309,2,501,17141,5,5,64.0,4,0,0
16475367,2020-11-21 15:00:00,Hibernian vs Celtic,Celtic,53,away,Hibernian,66,1,501,17141,5,8,70.0,2,0,0
16475374,2020-12-06 15:00:00,Celtic vs St. Johnstone,Celtic,53,home,St. Johnstone,734,1,501,17141,5,8,68.0,1,0,1
16475379,2020-12-13 15:00:00,Celtic vs Kilmarnock,Celtic,53,home,Kilmarnock,180,2,501,17141,5,10,63.0,2,0,0
16475392,2020-12-23 18:00:00,Celtic vs Ross County,Celtic,53,home,Ross County,246,2,501,17141,5,10,67.0,2,0,0
16475399,2020-12-26 15:00:00,Hamilton Academical vs Celtic,Celtic,53,away,Hamilton Academical,338,2,501,17141,5,7,74.0,3,0,1
16475404,2020-12-30 15:00:00,Celtic vs Dundee United,Celtic,53,home,Dundee United,282,2,501,17141,5,5,73.0,3,0,0
16475413,2021-01-02 12:30:00,Rangers vs Celtic,Celtic,53,away,Rangers,62,0,501,17141,5,6,49.0,0,1,3
16475415,2021-01-11 19:45:00,Celtic vs Hibernian,Celtic,53,home,Hibernian,66,1,501,17141,5,3,58.0,1,0,1
16475422,2021-01-16 15:00:00,Celtic vs Livingston,Celtic,53,home,Livingston,258,1,501,17141,5,2,57.0,0,0,1
16475387,2021-01-20 20:15:00,Livingston vs Celtic,Celtic,53,away,Livingston,258,1,501,17141,5,7,70.0,2,1,0
16475434,2021-01-27 19:45:00,Celtic vs Hamilton Academical,Celtic,53,home,Hamilton Academical,338,2,501,17141,5,6,67.0,2,0,0
16475356,2021-01-30 15:00:00,Celtic vs St. Mirren,Celtic,53,home,St. Mirren,496,0,501,17141,5,4,63.0,1,0,0
16475441,2021-02-02 19:45:00,Kilmarnock vs Celtic,Celtic,53,away,Kilmarnock,180,2,501,17141,5,4,63.0,4,0,0
16475446,2021-02-06 15:00:00,Celtic vs Motherwell,Celtic,53,home,Motherwell,309,2,501,17141,5,5,60.0,2,0,0
16475432,2021-02-10 20:00:00,St. Mirren vs Celtic,Celtic,53,away,St. Mirren,496,2,501,17141,5,3,61.0,4,0,1
16475456,2021-02-14 12:00:00,St. Johnstone vs Celtic,Celtic,53,away,St. Johnstone,734,2,501,17141,5,9,63.0,2,0,2
16475301,2021-02-17 18:00:00,Celtic vs Aberdeen,Celtic,53,home,Aberdeen,273,2,501,17141,5,4,61.0,1,0,0
16475479,2021-02-21 19:30:00,Ross County vs Celtic,Celtic,53,away,Ross County,246,0,501,17141,5,9,70.0,0,0,0
16475458,2021-02-27 15:00:00,Celtic vs Aberdeen,Celtic,53,home,Aberdeen,273,2,501,17141,5,7,64.0,1,0,0
16475463,2021-03-07 12:00:00,Dundee United vs Celtic,Celtic,53,away,Dundee United,282,1,501,17141,5,9,65.0,0,0,2
16475470,2021-03-21 12:00:00,Celtic vs Rangers,Celtic,53,home,Rangers,62,1,501,17141,5,10,56.0,1,0,3
17947849,2021-04-10 14:00:00,Celtic vs Livingston,Celtic,53,home,Livingston,258,2,501,17141,5,6,59.0,6,0,0
17947852,2021-04-21 18:45:00,Aberdeen vs Celtic,Celtic,53,away,Aberdeen,273,1,501,17141,5,10,72.0,1,0,1
17947857,2021-05-02 11:00:00,Rangers vs Celtic,Celtic,53,away,Rangers,62,0,501,17141,5,9,39.0,1,1,3
17947859,2021-05-12 17:30:00,Celtic vs St. Johnstone,Celtic,53,home,St. Johnstone,734,2,501,17141,5,5,71.0,4,0,0
17947861,2021-05-15 11:30:00,Hibernian vs Celtic,Celtic,53,away,Hibernian,66,1,501,17141,5,6,65.0,0,0,2
18136885,2021-07-31 19:00:00,Hearts vs Celtic,Celtic,53,away,Hearts,314,0,501,18369,5,5,63.0,1,0,0
18136888,2021-08-08 14:00:00,Celtic vs Dundee,Celtic,53,home,Dundee,284,2,501,18369,5,11,71.0,6,0,0
18136894,2021-08-21 14:00:00,Celtic vs St. Mirren,Celtic,53,home,St. Mirren,496,2,501,18369,5,15,74.0,6,0,1
18136904,2021-08-29 11:00:00,Rangers vs Celtic,Celtic,53,away,Rangers,62,0,501,18369,5,4,63.0,0,0,2
18136906,2021-09-11 14:00:00,Celtic vs Ross County,Celtic,53,home,Ross County,246,2,501,18369,5,7,77.0,3,0,0
18136915,2021-09-19 14:00:00,Livingston vs Celtic,Celtic,53,away,Livingston,258,0,501,18369,5,10,73.0,0,0,2
18136918,2021-09-26 14:00:00,Celtic vs Dundee United,Celtic,53,home,Dundee United,282,1,501,18369,5,9,63.0,1,0,0
18136924,2021-10-03 11:00:00,Aberdeen vs Celtic,Celtic,53,away,Aberdeen,273,2,501,18369,5,8,61.0,2,0,3
18136932,2021-10-16 14:00:00,Motherwell vs Celtic,Celtic,53,away,Motherwell,309,2,501,18369,5,8,74.0,2,0,1
18136937,2021-10-23 14:00:00,Celtic vs St. Johnstone,Celtic,53,home,St. Johnstone,734,2,501,18369,5,7,79.0,2,0,1
18136943,2021-10-27 18:45:00,Hibernian vs Celtic,Celtic,53,away,Hibernian,66,2,501,18369,5,8,57.0,3,0,1
18136949,2021-10-30 14:00:00,Celtic vs Livingston,Celtic,53,home,Livingston,258,1,501,18369,5,6,85.0,0,0,0
18136955,2021-11-07 12:00:00,Dundee vs Celtic,Celtic,53,away,Dundee,284,2,501,18369,5,13,81.0,4,0,2
18136966,2021-11-28 15:00:00,Celtic vs Aberdeen,Celtic,53,home,Aberdeen,273,2,501,18369,5,14,61.0,2,0,2
18136973,2021-12-02 19:45:00,Celtic vs Hearts,Celtic,53,home,Hearts,314,2,501,18369,5,13,64.0,1,0,1
18136979,2021-12-05 12:00:00,Dundee United vs Celtic,Celtic,53,away,Dundee United,282,2,501,18369,5,12,71.0,3,0,1
18136984,2021-12-12 15:00:00,Celtic vs Motherwell,Celtic,53,home,Motherwell,309,2,501,18369,5,10,71.0,1,0,0
18136964,2021-12-15 19:45:00,Ross County vs Celtic,Celtic,53,away,Ross County,246,2,501,18369,5,7,75.0,2,1,3
18136995,2021-12-22 19:45:00,St. Mirren vs Celtic,Celtic,53,away,St. Mirren,496,1,501,18369,5,16,83.0,0,0,2
18137001,2021-12-26 12:30:00,St. Johnstone vs Celtic,Celtic,53,away,St. Johnstone,734,2,501,18369,5,9,72.0,3,0,1
18137003,2022-01-17 19:45:00,Celtic vs Hibernian,Celtic,53,home,Hibernian,66,2,501,18369,5,8,47.0,2,0,1
18137015,2022-01-26 19:45:00,Hearts vs Celtic,Celtic,53,away,Hearts,314,2,501,18369,5,10,57.0,2,0,3
18137021,2022-01-29 15:00:00,Celtic vs Dundee United,Celtic,53,home,Dundee United,282,2,501,18369,5,14,75.0,1,1,2
18137008,2022-02-02 19:45:00,Celtic vs Rangers,Celtic,53,home,Rangers,62,2,501,18369,5,10,46.0,3,0,2
18137029,2022-02-06 13:30:00,Motherwell vs Celtic,Celtic,53,away,Motherwell,309,2,501,18369,5,10,70.0,4,0,1
18137032,2022-02-09 19:45:00,Aberdeen vs Celtic,Celtic,53,away,Aberdeen,273,2,501,18369,5,3,56.0,3,0,1
18137038,2022-02-20 15:00:00,Celtic vs Dundee,Celtic,53,home,Dundee,284,2,501,18369,5,11,81.0,3,0,1
18137046,2022-02-27 12:00:00,Hibernian vs Celtic,Celtic,53,away,Hibernian,66,1,501,18369,5,8,61.0,0,0,2
18137050,2022-03-02 19:45:00,Celtic vs St. Mirren,Celtic,53,home,St. Mirren,496,2,501,18369,5,9,76.0,2,0,2
18137058,2022-03-06 12:00:00,Livingston vs Celtic,Celtic,53,away,Livingston,258,2,501,18369,5,8,72.0,3,0,1
18137063,2022-03-19 15:00:00,Celtic vs Ross County,Celtic,53,home,Ross County,246,2,501,18369,5,16,81.0,4,0,0
18137071,2022-04-03 11:00:00,Rangers vs Celtic,Celtic,53,away,Rangers,62,2,501,18369,5,4,44.0,2,0,4
18137075,2022-04-09 14:00:00,Celtic vs St. Johnstone,Celtic,53,home,St. Johnstone,734,2,501,18369,5,7,81.0,7,0,0
18517996,2022-04-24 13:30:00,Ross County vs Celtic,Celtic,53,away,Ross County,246,2,501,18369,5,11,69.0,2,0,0
18518000,2022-05-01 11:00:00,Celtic vs Rangers,Celtic,53,home,Rangers,62,1,501,18369,5,2,53.0,1,0,3
18518001,2022-05-07 11:00:00,Celtic vs Hearts,Celtic,53,home,Hearts,314,2,501,18369,5,3,64.0,4,0,0
18518004,2022-05-11 18:30:00,Dundee United vs Celtic,Celtic,53,away,Dundee United,282,1,501,18369,5,9,71.0,1,0,1
18518007,2022-05-14 11:15:00,Celtic vs Motherwell,Celtic,53,home,Motherwell,309,2,501,18369,5,15,70.0,6,0,0
18535492,2022-07-31 15:30:00,Celtic vs Aberdeen,Celtic,53,home,Aberdeen,273,2,501,19735,5,9,68.0,2,0,1
18535498,2022-08-06 14:00:00,Ross County vs Celtic,Celtic,53,away,Ross County,246,2,501,19735,5,12,77.0,3,0,2
18535501,2022-08-14 11:00:00,Kilmarnock vs Celtic,Celtic,53,away,Kilmarnock,180,2,501,19735,5,8,73.0,5,0,2
18535505,2022-08-21 14:00:00,Celtic vs Hearts,Celtic,53,home,Hearts,314,2,501,19735,5,4,69.0,2,0,0
18535512,2022-08-28 11:00:00,Dundee United vs Celtic,Celtic,53,away,Dundee United,282,2,501,19735,5,11,75.0,9,0,0
18535517,2022-09-03 11:30:00,Celtic vs Rangers,Celtic,53,home,Rangers,62,2,501,19735,5,3,45.0,4,0,3
18535534,2022-09-18 11:00:00,St. Mirren vs Celtic,Celtic,53,away,St. Mirren,496,0,501,19735,5,7,79.0,0,0,2
18535536,2022-10-01 14:00:00,Celtic vs Motherwell,Celtic,53,home,Motherwell,309,2,501,19735,5,7,73.0,2,1,1
18535546,2022-10-08 11:30:00,St. Johnstone vs Celtic,Celtic,53,away,St. Johnstone,734,2,501,19735,5,8,74.0,2,0,3
18535548,2022-10-15 14:00:00,Celtic vs Hibernian,Celtic,53,home,Hibernian,66,2,501,19735,5,7,57.0,6,0,1
18535553,2022-10-22 11:30:00,Hearts vs Celtic,Celtic,53,away,Hearts,314,2,501,19735,5,6,63.0,4,0,1
18535561,2022-10-30 12:00:00,Livingston vs Celtic,Celtic,53,away,Livingston,258,2,501,19735,5,4,76.0,3,0,3
18535566,2022-11-05 15:00:00,Celtic vs Dundee United,Celtic,53,home,Dundee United,282,2,501,19735,5,11,75.0,4,0,1
18535574,2022-11-09 19:45:00,Motherwell vs Celtic,Celtic,53,away,Motherwell,309,2,501,19735,5,10,71.0,2,0,1
18535578,2022-11-12 15:00:00,Celtic vs Ross County,Celtic,53,home,Ross County,246,2,501,19735,5,8,73.0,2,0,1
18535583,2022-12-17 12:30:00,Aberdeen vs Celtic,Celtic,53,away,Aberdeen,273,2,501,19735,5,7,81.0,1,0,0
18535524,2022-12-21 19:45:00,Celtic vs Livingston,Celtic,53,home,Livingston,258,2,501,19735,5,10,77.0,2,0,2
18535589,2022-12-24 12:30:00,Celtic vs St. Johnstone,Celtic,53,home,St. Johnstone,734,2,501,19735,5,9,76.0,4,1,2
18535596,2022-12-28 20:00:00,Hibernian vs Celtic,Celtic,53,away,Hibernian,66,2,501,19735,5,13,70.0,4,0,0
18535605,2023-01-02 12:30:00,Rangers vs Celtic,Celtic,53,away,Rangers,62,1,501,19735,5,4,60.0,2,0,1
18537946,2023-01-07 15:00:00,Celtic vs Kilmarnock,Celtic,53,home,Kilmarnock,180,2,501,19735,5,4,79.0,2,0,0
18537951,2023-01-18 19:45:00,Celtic vs St. Mirren,Celtic,53,home,St. Mirren,496,2,501,19735,5,8,76.0,4,0,0
18537957,2023-01-29 16:00:00,Dundee United vs Celtic,Celtic,53,away,Dundee United,282,2,501,19735,5,3,73.0,2,0,0
18537964,2023-02-01 19:45:00,Celtic vs Livingston,Celtic,53,home,Livingston,258,2,501,19735,5,8,81.0,3,0,1
18537973,2023-02-05 12:00:00,St. Johnstone vs Celtic,Celtic,53,away,St. Johnstone,734,2,501,19735,5,4,71.0,4,0,2
18537975,2023-02-18 15:00:00,Celtic vs Aberdeen,Celtic,53,home,Aberdeen,273,2,501,19735,5,8,78.0,4,0,0
18537992,2023-03-05 12:00:00,St. Mirren vs Celtic,Celtic,53,away,St. Mirren,496,2,501,19735,5,6,83.0,5,0,0
18537982,2023-03-08 19:45:00,Celtic vs Hearts,Celtic,53,home,Hearts,314,2,501,19735,5,7,70.0,3,0,0
18537994,2023-03-18 15:00:00,Celtic vs Hibernian,Celtic,53,home,Hibernian,66,2,501,19735,5,15,79.0,3,0,1
18538002,2023-04-02 11:00:00,Ross County vs Celtic,Celtic,53,away,Ross County,246,2,501,19735,5,9,75.0,2,0,0
18538006,2023-04-08 11:30:00,Celtic vs Rangers,Celtic,53,home,Rangers,62,2,501,19735,5,4,54.0,3,0,4
18538012,2023-04-16 11:00:00,Kilmarnock vs Celtic,Celtic,53,away,Kilmarnock,180,2,501,19735,5,5,77.0,4,0,2
18538018,2023-04-22 14:00:00,Celtic vs Motherwell,Celtic,53,home,Motherwell,309,1,501,19735,5,13,78.0,1,0,1
18825709,2023-05-07 13:15:00,Hearts vs Celtic,Celtic,53,away,Hearts,314,2,501,19735,5,5,71.0,2,0,1
18825746,2023-05-13 11:30:00,Rangers vs Celtic,Celtic,53,away,Rangers,62,0,501,19735,5,5,68.0,0,0,1
18825749,2023-05-20 14:00:00,Celtic vs St. Mirren,Celtic,53,home,St. Mirren,496,1,501,19735,5,14,77.0,2,0,0
18825753,2023-05-24 18:45:00,Hibernian vs Celtic,Celtic,53,away,Hibernian,66,0,501,19735,5,10,69.0,2,1,2
18825755,2023-05-27 11:30:00,Celtic vs Aberdeen,Celtic,53,home,Aberdeen,273,2,501,19735,5,10,76.0,5,0,1
18861937,2023-08-05 11:30:00,Celtic vs Ross County,Celtic,53,home,Ross County,246,2,501,21787,5,4,75.0,4,0,0
18861943,2023-08-13 11:00:00,Aberdeen vs Celtic,Celtic,53,away,Aberdeen,273,2,501,21787,5,9,67.0,3,0,2
18861949,2023-08-26 14:00:00,Celtic vs St. Johnstone,Celtic,53,home,St. Johnstone,734,1,501,21787,5,19,75.0,0,0,1
18861960,2023-09-03 11:00:00,Rangers vs Celtic,Celtic,53,away,Rangers,62,2,501,21787,5,2,50.0,1,0,1
18861961,2023-09-16 14:00:00,Celtic vs Dundee,Celtic,53,home,Dundee,284,2,501,21787,5,9,74.0,3,0,0
18861970,2023-09-23 11:30:00,Livingston vs Celtic,Celtic,53,away,Livingston,258,2,501,21787,5,4,54.0,3,1,2
18861975,2023-09-30 11:30:00,Motherwell vs Celtic,Celtic,53,away,Motherwell,309,2,501,21787,5,6,70.0,2,0,1
18861980,2023-10-07 14:00:00,Celtic vs Kilmarnock,Celtic,53,home,Kilmarnock,180,2,501,21787,5,11,77.0,3,0,2
18861986,2023-10-22 13:15:00,Hearts vs Celtic,Celtic,53,away,Hearts,314,2,501,21787,5,5,58.0,4,0,1
18861991,2023-10-28 14:00:00,Hibernian vs Celtic,Celtic,53,away,Hibernian,66,1,501,21787,5,6,71.0,0,0,2
18862853,2023-11-01 19:45:00,Celtic vs St. Mirren,Celtic,53,home,St. Mirren,496,2,501,21787,5,12,75.0,2,0,2
18862001,2023-11-04 12:30:00,Ross County vs Celtic,Celtic,53,away,Ross County,246,2,501,21787,5,13,78.0,3,0,1
18862003,2023-11-12 14:30:00,Celtic vs Aberdeen,Celtic,53,home,Aberdeen,273,2,501,21787,5,11,78.0,6,0,0
18862010,2023-11-25 15:00:00,Celtic vs Motherwell,Celtic,53,home,Motherwell,309,1,501,21787,5,13,81.0,1,0,1
18862020,2023-12-03 12:00:00,St. Johnstone vs Celtic,Celtic,53,away,St. Johnstone,734,2,501,21787,5,12,70.0,3,0,1
18862860,2023-12-06 19:45:00,Celtic vs Hibernian,Celtic,53,home,Hibernian,66,2,501,21787,5,11,61.0,4,0,2
18862022,2023-12-10 12:00:00,Kilmarnock vs Celtic,Celtic,53,away,Kilmarnock,180,0,501,21787,5,9,68.0,1,0,1
18862027,2023-12-16 15:00:00,Celtic vs Hearts,Celtic,53,home,Hearts,314,0,501,21787,5,18,77.0,0,0,1
18862033,2023-12-23 15:00:00,Celtic vs Livingston,Celtic,53,home,Livingston,258,2,501,21787,5,14,77.0,2,0,0
18862040,2023-12-26 15:00:00,Dundee vs Celtic,Celtic,53,away,Dundee,284,2,501,21787,5,23,74.0,3,0,1
18862045,2023-12-30 12:30:00,Celtic vs Rangers,Celtic,53,home,Rangers,62,2,501,21787,5,4,56.0,2,0,7
18862056,2024-01-02 17:00:00,St. Mirren vs Celtic,Celtic,53,away,St. Mirren,496,2,501,21787,5,12,73.0,3,0,0
18862057,2024-01-27 15:00:00,Celtic vs Ross County,Celtic,53,home,Ross County,246,2,501,21787,5,7,70.0,1,0,1
18862063,2024-02-03 12:30:00,Aberdeen vs Celtic,Celtic,53,away,Aberdeen,273,1,501,21787,5,12,71.0,1,0,1
18862069,2024-02-07 20:00:00,Hibernian vs Celtic,Celtic,53,away,Hibernian,66,2,501,21787,5,5,66.0,2,0,2
18862076,2024-02-17 15:00:00,Celtic vs Kilmarnock,Celtic,53,home,Kilmarnock,180,1,501,21787,5,8,71.0,1,0,0
18862083,2024-02-25 12:00:00,Motherwell vs Celtic,Celtic,53,away,Motherwell,309,2,501,21787,5,4,71.0,3,0,2
18862088,2024-02-28 19:45:00,Celtic vs Dundee,Celtic,53,home,Dundee,284,2,501,21787,5,5,76.0,7,0,2
18862094,2024-03-03 12:00:00,Hearts vs Celtic,Celtic,53,away,Hearts,314,0,501,21787,5,7,51.0,0,1,2
18862099,2024-03-16 15:00:00,Celtic vs St. Johnstone,Celtic,53,home,St. Johnstone,734,2,501,21787,5,10,74.0,3,0,0
18862107,2024-03-31 11:00:00,Livingston vs Celtic,Celtic,53,away,Livingston,258,2,501,21787,5,8,76.0,3,0,0
18862115,2024-04-07 11:00:00,Rangers vs Celtic,Celtic,53,away,Rangers,62,1,501,21787,5,2,46.0,3,0,4
18862118,2024-04-13 14:00:00,Celtic vs St. Mirren,Celtic,53,home,St. Mirren,496,2,501,21787,5,11,73.0,3,0,0
19116469,2024-04-28 14:00:00,Dundee vs Celtic,Celtic,53,away,Dundee,284,2,501,21787,5,8,68.0,2,0,1
19116485,2024-05-04 14:00:00,Celtic vs Hearts,Celtic,53,home,Hearts,314,2,501,21787,5,17,60.0,3,0,0
19116488,2024-05-11 11:30:00,Celtic vs Rangers,Celtic,53,home,Rangers,62,2,501,21787,5,10,68.0,2,0,3
19116492,2024-05-15 18:30:00,Kilmarnock vs Celtic,Celtic,53,away,Kilmarnock,180,2,501,21787,5,9,75.0,5,0,0
19116494,2024-05-18 11:30:00,Celtic vs St. Mirren,Celtic,53,home,St. Mirren,496,2,501,21787,5,11,73.0,3,0,
19146701,2024-08-04 15:30:00,Celtic vs Kilmarnock,Celtic,53,home,Kilmarnock,180,2,501,23690,5,10,82.0,4,0,0
19146708,2024-08-11 11:30:00,Hibernian vs Celtic,Celtic,53,away,Hibernian,66,2,501,23690,5,5,75.0,2,0,1
19146714,2024-08-25 11:00:00,St. Mirren vs Celtic,Celtic,53,away,St. Mirren,496,2,501,23690,5,10,76.0,,0,1
19146715,2024-09-01 11:30:00,Celtic vs Rangers,Celtic,53,home,Rangers,62,2,501,23690,5,7,52.0,,0,4
19146722,2024-09-14 14:00:00,Celtic vs Hearts,Celtic,53,home,Hearts,314,2,501,23690,5,5,71.0,,0,1
19146732,2024-09-28 16:45:00,St. Johnstone vs Celtic,Celtic,53,away,St. Johnstone,734,2,501,23690,5,13,76.0,,0,1
19146737,2024-10-06 11:00:00,Ross County vs Celtic,Celtic,53,away,Ross County,246,2,501,23690,5,9,82.0,2,0,1
19146739,2024-10-19 14:00:00,Celtic vs Aberdeen,Celtic,53,home,Aberdeen,273,1,501,23690,5,18,73.0,2,0,1
19146748,2024-10-27 15:00:00,Motherwell vs Celtic,Celtic,53,away,Motherwell,309,2,501,23690,5,10,78.0,3,0,2
19146752,2024-10-30 19:45:00,Celtic vs Dundee,Celtic,53,home,Dundee,284,2,501,23690,5,7,80.0,2,0,1
19146766,2024-11-10 15:00:00,Kilmarnock vs Celtic,Celtic,53,away,Kilmarnock,180,2,501,23690,5,4,66.0,2,0,3
19146770,2024-11-23 19:45:00,Hearts vs Celtic,Celtic,53,away,Hearts,314,2,501,23690,5,6,68.0,4,0,1
19146775,2024-11-30 15:00:00,Celtic vs Ross County,Celtic,53,home,Ross County,246,2,501,23690,5,19,76.0,5,0,0
19146781,2024-12-04 20:00:00,Aberdeen vs Celtic,Celtic,53,away,Aberdeen,273,2,501,23690,5,10,74.0,1,0,1
19146788,2024-12-07 15:00:00,Celtic vs Hibernian,Celtic,53,home,Hibernian,66,2,501,23690,5,14,75.0,3,0,1
19146800,2024-12-22 12:00:00,Dundee United vs Celtic,Celtic,53,away,Dundee United,282,1,501,23690,5,9,78.0,0,0,1
19146806,2024-12-26 15:00:00,Celtic vs Motherwell,Celtic,53,home,Motherwell,309,2,501,23690,5,6,84.0,4,0,1
19146811,2024-12-29 15:00:00,Celtic vs St. Johnstone,Celtic,53,home,St. Johnstone,734,2,501,23690,5,12,70.0,4,0,0
19146820,2025-01-02 15:00:00,Rangers vs Celtic,Celtic,53,away,Rangers,62,0,501,23690,5,4,61.0,0,0,2
19146823,2025-01-05 15:00:00,Celtic vs St. Mirren,Celtic,53,home,St. Mirren,496,2,501,23690,5,8,76.0,3,0,0
19146757,2025-01-08 19:45:00,Celtic vs Dundee United,Celtic,53,home,Dundee United,282,2,501,23690,5,12,76.0,2,0,
19146833,2025-01-11 12:30:00,Ross County vs Celtic,Celtic,53,away,Ross County,246,2,501,23690,5,7,78.0,4,0,0
19146793,2025-01-14 20:00:00,Dundee vs Celtic,Celtic,53,away,Dundee,284,1,501,23690,5,4,79.0,3,0,1
19146844,2025-02-02 15:00:00,Motherwell vs Celtic,Celtic,53,away,Motherwell,309,2,501,23690,5,10,81.0,3,0,
19146836,2025-02-05 19:45:00,Celtic vs Dundee,Celtic,53,home,Dundee,284,2,501,23690,5,6,80.0,6,0,1
19146847,2025-02-15 15:00:00,Celtic vs Dundee United,Celtic,53,home,Dundee United,282,2,501,23690,5,15,76.0,3,0,0
19146855,2025-02-22 12:30:00,Hibernian vs Celtic,Celtic,53,away,Hibernian,66,0,501,23690,5,10,75.0,1,0,2
19146859,2025-02-25 20:00:00,Celtic vs Aberdeen,Celtic,53,home,Aberdeen,273,2,501,23690,5,4,69.0,5,0,1
19146870,2025-03-01 17:30:00,St. Mirren vs Celtic,Celtic,53,away,St. Mirren,496,2,501,23690,5,3,75.0,5,0,0
19146871,2025-03-16 12:30:00,Celtic vs Rangers,Celtic,53,home,Rangers,62,0,501,23690,5,7,72.0,2,0,0
19146878,2025-03-29 15:00:00,Celtic vs Hearts,Celtic,53,home,Hearts,314,2,501,23690,5,6,71.0,3,0,0
19146888,2025-04-06 11:00:00,St. Johnstone vs Celtic,Celtic,53,away,St. Johnstone,734,0,501,23690,5,11,80.0,0,0,2
19146890,2025-04-12 11:30:00,Celtic vs Kilmarnock,Celtic,53,home,Kilmarnock,180,2,501,23690,5,10,88.0,5,0,
19415300,2025-04-26 11:30:00,Dundee United vs Celtic,Celtic,53,away,Dundee United,282,2,501,23690,5,8,75.0,5,0,
19415338,2025-05-04 11:00:00,Rangers vs Celtic,Celtic,53,away,Rangers,62,1,501,23690,5,6,60.0,1,0,1
19415339,2025-05-10 14:00:00,Celtic vs Hibernian,Celtic,53,home,Hibernian,66,2,501,23690,5,8,76.0,3,0,2
19415342,2025-05-14 19:00:00,Aberdeen vs Celtic,Celtic,53,away,Aberdeen,273,2,501,23690,5,6,69.0,5,0,0
19415345,2025-05-17 11:30:00,Celtic vs St. Mirren,Celtic,53,home,St. Mirren,496,1,501,23690,5,14,77.0,1,0,0
19428043,2025-08-03 15:30:00,Celtic vs St. Mirren,Celtic,53,home,St. Mirren,496,2,501,25598,5,12,76.0,1,0,2
19428050,2025-08-10 11:30:00,Aberdeen vs Celtic,Celtic,53,away,Aberdeen,273,2,501,25598,5,6,71.0,2,0,3
19428051,2025-08-23 14:00:00,Celtic vs Livingston,Celtic,53,home,Livingston,258,2,501,25598,5,10,78.0,3,0,0
19428062,2025-08-31 11:00:00,Rangers vs Celtic,Celtic,53,away,Rangers,62,1,501,25598,5,1,59.0,0,0,0
19428067,2025-09-14 14:00:00,Kilmarnock vs Celtic,Celtic,53,away,Kilmarnock,180,2,501,25598,5,7,76.0,2,0,3
19428069,2025-09-27 14:00:00,Celtic vs Hibernian,Celtic,53,home,Hibernian,66,1,501,25598,5,7,77.0,0,0,2
19428076,2025-10-05 14:00:00,Celtic vs Motherwell,Celtic,53,home,Motherwell,309,2,501,25598,5,10,62.0,3,0,2
19428081,2025-10-19 11:00:00,Dundee vs Celtic,Celtic,53,away,Dundee,284,0,501,25598,5,12,82.0,0,0,2
19428090,2025-10-26 12:00:00,Hearts vs Celtic,Celtic,53,away,Hearts,314,0,501,25598,5,9,65.0,1,0,1
19428093,2025-10-29 19:45:00,Celtic vs Falkirk,Celtic,53,home,Falkirk,770,2,501,25598,5,6,60.0,4,0,1
19428106,2025-11-09 16:00:00,Celtic vs Kilmarnock,Celtic,53,home,Kilmarnock,180,2,501,25598,5,8,75.0,4,0,2
19428116,2025-11-22 20:00:00,St. Mirren vs Celtic,Celtic,53,away,St. Mirren,496,2,501,25598,5,4,73.0,1,0,1
19428118,2025-11-30 12:00:00,Hibernian vs Celtic,Celtic,53,away,Hibernian,66,2,501,25598,5,3,60.0,2,0,3
19428124,2025-12-03 19:45:00,Celtic vs Dundee,Celtic,53,home,Dundee,284,2,501,25598,5,6,71.0,1,0,3
19428129,2025-12-07 15:00:00,Celtic vs Hearts,Celtic,53,home,Hearts,314,0,501,25598,5,5,72.0,1,0,1
19428219,2025-12-17 20:00:00,Dundee United vs Celtic,Celtic,53,away,Dundee United,282,0,501,25598,5,6,73.0,1,0,1
19428141,2025-12-21 15:00:00,Celtic vs Aberdeen,Celtic,53,home,Aberdeen,273,2,501,25598,5,8,73.0,3,0,1
19428150,2025-12-27 15:00:00,Livingston vs Celtic,Celtic,53,away,Livingston,258,2,501,25598,5,4,66.0,4,0,0
19428157,2025-12-30 20:00:00,Motherwell vs Celtic,Celtic,53,away,Motherwell,309,0,501,25598,5,3,57.0,0,0,4
19428159,2026-01-03 12:30:00,Celtic vs Rangers,Celtic,53,home,Rangers,62,0,501,25598,5,8,66.0,1,0,0
19428166,2026-01-10 15:00:00,Celtic vs Dundee United,Celtic,53,home,Dundee United,282,2,501,25598,5,11,78.0,4,0,1
19428137,2026-01-14 19:45:00,Falkirk vs Celtic,Celtic,53,away,Falkirk,770,2,501,25598,5,4,57.0,1,0,1
19428174,2026-01-25 15:00:00,Hearts vs Celtic,Celtic,53,away,Hearts,314,1,501,25598,5,2,45.0,2,1,6
19428177,2026-02-01 15:00:00,Celtic vs Falkirk,Celtic,53,home,Falkirk,770,2,501,25598,5,9,58.0,2,0,0
19428189,2026-02-11 19:45:00,Celtic vs Livingston,Celtic,53,home,Livingston,258,2,501,25598,5,10,79.0,2,0,2
19428198,2026-02-15 14:00:00,Kilmarnock vs Celtic,Celtic,53,away,Kilmarnock,180,2,501,25598,5,7,61.0,3,0,3
19428202,2026-02-22 15:00:00,Celtic vs Hibernian,Celtic,53,home,Hibernian,66,0,501,25598,5,11,61.0,1,1,2
19428212,2026-03-01 12:00:00,Rangers vs Celtic,Celtic,53,away,Rangers,62,1,501,25598,5,7,55.0,2,0,1
19428183,2026-03-04 20:00:00,Aberdeen vs Celtic,Celtic,53,away,Aberdeen,273,2,501,25598,5,6,62.0,2,0,2
19428214,2026-03-14 15:00:00,Celtic vs Motherwell,Celtic,53,home,Motherwell,309,2,501,25598,5,2,47.0,3,0,4
19592463,2026-03-22 12:30:00,Dundee United vs Celtic,Celtic,53,away,Dundee United,282,0,501,25598,5,6,74.0,0,0,2
19428225,2026-04-05 15:30:00,Dundee vs Celtic,Celtic,53,away,Dundee,284,2,501,25598,5,4,58.0,2,0,2
19428232,2026-04-11 14:00:00,Celtic vs St. Mirren,Celtic,53,home,St. Mirren,496,2,501,25598,5,3,56.0,1,0,0
19700229,2026-04-25 16:30:00,Celtic vs Falkirk,Celtic,53,home,Falkirk,770,2,501,25598,5,9,55.0,3,0,2
19700221,2026-05-03 11:00:00,Hibernian vs Celtic,Celtic,53,away,Hibernian,66,2,501,25598,5,13,81.0,2,0,3
19700214,2026-05-10 11:00:00,Celtic vs Rangers,Celtic,53,home,Rangers,62,2,501,25598,5,1,51.0,3,0,6
19700209,2026-05-13 19:00:00,Motherwell vs Celtic,Celtic,53,away,Motherwell,309,2,501,25598,5,3,52.0,3,0,3
19700207,2026-05-16 11:30:00,Celtic vs Hearts,Celtic,53,home,Hearts,314,2,501,25598,5,9,67.0,3,0,6
378836,2017-01-27 19:45:00,Aberdeen vs Dundee,Dundee,284,away,Aberdeen,273,0,501,825,5,3,36.0,0,0,1
378975,2017-02-04 15:00:00,Inverness CT vs Dundee,Dundee,284,away,Inverness CT,265,1,501,825,5,5,45.0,2,0,3
378955,2017-02-11 15:00:00,Dundee vs Kilmarnock,Dundee,284,home,Kilmarnock,180,1,501,825,5,8,44.0,1,0,3
379080,2017-02-19 15:15:00,Dundee vs Rangers,Dundee,284,home,Rangers,62,2,501,825,5,5,47.0,2,0,1
379101,2017-02-25 15:00:00,Motherwell vs Dundee,Dundee,284,away,Motherwell,309,2,501,825,5,5,45.0,5,0,1
379183,2017-03-01 19:45:00,Dundee vs Partick Thistle,Dundee,284,home,Partick Thistle,339,0,501,825,5,3,53.0,0,0,0
379247,2017-03-11 15:00:00,St. Johnstone vs Dundee,Dundee,284,away,St. Johnstone,734,0,501,825,5,7,57.0,0,0,3
379327,2017-03-19 12:30:00,Dundee vs Celtic,Dundee,284,home,Celtic,53,0,501,825,5,3,37.0,1,0,4
379339,2017-03-31 18:45:00,Dundee vs Aberdeen,Dundee,284,home,Aberdeen,273,0,501,825,5,10,43.0,0,0,1
379411,2017-04-04 18:45:00,Ross County vs Dundee,Dundee,284,away,Ross County,246,0,501,825,5,3,46.0,1,1,3
379479,2017-04-08 14:00:00,Hearts vs Dundee,Dundee,284,away,Hearts,314,0,501,825,5,0,43.0,0,0,1
379552,2017-04-15 14:00:00,Dundee vs Hamilton Academical,Dundee,284,home,Hamilton Academical,338,0,501,825,5,7,47.0,0,0,0
376703,2017-04-29 14:00:00,Motherwell vs Dundee,Dundee,284,away,Motherwell,309,2,501,825,5,1,37.0,3,0,2
376738,2017-05-06 14:00:00,Kilmarnock vs Dundee,Dundee,284,away,Kilmarnock,180,2,501,825,5,4,51.0,1,0,1
234030,2017-05-13 14:00:00,Dundee vs Ross County,Dundee,284,home,Ross County,246,1,501,825,5,1,52.0,1,0,3
234037,2017-05-17 18:45:00,Dundee vs Inverness CT,Dundee,284,home,Inverness CT,265,0,501,825,5,11,56.0,0,0,0
234041,2017-05-20 14:00:00,Hamilton Academical vs Dundee,Dundee,284,away,Hamilton Academical,338,0,501,825,5,3,39.0,0,0,1
1871765,2017-08-05 14:00:00,Dundee vs Ross County,Dundee,284,home,Ross County,246,0,501,7953,5,15,57.0,1,0,1
1871769,2017-08-12 14:00:00,Hamilton Academical vs Dundee,Dundee,284,away,Hamilton Academical,338,0,501,7953,5,8,50.0,0,0,3
1871775,2017-08-19 14:00:00,Aberdeen vs Dundee,Dundee,284,away,Aberdeen,273,0,501,7953,5,6,40.0,1,0,1
1871782,2017-08-27 11:30:00,Dundee vs Hibernian,Dundee,284,home,Hibernian,66,1,501,7953,5,1,42.0,1,0,2
1871790,2017-09-09 14:00:00,Rangers vs Dundee,Dundee,284,away,Rangers,62,0,501,7953,5,2,41.0,1,0,2
1871795,2017-09-16 14:00:00,Dundee vs St. Johnstone,Dundee,284,home,St. Johnstone,734,2,501,7953,5,1,45.0,3,1,2
1871800,2017-09-23 14:00:00,Kilmarnock vs Dundee,Dundee,284,away,Kilmarnock,180,1,501,7953,5,9,54.0,1,0,2
1871807,2017-09-30 14:00:00,Dundee vs Hearts,Dundee,284,home,Hearts,314,2,501,7953,5,6,44.0,2,0,3
1871811,2017-10-14 14:00:00,Celtic vs Dundee,Dundee,284,away,Celtic,53,0,501,7953,5,4,43.0,0,0,3
1871820,2017-10-21 14:00:00,Partick Thistle vs Dundee,Dundee,284,away,Partick Thistle,339,0,501,7953,5,1,48.0,1,0,2
1871824,2017-10-25 18:45:00,Dundee vs Motherwell,Dundee,284,home,Motherwell,309,0,501,7953,5,3,52.0,0,0,3
1871831,2017-10-28 14:00:00,Dundee vs Hamilton Academical,Dundee,284,home,Hamilton Academical,338,0,501,7953,5,6,56.0,1,0,4
1871836,2017-11-04 15:00:00,Hibernian vs Dundee,Dundee,284,away,Hibernian,66,0,501,7953,5,2,48.0,1,0,2
1871842,2017-11-18 15:00:00,Dundee vs Kilmarnock,Dundee,284,home,Kilmarnock,180,1,501,7953,5,6,,0,1,1
1871848,2017-11-24 19:45:00,Dundee vs Rangers,Dundee,284,home,Rangers,62,2,501,7953,5,2,38.0,2,0,2
1871857,2017-12-02 15:00:00,Ross County vs Dundee,Dundee,284,away,Ross County,246,2,501,7953,5,7,45.0,2,0,3
1871859,2017-12-08 19:45:00,Dundee vs Aberdeen,Dundee,284,home,Aberdeen,273,0,501,7953,5,7,48.0,0,0,3
1871866,2017-12-12 19:45:00,Hearts vs Dundee,Dundee,284,away,Hearts,314,0,501,7953,5,6,53.0,0,0,0
1871872,2017-12-16 15:00:00,Dundee vs Partick Thistle,Dundee,284,home,Partick Thistle,339,2,501,7953,5,4,47.0,3,0,1
1871880,2017-12-23 15:00:00,Motherwell vs Dundee,Dundee,284,away,Motherwell,309,1,501,7953,5,6,48.0,1,0,2
1871884,2017-12-26 12:30:00,Dundee vs Celtic,Dundee,284,home,Celtic,53,0,501,7953,5,1,43.0,0,0,1
1871894,2017-12-30 15:00:00,St. Johnstone vs Dundee,Dundee,284,away,St. Johnstone,734,2,501,7953,5,7,60.0,2,0,2
1871895,2018-01-24 19:45:00,Dundee vs Hibernian,Dundee,284,home,Hibernian,66,0,501,7953,5,7,44.0,0,0,3
1871903,2018-01-27 15:00:00,Hamilton Academical vs Dundee,Dundee,284,away,Hamilton Academical,338,2,501,7953,5,5,57.0,2,0,2
1871914,2018-02-03 15:00:00,Dundee vs Ross County,Dundee,284,home,Ross County,246,0,501,7953,5,2,55.0,1,0,0
1871909,2018-02-13 19:45:00,Kilmarnock vs Dundee,Dundee,284,away,Kilmarnock,180,0,501,7953,5,5,58.0,2,0,3
1871923,2018-02-17 15:00:00,Partick Thistle vs Dundee,Dundee,284,away,Partick Thistle,339,2,501,7953,5,6,48.0,2,0,0
1871926,2018-02-24 15:00:00,Dundee vs Motherwell,Dundee,284,home,Motherwell,309,0,501,7953,5,12,56.0,0,0,2
1871937,2018-03-10 15:00:00,Dundee vs St. Johnstone,Dundee,284,home,St. Johnstone,734,0,501,7953,5,6,44.0,0,0,2
1871943,2018-03-17 15:00:00,Aberdeen vs Dundee,Dundee,284,away,Aberdeen,273,0,501,7953,5,1,37.0,0,0,0
1871951,2018-04-01 11:30:00,Dundee vs Hearts,Dundee,284,home,Hearts,314,1,501,7953,5,8,56.0,1,0,4
1871931,2018-04-04 18:45:00,Celtic vs Dundee,Dundee,284,away,Celtic,53,1,501,7953,5,2,42.0,0,0,3
1871958,2018-04-07 14:00:00,Rangers vs Dundee,Dundee,284,away,Rangers,62,0,501,7953,5,4,49.0,0,0,2
10320697,2018-04-21 14:00:00,Dundee vs St. Johnstone,Dundee,284,home,St. Johnstone,734,2,501,7953,5,2,47.0,2,0,2
10320704,2018-04-28 14:00:00,Motherwell vs Dundee,Dundee,284,away,Motherwell,309,0,501,7953,5,7,46.0,1,0,2
10320708,2018-05-05 11:30:00,Dundee vs Hamilton Academical,Dundee,284,home,Hamilton Academical,338,2,501,7953,5,4,49.0,1,0,2
10320716,2018-05-08 18:45:00,Ross County vs Dundee,Dundee,284,away,Ross County,246,2,501,7953,5,8,44.0,1,0,4
10320719,2018-05-12 14:00:00,Dundee vs Partick Thistle,Dundee,284,home,Partick Thistle,339,0,501,7953,5,7,50.0,0,0,0
10333188,2018-08-04 14:00:00,St. Mirren vs Dundee,Dundee,284,away,St. Mirren,496,0,501,12963,5,6,53.0,1,0,1
10333195,2018-08-11 14:00:00,Dundee vs Aberdeen,Dundee,284,home,Aberdeen,273,0,501,12963,5,8,45.0,0,0,1
10333199,2018-08-25 14:00:00,St. Johnstone vs Dundee,Dundee,284,away,St. Johnstone,734,0,501,12963,5,6,55.0,0,0,0
10333206,2018-09-01 14:00:00,Dundee vs Motherwell,Dundee,284,home,Motherwell,309,0,501,12963,5,6,45.0,1,0,2
10333214,2018-09-15 14:00:00,Rangers vs Dundee,Dundee,284,away,Rangers,62,0,501,12963,5,5,42.0,0,1,4
10333220,2018-09-22 14:00:00,Dundee vs Hibernian,Dundee,284,home,Hibernian,66,0,501,12963,5,3,47.0,0,0,2
10333224,2018-09-29 14:00:00,Hamilton Academical vs Dundee,Dundee,284,away,Hamilton Academical,338,2,501,12963,5,5,52.0,2,0,3
10333230,2018-10-06 14:00:00,Dundee vs Kilmarnock,Dundee,284,home,Kilmarnock,180,0,501,12963,5,7,45.0,1,0,2
10333238,2018-10-20 14:00:00,Livingston vs Dundee,Dundee,284,away,Livingston,258,0,501,12963,5,2,53.0,0,0,1
10333241,2018-10-23 18:45:00,Dundee vs Hearts,Dundee,284,home,Hearts,314,0,501,12963,5,3,47.0,0,0,1
10333252,2018-10-31 19:45:00,Dundee vs Celtic,Dundee,284,home,Celtic,53,0,501,12963,5,0,25.0,0,0,4
10333258,2018-11-03 15:00:00,Motherwell vs Dundee,Dundee,284,away,Motherwell,309,0,501,12963,5,4,47.0,0,0,1
10333263,2018-11-10 15:00:00,Dundee vs St. Mirren,Dundee,284,home,St. Mirren,496,1,501,12963,5,7,53.0,1,0,1
10333267,2018-11-24 15:00:00,Hibernian vs Dundee,Dundee,284,away,Hibernian,66,1,501,12963,5,6,,2,0,1
10333278,2018-12-05 19:45:00,Dundee vs Hamilton Academical,Dundee,284,home,Hamilton Academical,338,2,501,12963,5,5,44.0,4,0,1
10333284,2018-12-09 13:30:00,Dundee vs Rangers,Dundee,284,home,Rangers,62,1,501,12963,5,3,41.0,1,1,1
10333291,2018-12-15 15:00:00,Kilmarnock vs Dundee,Dundee,284,away,Kilmarnock,180,0,501,12963,5,3,47.0,1,0,2
10333274,2018-12-18 19:45:00,Aberdeen vs Dundee,Dundee,284,away,Aberdeen,273,0,501,12963,5,1,46.0,1,0,3
10333295,2018-12-22 15:00:00,Celtic vs Dundee,Dundee,284,away,Celtic,53,0,501,12963,5,1,37.0,0,0,1
10333305,2018-12-26 15:00:00,Dundee vs Livingston,Dundee,284,home,Livingston,258,1,501,12963,5,8,49.0,0,0,2
10333310,2018-12-29 15:00:00,Dundee vs St. Johnstone,Dundee,284,home,St. Johnstone,734,0,501,12963,5,2,47.0,0,0,3
10333314,2019-01-23 19:45:00,Hearts vs Dundee,Dundee,284,away,Hearts,314,2,501,12963,5,2,42.0,2,0,3
10333324,2019-01-26 15:00:00,Dundee vs Motherwell,Dundee,284,home,Motherwell,309,0,501,12963,5,8,55.0,0,0,0
10333327,2019-02-02 15:00:00,Hamilton Academical vs Dundee,Dundee,284,away,Hamilton Academical,338,1,501,12963,5,7,44.0,1,0,2
10333334,2019-02-06 19:45:00,Dundee vs Kilmarnock,Dundee,284,home,Kilmarnock,180,1,501,12963,5,2,44.0,2,0,2
10333337,2019-02-16 15:00:00,Livingston vs Dundee,Dundee,284,away,Livingston,258,2,501,12963,5,5,59.0,2,0,3
10333343,2019-02-22 19:45:00,Dundee vs Hibernian,Dundee,284,home,Hibernian,66,0,501,12963,5,5,55.0,2,0,4
10333353,2019-02-27 19:45:00,Rangers vs Dundee,Dundee,284,away,Rangers,62,0,501,12963,5,1,48.0,0,0,2
10333355,2019-03-09 15:00:00,Dundee vs Hearts,Dundee,284,home,Hearts,314,0,501,12963,5,8,47.0,0,0,3
10333364,2019-03-17 12:30:00,Dundee vs Celtic,Dundee,284,home,Celtic,53,0,501,12963,5,5,37.0,0,0,1
10333367,2019-03-30 15:00:00,St. Mirren vs Dundee,Dundee,284,away,St. Mirren,496,0,501,12963,5,1,51.0,1,0,1
10333373,2019-04-03 18:45:00,St. Johnstone vs Dundee,Dundee,284,away,St. Johnstone,734,0,501,12963,5,1,57.0,0,0,1
10333384,2019-04-06 14:00:00,Dundee vs Aberdeen,Dundee,284,home,Aberdeen,273,0,501,12963,5,4,40.0,0,0,2
11853612,2019-04-20 14:00:00,St. Johnstone vs Dundee,Dundee,284,away,St. Johnstone,734,0,501,12963,5,2,49.0,0,0,3
11853614,2019-04-27 14:00:00,Motherwell vs Dundee,Dundee,284,away,Motherwell,309,0,501,12963,5,4,39.0,3,0,3
11853616,2019-05-04 14:00:00,Dundee vs Hamilton Academical,Dundee,284,home,Hamilton Academical,338,0,501,12963,5,3,52.0,0,0,0
11853619,2019-05-11 14:00:00,Livingston vs Dundee,Dundee,284,away,Livingston,258,2,501,12963,5,0,48.0,1,0,1
11853622,2019-05-18 11:30:00,Dundee vs St. Mirren,Dundee,284,home,St. Mirren,496,0,501,12963,5,0,44.0,2,1,2
18136883,2021-07-31 14:00:00,Dundee vs St. Mirren,Dundee,284,home,St. Mirren,496,1,501,18369,5,8,44.0,2,1,2
18136888,2021-08-08 14:00:00,Celtic vs Dundee,Dundee,284,away,Celtic,53,0,501,18369,5,3,29.0,0,1,2
18136895,2021-08-22 11:00:00,Dundee vs Hibernian,Dundee,284,home,Hibernian,66,1,501,18369,5,4,45.0,2,0,5
18136903,2021-08-28 14:00:00,Motherwell vs Dundee,Dundee,284,away,Motherwell,309,0,501,18369,5,4,60.0,0,0,1
18136907,2021-09-11 14:00:00,Dundee vs Livingston,Dundee,284,home,Livingston,258,1,501,18369,5,9,52.0,0,0,1
18136913,2021-09-19 11:00:00,Dundee United vs Dundee,Dundee,284,away,Dundee United,282,0,501,18369,5,3,49.0,0,0,2
18136919,2021-09-25 14:00:00,Dundee vs Rangers,Dundee,284,home,Rangers,62,0,501,18369,5,5,34.0,0,0,1
18136929,2021-10-02 14:00:00,St. Johnstone vs Dundee,Dundee,284,away,St. Johnstone,734,0,501,18369,5,4,54.0,1,0,1
18136930,2021-10-16 17:00:00,Dundee vs Aberdeen,Dundee,284,home,Aberdeen,273,2,501,18369,5,3,33.0,2,0,4
18136939,2021-10-23 14:00:00,Hearts vs Dundee,Dundee,284,away,Hearts,314,1,501,18369,5,3,30.0,1,0,5
18136942,2021-10-27 18:45:00,Dundee vs Ross County,Dundee,284,home,Ross County,246,0,501,18369,5,6,49.0,0,0,2
18136953,2021-10-30 14:00:00,St. Mirren vs Dundee,Dundee,284,away,St. Mirren,496,2,501,18369,5,4,39.0,1,0,2
18136955,2021-11-07 12:00:00,Dundee vs Celtic,Dundee,284,home,Celtic,53,0,501,18369,5,2,19.0,2,0,5
18136967,2021-11-27 15:00:00,Dundee vs Motherwell,Dundee,284,home,Motherwell,309,2,501,18369,5,5,48.0,3,0,3
18136974,2021-12-01 19:45:00,Dundee vs St. Johnstone,Dundee,284,home,St. Johnstone,734,2,501,18369,5,6,47.0,1,0,0
18136982,2021-12-04 15:00:00,Rangers vs Dundee,Dundee,284,away,Rangers,62,0,501,18369,5,4,27.0,0,0,3
18136987,2021-12-11 15:00:00,Ross County vs Dundee,Dundee,284,away,Ross County,246,0,501,18369,5,6,45.0,2,0,3
18136961,2021-12-14 19:45:00,Hibernian vs Dundee,Dundee,284,away,Hibernian,66,0,501,18369,5,2,43.0,0,1,3
18136990,2021-12-18 15:00:00,Dundee vs Hearts,Dundee,284,home,Hearts,314,0,501,18369,5,3,37.0,0,0,4
18136996,2021-12-26 15:00:00,Aberdeen vs Dundee,Dundee,284,away,Aberdeen,273,0,501,18369,5,2,27.0,1,0,3
18137006,2022-01-18 19:45:00,Livingston vs Dundee,Dundee,284,away,Livingston,258,0,501,18369,5,9,50.0,0,0,3
18137018,2022-01-26 19:45:00,St. Johnstone vs Dundee,Dundee,284,away,St. Johnstone,734,1,501,18369,5,2,47.0,0,0,1
18137009,2022-02-01 19:45:00,Dundee vs Dundee United,Dundee,284,home,Dundee United,282,1,501,18369,5,11,44.0,0,0,1
18137026,2022-02-05 15:00:00,Dundee vs Ross County,Dundee,284,home,Ross County,246,0,501,18369,5,7,45.0,1,1,2
18137034,2022-02-09 19:45:00,Hearts vs Dundee,Dundee,284,away,Hearts,314,2,501,18369,5,4,29.0,2,0,3
18137038,2022-02-20 15:00:00,Celtic vs Dundee,Dundee,284,away,Celtic,53,0,501,18369,5,2,19.0,2,0,1
18137045,2022-02-26 15:00:00,Dundee vs Livingston,Dundee,284,home,Livingston,258,0,501,18369,5,5,54.0,0,0,2
18137051,2022-03-02 19:45:00,Dundee vs Hibernian,Dundee,284,home,Hibernian,66,1,501,18369,5,3,43.0,0,0,2
18137059,2022-03-05 15:00:00,Motherwell vs Dundee,Dundee,284,away,Motherwell,309,1,501,18369,5,3,43.0,1,0,2
18137022,2022-03-09 19:45:00,Dundee vs St. Mirren,Dundee,284,home,St. Mirren,496,0,501,18369,5,5,46.0,0,0,0
18137064,2022-03-20 12:00:00,Dundee vs Rangers,Dundee,284,home,Rangers,62,0,501,18369,5,1,30.0,1,0,3
18137068,2022-04-02 14:00:00,Dundee vs Aberdeen,Dundee,284,home,Aberdeen,273,1,501,18369,5,2,39.0,2,0,1
18137076,2022-04-09 14:00:00,Dundee United vs Dundee,Dundee,284,away,Dundee United,282,1,501,18369,5,5,49.0,2,0,2
18518011,2022-04-23 14:00:00,Dundee vs St. Johnstone,Dundee,284,home,St. Johnstone,734,1,501,18369,5,4,45.0,1,0,1
18518013,2022-04-30 14:00:00,Aberdeen vs Dundee,Dundee,284,away,Aberdeen,273,0,501,18369,5,6,43.0,0,0,1
18518018,2022-05-07 14:00:00,St. Mirren vs Dundee,Dundee,284,away,St. Mirren,496,0,501,18369,5,6,47.0,0,0,1
18518019,2022-05-10 18:45:00,Dundee vs Hibernian,Dundee,284,home,Hibernian,66,2,501,18369,5,4,40.0,3,0,2
18518024,2022-05-15 11:00:00,Livingston vs Dundee,Dundee,284,away,Livingston,258,0,501,18369,5,8,40.0,1,0,2
18861938,2023-08-05 14:00:00,Dundee vs Motherwell,Dundee,284,home,Motherwell,309,1,501,21787,5,7,41.0,1,0,0
18861948,2023-08-12 14:00:00,St. Mirren vs Dundee,Dundee,284,away,St. Mirren,496,0,501,21787,5,3,52.0,1,0,3
18861950,2023-08-27 14:00:00,Dundee vs Hearts,Dundee,284,home,Hearts,314,2,501,21787,5,3,35.0,1,0,1
18861959,2023-09-02 14:00:00,St. Johnstone vs Dundee,Dundee,284,away,St. Johnstone,734,1,501,21787,5,6,38.0,2,0,1
18861961,2023-09-16 14:00:00,Celtic vs Dundee,Dundee,284,away,Celtic,53,0,501,21787,5,1,26.0,0,0,0
18861968,2023-09-23 14:00:00,Dundee vs Kilmarnock,Dundee,284,home,Kilmarnock,180,1,501,21787,5,4,38.0,2,1,1
18861973,2023-09-30 14:00:00,Hibernian vs Dundee,Dundee,284,away,Hibernian,66,1,501,21787,5,1,37.0,0,0,4
18861981,2023-10-24 18:45:00,Dundee vs Ross County,Dundee,284,home,Ross County,246,1,501,21787,5,7,54.0,0,0,1
18861993,2023-10-28 14:00:00,Livingston vs Dundee,Dundee,284,away,Livingston,258,2,501,21787,5,5,52.0,2,0,0
18862854,2023-11-01 20:30:00,Dundee vs Rangers,Dundee,284,home,Rangers,62,0,501,21787,5,6,32.0,0,0,4
18862861,2023-11-05 14:00:00,Dundee vs Livingston,Dundee,284,home,Livingston,258,2,501,21787,5,5,46.0,1,0,2
18862004,2023-11-11 15:00:00,Dundee vs St. Mirren,Dundee,284,home,St. Mirren,496,2,501,21787,5,7,42.0,4,0,1
18862011,2023-11-25 15:00:00,Dundee vs Hibernian,Dundee,284,home,Hibernian,66,0,501,21787,5,7,45.0,1,0,2
18862018,2023-12-02 15:00:00,Motherwell vs Dundee,Dundee,284,away,Motherwell,309,1,501,21787,5,4,62.0,3,0,2
18862025,2023-12-09 15:00:00,Rangers vs Dundee,Dundee,284,away,Rangers,62,0,501,21787,5,7,45.0,1,0,4
18862030,2023-12-16 15:00:00,Ross County vs Dundee,Dundee,284,away,Ross County,246,2,501,21787,5,9,52.0,1,0,2
18862040,2023-12-26 15:00:00,Dundee vs Celtic,Dundee,284,home,Celtic,53,0,501,21787,5,1,26.0,0,0,1
18862048,2023-12-30 15:00:00,Kilmarnock vs Dundee,Dundee,284,away,Kilmarnock,180,1,501,21787,5,8,42.0,2,0,2
18861998,2024-01-23 19:45:00,Hearts vs Dundee,Dundee,284,away,Hearts,314,0,501,21787,5,1,33.0,2,0,6
18862060,2024-01-27 15:00:00,Livingston vs Dundee,Dundee,284,away,Livingston,258,2,501,21787,5,3,37.0,4,1,3
18861985,2024-01-30 19:45:00,Aberdeen vs Dundee,Dundee,284,away,Aberdeen,273,1,501,21787,5,3,47.0,1,0,3
18862064,2024-02-03 15:00:00,Dundee vs Hearts,Dundee,284,home,Hearts,314,0,501,21787,5,8,42.0,2,0,4
18862074,2024-02-07 20:15:00,St. Mirren vs Dundee,Dundee,284,away,St. Mirren,496,0,501,21787,5,5,49.0,0,0,1
18862051,2024-02-11 14:00:00,Dundee vs St. Johnstone,Dundee,284,home,St. Johnstone,734,2,501,21787,5,13,59.0,2,0,4
18862077,2024-02-17 15:00:00,Dundee vs Ross County,Dundee,284,home,Ross County,246,2,501,21787,5,6,52.0,2,0,2
18862081,2024-02-24 15:00:00,Hibernian vs Dundee,Dundee,284,away,Hibernian,66,0,501,21787,5,2,41.0,1,0,2
18862088,2024-02-28 19:45:00,Celtic vs Dundee,Dundee,284,away,Celtic,53,0,501,21787,5,5,24.0,1,1,3
18862093,2024-03-02 15:00:00,Dundee vs Kilmarnock,Dundee,284,home,Kilmarnock,180,1,501,21787,5,4,52.0,2,0,2
18862034,2024-03-13 19:45:00,Dundee vs Aberdeen,Dundee,284,home,Aberdeen,273,2,501,21787,5,6,54.0,1,0,2
18862110,2024-03-30 15:00:00,St. Johnstone vs Dundee,Dundee,284,away,St. Johnstone,734,2,501,21787,5,2,47.0,2,0,1
18862111,2024-04-06 14:00:00,Dundee vs Motherwell,Dundee,284,home,Motherwell,309,0,501,21787,5,3,47.0,2,0,2
18862117,2024-04-13 14:00:00,Aberdeen vs Dundee,Dundee,284,away,Aberdeen,273,1,501,21787,5,5,44.0,0,0,3
18862100,2024-04-17 19:00:00,Dundee vs Rangers,Dundee,284,home,Rangers,62,1,501,21787,5,2,34.0,0,0,1
19116469,2024-04-28 14:00:00,Dundee vs Celtic,Dundee,284,home,Celtic,53,0,501,21787,5,8,32.0,1,0,0
19116486,2024-05-04 14:00:00,Dundee vs St. Mirren,Dundee,284,home,St. Mirren,496,0,501,21787,5,4,58.0,1,0,2
19116489,2024-05-11 14:00:00,Hearts vs Dundee,Dundee,284,away,Hearts,314,0,501,21787,5,5,46.0,0,0,3
19116491,2024-05-14 18:30:00,Rangers vs Dundee,Dundee,284,away,Rangers,62,0,501,21787,5,5,38.0,2,0,
19116495,2024-05-18 11:30:00,Dundee vs Kilmarnock,Dundee,284,home,Kilmarnock,180,1,501,21787,5,4,61.0,1,0,1
19146699,2024-08-04 12:30:00,Dundee United vs Dundee,Dundee,284,away,Dundee United,282,1,501,23690,5,6,63.0,2,0,0
19146707,2024-08-10 16:30:00,Dundee vs Hearts,Dundee,284,home,Hearts,314,2,501,23690,5,2,40.0,3,0,3
19146711,2024-08-24 14:00:00,Hibernian vs Dundee,Dundee,284,away,Hibernian,66,1,501,23690,5,4,50.0,2,0,4
19146716,2024-08-31 14:00:00,Dundee vs St. Mirren,Dundee,284,home,St. Mirren,496,1,501,23690,5,6,51.0,2,0,2
19146725,2024-09-14 14:00:00,Ross County vs Dundee,Dundee,284,away,Ross County,246,0,501,23690,5,8,65.0,0,0,1
19146727,2024-09-28 14:00:00,Dundee vs Aberdeen,Dundee,284,home,Aberdeen,273,0,501,23690,5,10,53.0,1,0,0
19146734,2024-10-05 14:00:00,Dundee vs Kilmarnock,Dundee,284,home,Kilmarnock,180,0,501,23690,5,2,36.0,2,1,3
19146743,2024-10-19 14:00:00,Motherwell vs Dundee,Dundee,284,away,Motherwell,309,2,501,23690,5,4,52.0,1,0,2
19146746,2024-10-26 14:00:00,Dundee vs St. Johnstone,Dundee,284,home,St. Johnstone,734,0,501,23690,5,2,36.0,1,0,3
19146752,2024-10-30 19:45:00,Celtic vs Dundee,Dundee,284,away,Celtic,53,0,501,23690,5,2,20.0,0,0,4
19146830,2024-11-03 15:00:00,Dundee vs Kilmarnock,Dundee,284,home,Kilmarnock,180,2,501,23690,5,7,55.0,3,0,2
19146763,2024-11-09 17:30:00,Aberdeen vs Dundee,Dundee,284,away,Aberdeen,273,0,501,23690,5,4,45.0,1,0,1
19146769,2024-11-23 17:45:00,Dundee vs Hibernian,Dundee,284,home,Hibernian,66,2,501,23690,5,8,67.0,4,0,3
19146778,2024-11-30 15:00:00,Kilmarnock vs Dundee,Dundee,284,away,Kilmarnock,180,1,501,23690,5,3,42.0,1,0,2
19146782,2024-12-04 19:45:00,Dundee vs Motherwell,Dundee,284,home,Motherwell,309,2,501,23690,5,4,59.0,4,0,2
19146790,2024-12-07 15:00:00,Hearts vs Dundee,Dundee,284,away,Hearts,314,0,501,23690,5,4,43.0,0,0,3
19146803,2024-12-21 15:00:00,Rangers vs Dundee,Dundee,284,away,Rangers,62,0,501,23690,5,3,28.0,0,0,2
19146807,2024-12-26 15:00:00,Dundee vs Ross County,Dundee,284,home,Ross County,246,0,501,23690,5,5,65.0,0,0,0
19146816,2024-12-29 15:00:00,St. Mirren vs Dundee,Dundee,284,away,St. Mirren,496,2,501,23690,5,9,42.0,2,0,2
19146822,2025-01-02 17:30:00,Dundee vs Dundee United,Dundee,284,home,Dundee United,282,0,501,23690,5,6,53.0,1,0,1
19146828,2025-01-05 15:00:00,St. Johnstone vs Dundee,Dundee,284,away,St. Johnstone,734,2,501,23690,5,5,23.0,3,0,5
19146758,2025-01-09 20:00:00,Dundee vs Rangers,Dundee,284,home,Rangers,62,1,501,23690,5,3,23.0,1,0,0
19146793,2025-01-14 20:00:00,Dundee vs Celtic,Dundee,284,home,Celtic,53,1,501,23690,5,2,21.0,3,0,2
19146841,2025-02-01 15:00:00,Dundee vs Hearts,Dundee,284,home,Hearts,314,0,501,23690,5,3,49.0,0,0,1
19146836,2025-02-05 19:45:00,Celtic vs Dundee,Dundee,284,away,Celtic,53,0,501,23690,5,3,20.0,0,0,4
19146848,2025-02-15 15:00:00,Dundee vs Aberdeen,Dundee,284,home,Aberdeen,273,0,501,23690,5,8,51.0,1,0,2
19146857,2025-02-22 15:00:00,Ross County vs Dundee,Dundee,284,away,Ross County,246,0,501,23690,5,6,47.0,1,0,2
19146863,2025-02-26 19:45:00,Motherwell vs Dundee,Dundee,284,away,Motherwell,309,0,501,23690,5,10,59.0,1,0,0
19146866,2025-03-01 15:00:00,Dundee vs St. Johnstone,Dundee,284,home,St. Johnstone,734,1,501,23690,5,4,41.0,1,0,2
19146872,2025-03-16 15:00:00,Dundee United vs Dundee,Dundee,284,away,Dundee United,282,2,501,23690,5,4,39.0,4,0,2
19146879,2025-03-29 17:30:00,Dundee vs Rangers,Dundee,284,home,Rangers,62,0,501,23690,5,7,37.0,3,0,1
19146883,2025-04-05 14:00:00,Dundee vs St. Mirren,Dundee,284,home,St. Mirren,496,2,501,23690,5,4,38.0,2,0,1
19146892,2025-04-13 13:30:00,Hibernian vs Dundee,Dundee,284,away,Hibernian,66,0,501,23690,5,2,47.0,0,0,1
19415348,2025-04-26 14:00:00,Hearts vs Dundee,Dundee,284,away,Hearts,314,2,501,23690,5,3,27.0,1,0,4
19415351,2025-05-03 14:00:00,Dundee vs Motherwell,Dundee,284,home,Motherwell,309,0,501,23690,5,7,48.0,1,0,1
19415355,2025-05-10 14:00:00,Kilmarnock vs Dundee,Dundee,284,away,Kilmarnock,180,0,501,23690,5,2,59.0,2,0,2
19415357,2025-05-14 18:45:00,Dundee vs Ross County,Dundee,284,home,Ross County,246,1,501,23690,5,10,53.0,1,0,3
19415362,2025-05-18 14:00:00,St. Johnstone vs Dundee,Dundee,284,away,St. Johnstone,734,2,501,23690,5,9,36.0,2,0,1
19428042,2025-08-03 14:00:00,Dundee vs Hibernian,Dundee,284,home,Hibernian,66,0,501,25598,5,3,32.0,1,0,3
19428049,2025-08-09 16:45:00,Rangers vs Dundee,Dundee,284,away,Rangers,62,1,501,25598,5,4,24.0,1,0,1
19428055,2025-08-23 14:00:00,Kilmarnock vs Dundee,Dundee,284,away,Kilmarnock,180,1,501,25598,5,3,46.0,0,0,3
19428058,2025-08-31 13:00:00,Dundee vs Dundee United,Dundee,284,home,Dundee United,282,0,501,25598,5,3,54.0,0,0,0
19428064,2025-09-13 14:00:00,Dundee vs Motherwell,Dundee,284,home,Motherwell,309,1,501,25598,5,2,34.0,1,1,1
19428094,2025-09-20 14:00:00,Dundee vs Livingston,Dundee,284,home,Livingston,258,2,501,25598,5,8,41.0,3,0,1
19428074,2025-09-27 14:00:00,St. Mirren vs Dundee,Dundee,284,away,St. Mirren,496,0,501,25598,5,5,47.0,0,0,2
19428075,2025-10-05 14:00:00,Aberdeen vs Dundee,Dundee,284,away,Aberdeen,273,0,501,25598,5,2,37.0,0,0,0
19428081,2025-10-19 11:00:00,Dundee vs Celtic,Dundee,284,home,Celtic,53,2,501,25598,5,2,18.0,2,0,2
19428089,2025-10-25 14:00:00,Falkirk vs Dundee,Dundee,284,away,Falkirk,770,0,501,25598,5,3,34.0,1,0,2
19428101,2025-11-01 15:00:00,Hearts vs Dundee,Dundee,284,away,Hearts,314,0,501,25598,5,2,33.0,0,0,2
19428107,2025-11-09 15:00:00,Dundee vs Rangers,Dundee,284,home,Rangers,62,0,501,25598,5,4,46.0,0,0,0
19428113,2025-11-22 15:00:00,Hibernian vs Dundee,Dundee,284,away,Hibernian,66,0,501,25598,5,3,43.0,0,0,1
19428117,2025-11-29 15:00:00,Dundee vs St. Mirren,Dundee,284,home,St. Mirren,496,2,501,25598,5,1,38.0,3,0,0
19428124,2025-12-03 19:45:00,Celtic vs Dundee,Dundee,284,away,Celtic,53,0,501,25598,5,0,29.0,0,0,0
19428130,2025-12-06 15:00:00,Dundee vs Aberdeen,Dundee,284,home,Aberdeen,273,0,501,25598,5,6,54.0,1,0,2
19428139,2025-12-13 15:00:00,Livingston vs Dundee,Dundee,284,away,Livingston,258,1,501,25598,5,0,35.0,2,0,2
19428145,2025-12-20 15:00:00,Motherwell vs Dundee,Dundee,284,away,Motherwell,309,0,501,25598,5,3,40.0,0,0,2
19428149,2025-12-27 15:00:00,Dundee vs Falkirk,Dundee,284,home,Falkirk,770,2,501,25598,5,1,42.0,1,1,3
19428153,2025-12-30 19:45:00,Dundee vs Kilmarnock,Dundee,284,home,Kilmarnock,180,2,501,25598,5,7,57.0,2,0,2
19428160,2026-01-03 15:00:00,Dundee United vs Dundee,Dundee,284,away,Dundee United,282,2,501,25598,5,2,45.0,1,0,1
19428167,2026-01-11 14:00:00,Dundee vs Hearts,Dundee,284,home,Hearts,314,0,501,25598,5,6,53.0,0,0,2
19428176,2026-01-25 15:00:00,Rangers vs Dundee,Dundee,284,away,Rangers,62,0,501,25598,5,1,46.0,0,0,1
19428182,2026-01-31 15:00:00,St. Mirren vs Dundee,Dundee,284,away,St. Mirren,496,1,501,25598,5,6,60.0,0,0,
19428191,2026-02-11 19:45:00,Falkirk vs Dundee,Dundee,284,away,Falkirk,770,0,501,25598,5,4,50.0,0,0,1
19428195,2026-02-14 15:00:00,Dundee vs Livingston,Dundee,284,home,Livingston,258,1,501,25598,5,10,71.0,2,0,2
19428201,2026-02-21 15:00:00,Aberdeen vs Dundee,Dundee,284,away,Aberdeen,273,2,501,25598,5,9,47.0,3,0,2
19428207,2026-02-28 15:00:00,Dundee vs Hibernian,Dundee,284,home,Hibernian,66,1,501,25598,5,6,43.0,3,0,1
19428184,2026-03-07 15:00:00,Dundee vs Motherwell,Dundee,284,home,Motherwell,309,2,501,25598,5,3,33.0,2,0,4
19428215,2026-03-15 14:00:00,Dundee vs Dundee United,Dundee,284,home,Dundee United,282,1,501,25598,5,4,57.0,2,0,1
19428221,2026-03-21 15:00:00,Hearts vs Dundee,Dundee,284,away,Hearts,314,0,501,25598,5,7,43.0,0,0,2
19428225,2026-04-05 15:30:00,Dundee vs Celtic,Dundee,284,home,Celtic,53,0,501,25598,5,1,42.0,1,1,0
19428236,2026-04-11 14:00:00,Kilmarnock vs Dundee,Dundee,284,away,Kilmarnock,180,1,501,25598,5,2,49.0,2,0,2
19700228,2026-04-26 13:00:00,Dundee United vs Dundee,Dundee,284,away,Dundee United,282,0,501,25598,5,4,51.0,0,0,0
19700223,2026-05-02 14:00:00,Dundee vs St. Mirren,Dundee,284,home,St. Mirren,496,2,501,25598,5,5,39.0,1,0,1
19700217,2026-05-09 14:00:00,Dundee vs Livingston,Dundee,284,home,Livingston,258,2,501,25598,5,7,43.0,3,0,1
19700211,2026-05-12 18:45:00,Kilmarnock vs Dundee,Dundee,284,away,Kilmarnock,180,0,501,25598,5,2,48.0,1,0,3
19700204,2026-05-17 13:00:00,Dundee vs Aberdeen,Dundee,284,home,Aberdeen,273,2,501,25598,5,7,56.0,3,0,
16475284,2020-08-01 14:00:00,Dundee United vs St. Johnstone,Dundee United,282,home,St. Johnstone,734,1,501,17141,5,3,61.0,1,0,1
16475292,2020-08-08 14:00:00,Motherwell vs Dundee United,Dundee United,282,away,Motherwell,309,2,501,17141,5,8,40.0,1,0,0
16475295,2020-08-11 17:00:00,Dundee United vs Hibernian,Dundee United,282,home,Hibernian,66,0,501,17141,5,7,53.0,0,0,3
16475302,2020-08-15 14:00:00,Ross County vs Dundee United,Dundee United,282,away,Ross County,246,2,501,17141,5,7,48.0,2,0,1
16475311,2020-08-22 16:30:00,Dundee United vs Celtic,Dundee United,282,home,Celtic,53,0,501,17141,5,6,35.0,0,0,2
16475315,2020-08-29 14:00:00,Kilmarnock vs Dundee United,Dundee United,282,away,Kilmarnock,180,0,501,17141,5,10,68.0,0,0,1
16475322,2020-09-12 14:00:00,Rangers vs Dundee United,Dundee United,282,away,Rangers,62,0,501,17141,5,2,40.0,0,0,3
16475327,2020-09-19 14:00:00,Dundee United vs St. Mirren,Dundee United,282,home,St. Mirren,496,2,501,17141,5,8,58.0,2,0,3
16475331,2020-09-26 14:00:00,Hamilton Academical vs Dundee United,Dundee United,282,away,Hamilton Academical,338,1,501,17141,5,5,52.0,1,0,1
16475337,2020-10-02 18:45:00,Dundee United vs Livingston,Dundee United,282,home,Livingston,258,0,501,17141,5,3,44.0,1,0,0
16475343,2020-10-17 14:00:00,Dundee United vs Aberdeen,Dundee United,282,home,Aberdeen,273,1,501,17141,5,2,39.0,0,0,1
16475353,2020-10-24 14:00:00,St. Johnstone vs Dundee United,Dundee United,282,away,St. Johnstone,734,1,501,17141,5,0,44.0,0,0,1
16475355,2020-10-31 15:00:00,Dundee United vs Ross County,Dundee United,282,home,Ross County,246,2,501,17141,5,2,35.0,2,0,1
16475366,2020-11-06 19:45:00,St. Mirren vs Dundee United,Dundee United,282,away,St. Mirren,496,1,501,17141,5,4,43.0,0,0,1
16475368,2020-11-21 15:00:00,Dundee United vs Hamilton Academical,Dundee United,282,home,Hamilton Academical,338,2,501,17141,5,2,58.0,2,0,3
16475375,2020-12-05 15:00:00,Livingston vs Dundee United,Dundee United,282,away,Livingston,258,0,501,17141,5,2,50.0,0,0,2
16475381,2020-12-13 12:00:00,Dundee United vs Rangers,Dundee United,282,home,Rangers,62,0,501,17141,5,3,25.0,1,0,1
16475386,2020-12-19 15:00:00,Hibernian vs Dundee United,Dundee United,282,away,Hibernian,66,1,501,17141,5,5,44.0,1,0,3
16475391,2020-12-23 18:30:00,Dundee United vs Kilmarnock,Dundee United,282,home,Kilmarnock,180,2,501,17141,5,2,42.0,2,0,2
16475397,2020-12-26 15:00:00,Dundee United vs Motherwell,Dundee United,282,home,Motherwell,309,1,501,17141,5,4,55.0,1,0,3
16475404,2020-12-30 15:00:00,Celtic vs Dundee United,Dundee United,282,away,Celtic,53,0,501,17141,5,3,27.0,0,0,2
16475410,2021-01-02 15:00:00,Aberdeen vs Dundee United,Dundee United,282,away,Aberdeen,273,1,501,17141,5,4,47.0,3,0,1
16475417,2021-01-12 18:30:00,Dundee United vs St. Johnstone,Dundee United,282,home,St. Johnstone,734,1,501,17141,5,3,50.0,2,0,3
16475421,2021-01-16 15:00:00,Hamilton Academical vs Dundee United,Dundee United,282,away,Hamilton Academical,338,1,501,17141,5,6,53.0,0,0,3
16475433,2021-01-27 18:00:00,Dundee United vs St. Mirren,Dundee United,282,home,St. Mirren,496,0,501,17141,5,4,49.0,1,0,2
16475427,2021-01-30 15:00:00,Dundee United vs Hibernian,Dundee United,282,home,Hibernian,66,0,501,17141,5,5,59.0,0,0,0
16475442,2021-02-03 18:00:00,Motherwell vs Dundee United,Dundee United,282,away,Motherwell,309,0,501,17141,5,4,64.0,1,0,1
16475449,2021-02-06 15:00:00,Ross County vs Dundee United,Dundee United,282,away,Ross County,246,2,501,17141,5,6,39.0,2,0,3
16475451,2021-02-13 15:00:00,Dundee United vs Livingston,Dundee United,282,home,Livingston,258,2,501,17141,5,3,38.0,3,1,2
16475478,2021-02-21 15:00:00,Rangers vs Dundee United,Dundee United,282,away,Rangers,62,0,501,17141,5,0,37.0,1,0,3
16475460,2021-02-27 15:00:00,Kilmarnock vs Dundee United,Dundee United,282,away,Kilmarnock,180,1,501,17141,5,2,42.0,1,0,4
16475463,2021-03-07 12:00:00,Dundee United vs Celtic,Dundee United,282,home,Celtic,53,1,501,17141,5,5,35.0,0,0,5
16475469,2021-03-20 15:00:00,Dundee United vs Aberdeen,Dundee United,282,home,Aberdeen,273,2,501,17141,5,8,51.0,1,0,0
17947864,2021-04-10 14:00:00,Hamilton Academical vs Dundee United,Dundee United,282,away,Hamilton Academical,338,2,501,17141,5,3,52.0,1,0,2
17947868,2021-04-21 18:45:00,Kilmarnock vs Dundee United,Dundee United,282,away,Kilmarnock,180,0,501,17141,5,4,50.0,0,0,2
17947870,2021-05-01 14:00:00,Dundee United vs Ross County,Dundee United,282,home,Ross County,246,0,501,17141,5,3,58.0,0,0,0
17947873,2021-05-12 17:00:00,Dundee United vs Motherwell,Dundee United,282,home,Motherwell,309,1,501,17141,5,4,51.0,2,0,1
17947878,2021-05-16 11:00:00,St. Mirren vs Dundee United,Dundee United,282,away,St. Mirren,496,1,501,17141,5,4,45.0,0,1,2
18136886,2021-08-01 14:00:00,Aberdeen vs Dundee United,Dundee United,282,away,Aberdeen,273,0,501,18369,5,4,43.0,0,0,3
18136889,2021-08-07 11:30:00,Dundee United vs Rangers,Dundee United,282,home,Rangers,62,2,501,18369,5,5,37.0,1,0,4
18136899,2021-08-22 14:00:00,St. Johnstone vs Dundee United,Dundee United,282,away,St. Johnstone,734,2,501,18369,5,4,49.0,1,1,4
18136901,2021-08-28 14:00:00,Dundee United vs Hearts,Dundee United,282,home,Hearts,314,0,501,18369,5,4,39.0,0,0,2
18136911,2021-09-11 14:00:00,St. Mirren vs Dundee United,Dundee United,282,away,St. Mirren,496,1,501,18369,5,3,45.0,0,0,1
18136913,2021-09-19 11:00:00,Dundee United vs Dundee,Dundee United,282,home,Dundee,284,2,501,18369,5,4,51.0,1,0,4
18136918,2021-09-26 14:00:00,Celtic vs Dundee United,Dundee United,282,away,Celtic,53,1,501,18369,5,2,37.0,1,0,2
18136925,2021-10-02 14:00:00,Dundee United vs Ross County,Dundee United,282,home,Ross County,246,2,501,18369,5,8,53.0,1,0,2
18136931,2021-10-16 14:00:00,Hibernian vs Dundee United,Dundee United,282,away,Hibernian,66,2,501,18369,5,8,39.0,3,0,2
18136938,2021-10-23 14:00:00,Dundee United vs Motherwell,Dundee United,282,home,Motherwell,309,2,501,18369,5,4,47.0,2,0,2
18136944,2021-10-27 18:45:00,Livingston vs Dundee United,Dundee United,282,away,Livingston,258,1,501,18369,5,4,65.0,1,0,4
18136950,2021-10-30 14:00:00,Dundee United vs St. Johnstone,Dundee United,282,home,St. Johnstone,734,0,501,18369,5,8,63.0,0,0,1
18136956,2021-11-06 15:00:00,Hearts vs Dundee United,Dundee United,282,away,Hearts,314,0,501,18369,5,6,49.0,2,0,3
18136960,2021-11-20 15:00:00,Dundee United vs Aberdeen,Dundee United,282,home,Aberdeen,273,2,501,18369,5,4,38.0,1,1,1
18136970,2021-11-27 15:00:00,Ross County vs Dundee United,Dundee United,282,away,Ross County,246,1,501,18369,5,2,46.0,1,0,2
18136976,2021-11-30 19:45:00,Motherwell vs Dundee United,Dundee United,282,away,Motherwell,309,0,501,18369,5,5,53.0,0,0,2
18136979,2021-12-05 12:00:00,Dundee United vs Celtic,Dundee United,282,home,Celtic,53,0,501,18369,5,1,29.0,0,0,1
18136985,2021-12-11 15:00:00,Dundee United vs Livingston,Dundee United,282,home,Livingston,258,0,501,18369,5,3,60.0,0,0,3
18136994,2021-12-18 15:00:00,Rangers vs Dundee United,Dundee United,282,away,Rangers,62,0,501,18369,5,2,32.0,0,0,3
18136997,2021-12-26 15:00:00,Dundee United vs Hibernian,Dundee United,282,home,Hibernian,66,0,501,18369,5,6,35.0,1,0,2
18137004,2022-01-18 19:45:00,Dundee United vs St. Mirren,Dundee United,282,home,St. Mirren,496,0,501,18369,5,8,63.0,1,0,3
18137014,2022-01-26 19:45:00,Dundee United vs Ross County,Dundee United,282,home,Ross County,246,2,501,18369,5,6,59.0,2,0,1
18137021,2022-01-29 15:00:00,Celtic vs Dundee United,Dundee United,282,away,Celtic,53,0,501,18369,5,2,25.0,0,0,2
18137009,2022-02-01 19:45:00,Dundee vs Dundee United,Dundee United,282,away,Dundee,284,1,501,18369,5,6,56.0,0,0,0
18137031,2022-02-05 15:00:00,St. Johnstone vs Dundee United,Dundee United,282,away,St. Johnstone,734,1,501,18369,5,13,62.0,0,0,2
18137033,2022-02-09 19:45:00,Dundee United vs Motherwell,Dundee United,282,home,Motherwell,309,2,501,18369,5,3,48.0,2,0,0
18137039,2022-02-20 12:00:00,Dundee United vs Rangers,Dundee United,282,home,Rangers,62,1,501,18369,5,6,26.0,1,0,3
18137044,2022-02-26 15:00:00,Aberdeen vs Dundee United,Dundee United,282,away,Aberdeen,273,1,501,18369,5,3,47.0,1,0,2
18137053,2022-03-02 19:45:00,Livingston vs Dundee United,Dundee United,282,away,Livingston,258,0,501,18369,5,2,56.0,1,0,1
18137056,2022-03-05 15:00:00,Dundee United vs Hearts,Dundee United,282,home,Hearts,314,1,501,18369,5,2,35.0,2,0,4
18137067,2022-03-19 15:00:00,St. Mirren vs Dundee United,Dundee United,282,away,St. Mirren,496,2,501,18369,5,9,55.0,2,0,3
18137069,2022-04-02 14:00:00,Hibernian vs Dundee United,Dundee United,282,away,Hibernian,66,1,501,18369,5,4,40.0,1,0,2
18137076,2022-04-09 14:00:00,Dundee United vs Dundee,Dundee United,282,home,Dundee,284,1,501,18369,5,1,51.0,2,0,3
18517997,2022-04-24 14:00:00,Dundee United vs Hearts,Dundee United,282,home,Hearts,314,0,501,18369,5,5,46.0,2,0,2
18517998,2022-04-30 14:00:00,Dundee United vs Motherwell,Dundee United,282,home,Motherwell,309,2,501,18369,5,8,59.0,1,0,3
18518003,2022-05-08 14:00:00,Rangers vs Dundee United,Dundee United,282,away,Rangers,62,0,501,18369,5,1,31.0,0,0,2
18518004,2022-05-11 18:30:00,Dundee United vs Celtic,Dundee United,282,home,Celtic,53,1,501,18369,5,1,29.0,1,0,0
18518009,2022-05-14 11:15:00,Ross County vs Dundee United,Dundee United,282,away,Ross County,246,2,501,18369,5,5,55.0,2,0,0
18535489,2022-07-30 14:00:00,Kilmarnock vs Dundee United,Dundee United,282,away,Kilmarnock,180,1,501,19735,5,4,48.0,1,1,2
18535494,2022-08-07 14:00:00,Dundee United vs Livingston,Dundee United,282,home,Livingston,258,0,501,19735,5,9,62.0,0,0,2
18535500,2022-08-14 14:00:00,Hearts vs Dundee United,Dundee United,282,away,Hearts,314,0,501,19735,5,2,48.0,1,0,4
18535506,2022-08-20 14:00:00,Dundee United vs St. Mirren,Dundee United,282,home,St. Mirren,496,0,501,19735,5,6,69.0,0,0,3
18535512,2022-08-28 11:00:00,Dundee United vs Celtic,Dundee United,282,home,Celtic,53,0,501,19735,5,2,24.0,0,0,1
18535520,2022-09-03 14:00:00,Motherwell vs Dundee United,Dundee United,282,away,Motherwell,309,1,501,19735,5,6,34.0,0,0,1
18535532,2022-09-17 14:00:00,Rangers vs Dundee United,Dundee United,282,away,Rangers,62,0,501,19735,5,4,34.0,1,0,2
18535537,2022-10-01 14:00:00,Dundee United vs St. Johnstone,Dundee United,282,home,St. Johnstone,734,0,501,19735,5,9,56.0,1,0,5
18535541,2022-10-08 17:00:00,Dundee United vs Aberdeen,Dundee United,282,home,Aberdeen,273,2,501,19735,5,5,34.0,4,0,2
18535525,2022-10-11 18:45:00,Dundee United vs Hibernian,Dundee United,282,home,Hibernian,66,2,501,19735,5,5,36.0,1,0,5
18535551,2022-10-15 14:00:00,Ross County vs Dundee United,Dundee United,282,away,Ross County,246,1,501,19735,5,10,58.0,1,0,0
18535558,2022-10-22 14:00:00,St. Mirren vs Dundee United,Dundee United,282,away,St. Mirren,496,0,501,19735,5,6,63.0,1,0,1
18535559,2022-10-29 14:00:00,Dundee United vs Motherwell,Dundee United,282,home,Motherwell,309,0,501,19735,5,10,42.0,0,1,0
18535566,2022-11-05 15:00:00,Celtic vs Dundee United,Dundee United,282,away,Celtic,53,0,501,19735,5,2,25.0,2,0,1
18535571,2022-11-09 19:45:00,Dundee United vs Kilmarnock,Dundee United,282,home,Kilmarnock,180,2,501,19735,5,3,40.0,4,0,0
18535577,2022-11-12 18:00:00,Aberdeen vs Dundee United,Dundee United,282,away,Aberdeen,273,0,501,19735,5,3,54.0,0,0,0
18535590,2022-12-24 14:00:00,Dundee United vs Hearts,Dundee United,282,home,Hearts,314,1,501,19735,5,6,33.0,2,0,0
18535595,2022-12-28 19:45:00,Dundee United vs Ross County,Dundee United,282,home,Ross County,246,2,501,19735,5,3,50.0,3,0,2
18535606,2023-01-02 15:00:00,St. Johnstone vs Dundee United,Dundee United,282,away,St. Johnstone,734,2,501,19735,5,2,59.0,1,0,1
18537947,2023-01-08 16:00:00,Dundee United vs Rangers,Dundee United,282,home,Rangers,62,0,501,19735,5,1,31.0,0,0,1
18537953,2023-01-14 15:00:00,Hibernian vs Dundee United,Dundee United,282,away,Hibernian,66,1,501,19735,5,6,42.0,2,0,3
18537957,2023-01-29 16:00:00,Dundee United vs Celtic,Dundee United,282,home,Celtic,53,0,501,19735,5,1,27.0,0,0,2
18537966,2023-02-01 19:45:00,Kilmarnock vs Dundee United,Dundee United,282,away,Kilmarnock,180,0,501,19735,5,2,56.0,0,0,3
18537970,2023-02-04 15:00:00,Hearts vs Dundee United,Dundee United,282,away,Hearts,314,0,501,19735,5,3,34.0,1,1,2
18537976,2023-02-18 15:00:00,Dundee United vs St. Johnstone,Dundee United,282,home,St. Johnstone,734,0,501,19735,5,11,66.0,1,0,2
18537985,2023-02-25 15:00:00,Ross County vs Dundee United,Dundee United,282,away,Ross County,246,0,501,19735,5,2,55.0,0,0,2
18537987,2023-03-04 18:00:00,Dundee United vs Aberdeen,Dundee United,282,home,Aberdeen,273,0,501,19735,5,10,54.0,1,0,2
18535585,2023-03-08 19:45:00,Livingston vs Dundee United,Dundee United,282,away,Livingston,258,1,501,19735,5,6,36.0,1,0,6
18537995,2023-03-18 15:00:00,Dundee United vs St. Mirren,Dundee United,282,home,St. Mirren,496,1,501,19735,5,1,42.0,1,0,1
18538001,2023-04-01 14:00:00,Rangers vs Dundee United,Dundee United,282,away,Rangers,62,0,501,19735,5,2,22.0,0,0,1
18538007,2023-04-09 11:00:00,Dundee United vs Hibernian,Dundee United,282,home,Hibernian,66,2,501,19735,5,0,35.0,2,0,0
18538014,2023-04-15 14:00:00,Motherwell vs Dundee United,Dundee United,282,away,Motherwell,309,2,501,19735,5,6,55.0,2,0,4
18538019,2023-04-22 14:00:00,Dundee United vs Livingston,Dundee United,282,home,Livingston,258,2,501,19735,5,6,43.0,2,0,3
18825708,2023-05-06 14:00:00,St. Johnstone vs Dundee United,Dundee United,282,away,St. Johnstone,734,0,501,19735,5,2,50.0,0,1,3
18825758,2023-05-13 14:00:00,Dundee United vs Ross County,Dundee United,282,home,Ross County,246,0,501,19735,5,6,58.0,1,0,2
18825762,2023-05-20 14:00:00,Livingston vs Dundee United,Dundee United,282,away,Livingston,258,0,501,19735,5,12,59.0,1,1,2
18825764,2023-05-24 18:45:00,Dundee United vs Kilmarnock,Dundee United,282,home,Kilmarnock,180,0,501,19735,5,3,59.0,0,0,1
18825768,2023-05-28 14:00:00,Motherwell vs Dundee United,Dundee United,282,away,Motherwell,309,0,501,19735,5,0,58.0,2,0,0
19146699,2024-08-04 12:30:00,Dundee United vs Dundee,Dundee United,282,home,Dundee,284,1,501,23690,5,5,37.0,2,0,2
19146706,2024-08-10 14:00:00,Ross County vs Dundee United,Dundee United,282,away,Ross County,246,1,501,23690,5,5,43.0,1,0,2
19146710,2024-08-24 14:00:00,Dundee United vs St. Johnstone,Dundee United,282,home,St. Johnstone,734,2,501,23690,5,2,51.0,2,0,2
19146717,2024-09-01 14:00:00,Hearts vs Dundee United,Dundee United,282,away,Hearts,314,2,501,23690,5,3,34.0,,0,
19146723,2024-09-15 11:00:00,Dundee United vs Rangers,Dundee United,282,home,Rangers,62,0,501,23690,5,4,39.0,0,0,4
19146729,2024-09-28 14:00:00,Kilmarnock vs Dundee United,Dundee United,282,away,Kilmarnock,180,1,501,23690,5,3,52.0,2,0,2
19146738,2024-10-05 14:00:00,St. Mirren vs Dundee United,Dundee United,282,away,St. Mirren,496,2,501,23690,5,3,45.0,1,0,3
19146740,2024-10-19 14:00:00,Dundee United vs Hibernian,Dundee United,282,home,Hibernian,66,2,501,23690,5,5,46.0,3,0,2
19146745,2024-10-26 16:30:00,Aberdeen vs Dundee United,Dundee United,282,away,Aberdeen,273,0,501,23690,5,2,30.0,0,0,3
19146753,2024-10-30 19:45:00,Dundee United vs Motherwell,Dundee United,282,home,Motherwell,309,0,501,23690,5,11,58.0,1,0,3
19146783,2024-11-03 15:00:00,Hibernian vs Dundee United,Dundee United,282,away,Hibernian,66,1,501,23690,5,2,43.0,1,0,2
19146764,2024-11-09 15:00:00,Dundee United vs Ross County,Dundee United,282,home,Ross County,246,2,501,23690,5,5,57.0,3,0,1
19146771,2024-11-23 15:45:00,Rangers vs Dundee United,Dundee United,282,away,Rangers,62,1,501,23690,5,1,29.0,1,0,3
19146776,2024-11-30 15:00:00,Dundee United vs St. Mirren,Dundee United,282,home,St. Mirren,496,2,501,23690,5,4,47.0,2,0,2
19146789,2024-12-07 15:00:00,Dundee United vs Kilmarnock,Dundee United,282,home,Kilmarnock,180,1,501,23690,5,9,54.0,1,0,3
19146796,2024-12-14 15:00:00,Motherwell vs Dundee United,Dundee United,282,away,Motherwell,309,0,501,23690,5,3,64.0,3,0,3
19146800,2024-12-22 12:00:00,Dundee United vs Celtic,Dundee United,282,home,Celtic,53,1,501,23690,5,3,22.0,0,0,2
19146809,2024-12-26 15:00:00,St. Johnstone vs Dundee United,Dundee United,282,away,St. Johnstone,734,2,501,23690,5,10,49.0,2,1,1
19146812,2024-12-29 17:15:00,Dundee United vs Aberdeen,Dundee United,282,home,Aberdeen,273,2,501,23690,5,9,40.0,1,0,4
19146822,2025-01-02 17:30:00,Dundee vs Dundee United,Dundee United,282,away,Dundee,284,2,501,23690,5,4,47.0,2,0,2
19146824,2025-01-05 15:00:00,Dundee United vs Hearts,Dundee United,282,home,Hearts,314,0,501,23690,5,5,53.0,0,0,4
19146757,2025-01-08 19:45:00,Celtic vs Dundee United,Dundee United,282,away,Celtic,53,0,501,23690,5,4,24.0,0,0,
19146834,2025-01-11 15:00:00,St. Mirren vs Dundee United,Dundee United,282,away,St. Mirren,496,2,501,23690,5,5,49.0,1,0,3
19146837,2025-01-26 12:00:00,Dundee United vs Rangers,Dundee United,282,home,Rangers,62,0,501,23690,5,3,35.0,1,0,4
19146843,2025-02-01 17:45:00,Kilmarnock vs Dundee United,Dundee United,282,away,Kilmarnock,180,0,501,23690,5,4,59.0,0,0,2
19146847,2025-02-15 15:00:00,Celtic vs Dundee United,Dundee United,282,away,Celtic,53,0,501,23690,5,0,24.0,0,0,3
19146854,2025-02-22 15:00:00,Dundee United vs Motherwell,Dundee United,282,home,Motherwell,309,2,501,23690,5,2,48.0,1,0,0
19146860,2025-02-26 19:45:00,Dundee United vs Hibernian,Dundee United,282,home,Hibernian,66,0,501,23690,5,1,57.0,1,0,1
19146865,2025-03-02 15:00:00,Aberdeen vs Dundee United,Dundee United,282,away,Aberdeen,273,1,501,23690,5,5,27.0,2,0,2
19146872,2025-03-16 15:00:00,Dundee United vs Dundee,Dundee United,282,home,Dundee,284,0,501,23690,5,2,61.0,2,1,3
19146881,2025-03-30 13:30:00,Ross County vs Dundee United,Dundee United,282,away,Ross County,246,2,501,23690,5,9,53.0,1,0,2
19146884,2025-04-06 13:30:00,Hearts vs Dundee United,Dundee United,282,away,Hearts,314,2,501,23690,5,2,50.0,1,0,4
19146891,2025-04-12 14:00:00,Dundee United vs St. Johnstone,Dundee United,282,home,St. Johnstone,734,2,501,23690,5,6,44.0,1,0,1
19415300,2025-04-26 11:30:00,Dundee United vs Celtic,Dundee United,282,home,Celtic,53,0,501,23690,5,1,25.0,0,0,
19415336,2025-05-03 14:00:00,Hibernian vs Dundee United,Dundee United,282,away,Hibernian,66,0,501,23690,5,4,53.0,1,0,1
19415340,2025-05-10 14:00:00,Dundee United vs St. Mirren,Dundee United,282,home,St. Mirren,496,0,501,23690,5,4,54.0,0,0,0
19415343,2025-05-14 18:45:00,Rangers vs Dundee United,Dundee United,282,away,Rangers,62,0,501,23690,5,4,22.0,1,0,1
19415346,2025-05-17 11:30:00,Dundee United vs Aberdeen,Dundee United,282,home,Aberdeen,273,2,501,23690,5,8,35.0,2,0,1
19428041,2025-08-03 13:00:00,Falkirk vs Dundee United,Dundee United,282,away,Falkirk,770,1,501,25598,5,4,48.0,2,0,5
19428045,2025-08-10 14:00:00,Dundee United vs Hearts,Dundee United,282,home,Hearts,314,0,501,25598,5,2,28.0,2,0,3
19428058,2025-08-31 13:00:00,Dundee vs Dundee United,Dundee United,282,away,Dundee,284,2,501,25598,5,2,46.0,2,0,1
19428066,2025-09-13 16:45:00,Hibernian vs Dundee United,Dundee United,282,away,Hibernian,66,1,501,25598,5,4,45.0,3,1,4
19428052,2025-09-23 18:45:00,Dundee United vs Aberdeen,Dundee United,282,home,Aberdeen,273,2,501,25598,5,11,43.0,2,0,2
19428070,2025-09-27 14:00:00,Dundee United vs Kilmarnock,Dundee United,282,home,Kilmarnock,180,0,501,25598,5,9,60.0,0,0,4
19428077,2025-10-04 14:00:00,Dundee United vs Livingston,Dundee United,282,home,Livingston,258,1,501,25598,5,4,44.0,1,0,1
19428085,2025-10-18 14:00:00,Rangers vs Dundee United,Dundee United,282,away,Rangers,62,1,501,25598,5,2,32.0,2,0,4
19428088,2025-10-25 14:00:00,Dundee United vs St. Mirren,Dundee United,282,home,St. Mirren,496,2,501,25598,5,4,45.0,3,0,1
19428097,2025-10-29 19:45:00,Motherwell vs Dundee United,Dundee United,282,away,Motherwell,309,0,501,25598,5,2,40.0,0,0,2
19428110,2025-11-09 15:00:00,Hearts vs Dundee United,Dundee United,282,away,Hearts,314,1,501,25598,5,3,37.0,1,0,4
19428112,2025-11-22 15:00:00,Dundee United vs Falkirk,Dundee United,282,home,Falkirk,770,0,501,25598,5,5,43.0,0,0,3
19428119,2025-11-29 17:45:00,Kilmarnock vs Dundee United,Dundee United,282,away,Kilmarnock,180,1,501,25598,5,3,54.0,1,0,2
19428125,2025-12-03 19:45:00,Dundee United vs Rangers,Dundee United,282,home,Rangers,62,1,501,25598,5,8,33.0,2,0,3
19428134,2025-12-06 15:00:00,St. Mirren vs Dundee United,Dundee United,282,away,St. Mirren,496,0,501,25598,5,2,61.0,0,0,2
19428136,2025-12-13 15:00:00,Dundee United vs Motherwell,Dundee United,282,home,Motherwell,309,1,501,25598,5,1,31.0,0,0,3
19428219,2025-12-17 20:00:00,Dundee United vs Celtic,Dundee United,282,home,Celtic,53,2,501,25598,5,7,27.0,2,0,2
19428142,2025-12-20 15:00:00,Dundee United vs Hibernian,Dundee United,282,home,Hibernian,66,1,501,25598,5,5,41.0,1,0,2
19428148,2025-12-27 17:45:00,Aberdeen vs Dundee United,Dundee United,282,away,Aberdeen,273,1,501,25598,5,5,28.0,1,0,3
19428156,2025-12-30 19:45:00,Livingston vs Dundee United,Dundee United,282,away,Livingston,258,2,501,25598,5,7,44.0,3,0,0
19428160,2026-01-03 15:00:00,Dundee United vs Dundee,Dundee United,282,home,Dundee,284,0,501,25598,5,8,55.0,0,0,2
19428166,2026-01-10 15:00:00,Celtic vs Dundee United,Dundee United,282,away,Celtic,53,0,501,25598,5,3,22.0,0,0,0
19428178,2026-01-31 20:00:00,Dundee United vs Hearts,Dundee United,282,home,Hearts,314,0,501,25598,5,0,30.0,0,2,3
19428185,2026-02-04 19:45:00,Hibernian vs Dundee United,Dundee United,282,away,Hibernian,66,0,501,25598,5,6,50.0,2,0,0
19428196,2026-02-14 15:00:00,Falkirk vs Dundee United,Dundee United,282,away,Falkirk,770,2,501,25598,5,5,41.0,3,0,3
19428203,2026-02-21 15:00:00,Dundee United vs Kilmarnock,Dundee United,282,home,Kilmarnock,180,1,501,25598,5,6,40.0,1,0,1
19428190,2026-02-24 19:45:00,Dundee United vs Aberdeen,Dundee United,282,home,Aberdeen,273,1,501,25598,5,4,43.0,0,0,
19428211,2026-02-28 15:00:00,Motherwell vs Dundee United,Dundee United,282,away,Motherwell,309,0,501,25598,5,3,38.0,0,0,3
19428172,2026-03-03 19:45:00,Dundee United vs St. Mirren,Dundee United,282,home,St. Mirren,496,2,501,25598,5,8,53.0,2,0,2
19428215,2026-03-15 14:00:00,Dundee vs Dundee United,Dundee United,282,away,Dundee,284,1,501,25598,5,7,43.0,2,0,4
19592463,2026-03-22 12:30:00,Dundee United vs Celtic,Dundee United,282,home,Celtic,53,2,501,25598,5,7,26.0,2,0,2
19428229,2026-04-04 14:00:00,Rangers vs Dundee United,Dundee United,282,away,Rangers,62,0,501,25598,5,1,33.0,2,0,2
19428233,2026-04-11 14:00:00,Dundee United vs Livingston,Dundee United,282,home,Livingston,258,2,501,25598,5,4,51.0,3,0,
19700228,2026-04-26 13:00:00,Dundee United vs Dundee,Dundee United,282,home,Dundee,284,2,501,25598,5,2,49.0,3,0,1
19700222,2026-05-02 14:00:00,Kilmarnock vs Dundee United,Dundee United,282,away,Kilmarnock,180,0,501,25598,5,8,59.0,0,0,1
19700218,2026-05-09 14:00:00,Aberdeen vs Dundee United,Dundee United,282,away,Aberdeen,273,0,501,25598,5,2,49.0,0,1,5
19700212,2026-05-12 18:45:00,Dundee United vs Livingston,Dundee United,282,home,Livingston,258,1,501,25598,5,7,48.0,0,0,2
19700202,2026-05-17 13:00:00,St. Mirren vs Dundee United,Dundee United,282,away,St. Mirren,496,1,501,25598,5,2,51.0,1,0,2
19428041,2025-08-03 13:00:00,Falkirk vs Dundee United,Falkirk,770,home,Dundee United,282,1,501,25598,5,2,52.0,2,0,1
19428047,2025-08-09 14:00:00,Livingston vs Falkirk,Falkirk,770,away,Livingston,258,0,501,25598,5,5,59.0,1,0,2
19428057,2025-08-31 14:00:00,Aberdeen vs Falkirk,Falkirk,770,away,Aberdeen,273,2,501,25598,5,6,62.0,1,0,5
19428065,2025-09-13 14:00:00,Falkirk vs St. Mirren,Falkirk,770,home,St. Mirren,496,0,501,25598,5,4,60.0,1,0,1
19428053,2025-09-23 18:45:00,Falkirk vs Hibernian,Falkirk,770,home,Hibernian,66,1,501,25598,5,5,51.0,2,0,2
19428071,2025-09-27 14:00:00,Hearts vs Falkirk,Falkirk,770,away,Hearts,314,0,501,25598,5,5,52.0,0,0,1
19428078,2025-10-05 14:00:00,Falkirk vs Rangers,Falkirk,770,home,Rangers,62,1,501,25598,5,7,43.0,1,0,1
19428084,2025-10-18 14:00:00,Motherwell vs Falkirk,Falkirk,770,away,Motherwell,309,2,501,25598,5,4,33.0,2,0,5
19428089,2025-10-25 14:00:00,Falkirk vs Dundee,Falkirk,770,home,Dundee,284,2,501,25598,5,5,66.0,2,0,2
19428093,2025-10-29 19:45:00,Celtic vs Falkirk,Falkirk,770,away,Celtic,53,0,501,25598,5,3,40.0,0,0,2
19428100,2025-11-01 15:00:00,Falkirk vs Kilmarnock,Falkirk,770,home,Kilmarnock,180,2,501,25598,5,2,49.0,3,0,0
19428108,2025-11-08 15:00:00,Falkirk vs Livingston,Falkirk,770,home,Livingston,258,1,501,25598,5,6,43.0,1,0,3
19428112,2025-11-22 15:00:00,Dundee United vs Falkirk,Falkirk,770,away,Dundee United,282,2,501,25598,5,5,57.0,3,0,3
19428122,2025-11-30 14:00:00,Rangers vs Falkirk,Falkirk,770,away,Rangers,62,1,501,25598,5,5,39.0,0,0,3
19428126,2025-12-03 19:45:00,Falkirk vs Motherwell,Falkirk,770,home,Motherwell,309,1,501,25598,5,6,37.0,0,0,2
19428131,2025-12-06 15:00:00,Hibernian vs Falkirk,Falkirk,770,away,Hibernian,66,0,501,25598,5,4,58.0,0,0,4
19428154,2025-12-13 20:00:00,Falkirk vs Hearts,Falkirk,770,home,Hearts,314,0,501,25598,5,3,47.0,0,0,2
19428144,2025-12-20 15:00:00,Kilmarnock vs Falkirk,Falkirk,770,away,Kilmarnock,180,2,501,25598,5,2,45.0,1,0,1
19428149,2025-12-27 15:00:00,Dundee vs Falkirk,Falkirk,770,away,Dundee,284,0,501,25598,5,9,58.0,0,0,2
19428161,2026-01-03 15:00:00,Falkirk vs Aberdeen,Falkirk,770,home,Aberdeen,273,2,501,25598,5,5,56.0,1,0,2
19428170,2026-01-10 15:00:00,St. Mirren vs Falkirk,Falkirk,770,away,St. Mirren,496,2,501,25598,5,8,62.0,2,0,1
19428137,2026-01-14 19:45:00,Falkirk vs Celtic,Falkirk,770,home,Celtic,53,0,501,25598,5,3,43.0,0,0,0
19428173,2026-01-24 15:00:00,Falkirk vs Hibernian,Falkirk,770,home,Hibernian,66,2,501,25598,5,7,51.0,4,0,2
19428177,2026-02-01 15:00:00,Celtic vs Falkirk,Falkirk,770,away,Celtic,53,0,501,25598,5,4,42.0,0,0,2
19428186,2026-02-04 19:45:00,Livingston vs Falkirk,Falkirk,770,away,Livingston,258,2,501,25598,5,4,56.0,2,0,4
19428191,2026-02-11 19:45:00,Falkirk vs Dundee,Falkirk,770,home,Dundee,284,2,501,25598,5,4,50.0,1,0,3
19428196,2026-02-14 15:00:00,Falkirk vs Dundee United,Falkirk,770,home,Dundee United,282,0,501,25598,5,4,59.0,2,1,1
19428204,2026-02-21 15:00:00,Hearts vs Falkirk,Falkirk,770,away,Hearts,314,0,501,25598,5,4,51.0,0,0,3
19428208,2026-02-28 15:00:00,Falkirk vs Kilmarnock,Falkirk,770,home,Kilmarnock,180,2,501,25598,5,3,50.0,5,0,3
19428213,2026-03-14 15:00:00,Aberdeen vs Falkirk,Falkirk,770,away,Aberdeen,273,1,501,25598,5,10,58.0,1,0,0
19428220,2026-03-21 15:00:00,Falkirk vs St. Mirren,Falkirk,770,home,St. Mirren,496,0,501,25598,5,7,58.0,1,0,1
19428228,2026-04-04 14:00:00,Motherwell vs Falkirk,Falkirk,770,away,Motherwell,309,2,501,25598,5,2,38.0,3,0,3
19428234,2026-04-12 11:00:00,Falkirk vs Rangers,Falkirk,770,home,Rangers,62,0,501,25598,5,2,52.0,3,0,3
19700229,2026-04-25 16:30:00,Celtic vs Falkirk,Falkirk,770,away,Celtic,53,0,501,25598,5,7,45.0,1,0,3
19700224,2026-05-02 14:00:00,Falkirk vs Motherwell,Falkirk,770,home,Motherwell,309,2,501,25598,5,2,49.0,1,0,4
19700219,2026-05-09 14:00:00,Falkirk vs Hibernian,Falkirk,770,home,Hibernian,66,0,501,25598,5,6,68.0,1,0,0
19700210,2026-05-13 19:00:00,Hearts vs Falkirk,Falkirk,770,away,Hearts,314,0,501,25598,5,5,35.0,0,0,3
19700206,2026-05-16 11:30:00,Falkirk vs Rangers,Falkirk,770,home,Rangers,62,0,501,25598,5,7,55.0,2,0,3
378889,2017-01-29 13:00:00,Celtic vs Hearts,Hearts,314,away,Celtic,53,0,501,825,5,1,34.0,0,0,1
378930,2017-02-01 19:45:00,Hearts vs Rangers,Hearts,314,home,Rangers,62,2,501,825,5,13,53.0,4,0,2
378965,2017-02-04 12:15:00,Motherwell vs Hearts,Hearts,314,away,Motherwell,309,2,501,825,5,5,58.0,3,0,3
379040,2017-02-18 15:00:00,Hearts vs Inverness CT,Hearts,314,home,Inverness CT,265,1,501,825,5,11,60.0,1,0,0
379144,2017-02-25 15:00:00,Partick Thistle vs Hearts,Hearts,314,away,Partick Thistle,339,0,501,825,5,3,57.0,0,1,2
379174,2017-03-01 19:45:00,Hearts vs Ross County,Hearts,314,home,Ross County,246,0,501,825,5,3,59.0,0,0,1
379227,2017-03-11 15:00:00,Hearts vs Hamilton Academical,Hearts,314,home,Hamilton Academical,338,2,501,825,5,5,58.0,4,0,0
379276,2017-03-18 12:15:00,Aberdeen vs Hearts,Hearts,314,away,Aberdeen,273,0,501,825,5,3,40.0,0,0,3
379388,2017-04-02 11:30:00,Hearts vs Celtic,Hearts,314,home,Celtic,53,0,501,825,5,2,46.0,0,0,3
379449,2017-04-05 18:45:00,St. Johnstone vs Hearts,Hearts,314,away,St. Johnstone,734,0,501,825,5,0,50.0,0,0,0
379479,2017-04-08 14:00:00,Hearts vs Dundee,Hearts,314,home,Dundee,284,2,501,825,5,10,57.0,1,0,0
379519,2017-04-14 18:45:00,Kilmarnock vs Hearts,Hearts,314,away,Kilmarnock,180,1,501,825,5,6,56.0,0,0,2
376683,2017-04-29 14:00:00,Hearts vs Partick Thistle,Hearts,314,home,Partick Thistle,339,1,501,825,5,8,58.0,2,0,1
376767,2017-05-07 14:00:00,Hearts vs Aberdeen,Hearts,314,home,Aberdeen,273,0,501,825,5,4,52.0,1,1,2
234028,2017-05-13 11:15:00,Rangers vs Hearts,Hearts,314,away,Rangers,62,0,501,825,5,4,46.0,1,1,1
234036,2017-05-17 18:45:00,St. Johnstone vs Hearts,Hearts,314,away,St. Johnstone,734,0,501,825,5,11,56.0,0,0,1
234042,2017-05-21 11:30:00,Celtic vs Hearts,Hearts,314,away,Celtic,53,0,501,825,5,4,41.0,0,0,2
1871764,2017-08-05 11:30:00,Celtic vs Hearts,Hearts,314,away,Celtic,53,0,501,7953,5,5,30.0,1,0,3
1871779,2017-08-19 14:00:00,Rangers vs Hearts,Hearts,314,away,Rangers,62,1,501,7953,5,2,30.0,0,0,1
1871863,2017-08-26 14:00:00,Motherwell vs Hearts,Hearts,314,away,Motherwell,309,0,501,7953,5,3,51.0,1,0,3
1871788,2017-09-09 14:00:00,Hearts vs Aberdeen,Hearts,314,home,Aberdeen,273,1,501,7953,5,10,45.0,0,0,3
1871796,2017-09-16 14:00:00,Hamilton Academical vs Hearts,Hearts,314,away,Hamilton Academical,338,2,501,7953,5,2,40.0,2,0,1
1871844,2017-09-23 15:00:00,Partick Thistle vs Hearts,Hearts,314,away,Partick Thistle,339,1,501,7953,5,6,54.0,1,0,2
1871807,2017-09-30 14:00:00,Dundee vs Hearts,Hearts,314,away,Dundee,284,0,501,7953,5,10,56.0,1,0,1
1871815,2017-10-14 14:00:00,Ross County vs Hearts,Hearts,314,away,Ross County,246,2,501,7953,5,6,50.0,2,1,5
1871817,2017-10-21 14:00:00,Hearts vs St. Johnstone,Hearts,314,home,St. Johnstone,734,2,501,7953,5,4,47.0,1,0,4
1871826,2017-10-24 18:45:00,Hibernian vs Hearts,Hearts,314,away,Hibernian,66,0,501,7953,5,2,47.0,0,0,3
1871832,2017-10-28 11:30:00,Hearts vs Rangers,Hearts,314,home,Rangers,62,0,501,7953,5,3,45.0,1,0,1
1871770,2017-11-05 15:00:00,Hearts vs Kilmarnock,Hearts,314,home,Kilmarnock,180,0,501,7953,5,7,53.0,1,0,4
1871799,2017-11-19 15:00:00,Hearts vs Partick Thistle,Hearts,314,home,Partick Thistle,339,1,501,7953,5,3,54.0,1,0,1
1871850,2017-11-25 15:00:00,Hearts vs Ross County,Hearts,314,home,Ross County,246,1,501,7953,5,8,63.0,0,0,2
1871855,2017-12-02 15:15:00,Hearts vs Hamilton Academical,Hearts,314,home,Hamilton Academical,338,1,501,7953,5,5,49.0,1,1,5
1871783,2017-12-09 15:00:00,Hearts vs Motherwell,Hearts,314,home,Motherwell,309,2,501,7953,5,6,50.0,1,0,0
1871866,2017-12-12 19:45:00,Hearts vs Dundee,Hearts,314,home,Dundee,284,2,501,7953,5,4,47.0,2,0,1
1871874,2017-12-17 12:30:00,Hearts vs Celtic,Hearts,314,home,Celtic,53,2,501,7953,5,4,47.0,4,0,2
1871882,2017-12-23 15:00:00,St. Johnstone vs Hearts,Hearts,314,away,St. Johnstone,734,1,501,7953,5,7,58.0,0,1,2
1871886,2017-12-27 19:45:00,Hearts vs Hibernian,Hearts,314,home,Hibernian,66,1,501,7953,5,0,54.0,0,0,3
1871889,2017-12-30 15:00:00,Aberdeen vs Hearts,Hearts,314,away,Aberdeen,273,1,501,7953,5,1,32.0,0,1,5
1871896,2018-01-24 19:45:00,Hamilton Academical vs Hearts,Hearts,314,away,Hamilton Academical,338,2,501,7953,5,4,52.0,3,0,3
1871904,2018-01-27 15:00:00,Hearts vs Motherwell,Hearts,314,home,Motherwell,309,1,501,7953,5,2,52.0,1,0,0
1871907,2018-01-30 19:45:00,Celtic vs Hearts,Hearts,314,away,Celtic,53,0,501,7953,5,3,36.0,1,0,3
1871915,2018-02-03 15:00:00,Hearts vs St. Johnstone,Hearts,314,home,St. Johnstone,734,2,501,7953,5,1,53.0,1,0,4
1871924,2018-02-17 12:30:00,Ross County vs Hearts,Hearts,314,away,Ross County,246,1,501,7953,5,10,55.0,1,0,1
1871929,2018-02-24 15:00:00,Rangers vs Hearts,Hearts,314,away,Rangers,62,0,501,7953,5,2,36.0,0,0,3
1871932,2018-02-27 19:45:00,Hearts vs Kilmarnock,Hearts,314,home,Kilmarnock,180,1,501,7953,5,4,55.0,1,0,2
1871939,2018-03-09 19:45:00,Hibernian vs Hearts,Hearts,314,away,Hibernian,66,0,501,7953,5,4,44.0,0,0,1
1871944,2018-03-17 15:00:00,Hearts vs Partick Thistle,Hearts,314,home,Partick Thistle,339,2,501,7953,5,3,57.0,3,0,1
1871951,2018-04-01 11:30:00,Dundee vs Hearts,Hearts,314,away,Dundee,284,1,501,7953,5,4,44.0,1,0,4
1871956,2018-04-07 14:00:00,Hearts vs Aberdeen,Hearts,314,home,Aberdeen,273,2,501,7953,5,3,44.0,2,0,1
10320700,2018-04-22 11:30:00,Rangers vs Hearts,Hearts,314,away,Rangers,62,0,501,7953,5,5,39.0,1,0,1
10320701,2018-04-27 18:45:00,Aberdeen vs Hearts,Hearts,314,away,Aberdeen,273,0,501,7953,5,1,53.0,0,0,2
10320712,2018-05-06 11:15:00,Hearts vs Celtic,Hearts,314,home,Celtic,53,0,501,7953,5,5,51.0,1,0,4
10320718,2018-05-09 18:45:00,Hearts vs Hibernian,Hearts,314,home,Hibernian,66,2,501,7953,5,5,45.0,2,0,1
10320724,2018-05-13 11:30:00,Kilmarnock vs Hearts,Hearts,314,away,Kilmarnock,180,0,501,7953,5,5,45.0,0,0,2
10333190,2018-08-04 14:00:00,Hamilton Academical vs Hearts,Hearts,314,away,Hamilton Academical,338,2,501,12963,5,6,49.0,4,0,2
10333197,2018-08-11 11:30:00,Hearts vs Celtic,Hearts,314,home,Celtic,53,2,501,12963,5,0,38.0,1,0,5
10333201,2018-08-25 14:00:00,Kilmarnock vs Hearts,Hearts,314,away,Kilmarnock,180,2,501,12963,5,6,55.0,1,0,3
10333210,2018-09-01 14:00:00,Hearts vs St. Mirren,Hearts,314,home,St. Mirren,496,2,501,12963,5,10,60.0,4,0,2
10333212,2018-09-15 14:00:00,Motherwell vs Hearts,Hearts,314,away,Motherwell,309,2,501,12963,5,4,42.0,1,0,1
10333219,2018-09-22 14:00:00,Hearts vs Livingston,Hearts,314,home,Livingston,258,1,501,12963,5,7,59.0,0,0,1
10333227,2018-09-29 14:00:00,Hearts vs St. Johnstone,Hearts,314,home,St. Johnstone,734,2,501,12963,5,9,55.0,2,0,0
10333231,2018-10-07 14:00:00,Rangers vs Hearts,Hearts,314,away,Rangers,62,0,501,12963,5,3,39.0,1,1,3
10333240,2018-10-20 14:00:00,Hearts vs Aberdeen,Hearts,314,home,Aberdeen,273,2,501,12963,5,7,55.0,2,0,5
10333241,2018-10-23 18:45:00,Dundee vs Hearts,Hearts,314,away,Dundee,284,2,501,12963,5,6,53.0,3,0,1
10333247,2018-10-31 19:45:00,Hearts vs Hibernian,Hearts,314,home,Hibernian,66,1,501,12963,5,8,58.0,0,0,3
10333253,2018-11-03 15:00:00,Celtic vs Hearts,Hearts,314,away,Celtic,53,0,501,12963,5,2,44.0,0,0,3
10333264,2018-11-10 15:00:00,Hearts vs Kilmarnock,Hearts,314,home,Kilmarnock,180,0,501,12963,5,4,53.0,0,0,3
10333265,2018-11-24 15:00:00,St. Mirren vs Hearts,Hearts,314,away,St. Mirren,496,0,501,12963,5,4,,0,0,0
10333273,2018-12-02 12:00:00,Hearts vs Rangers,Hearts,314,home,Rangers,62,0,501,12963,5,5,45.0,1,0,0
10333282,2018-12-05 19:45:00,St. Johnstone vs Hearts,Hearts,314,away,St. Johnstone,734,1,501,12963,5,1,51.0,2,0,3
10333286,2018-12-08 15:00:00,Hearts vs Motherwell,Hearts,314,home,Motherwell,309,2,501,12963,5,4,47.0,1,0,0
10333289,2018-12-14 19:45:00,Livingston vs Hearts,Hearts,314,away,Livingston,258,0,501,12963,5,1,50.0,0,1,3
10333298,2018-12-22 15:00:00,Aberdeen vs Hearts,Hearts,314,away,Aberdeen,273,0,501,12963,5,0,46.0,0,1,3
10333303,2018-12-26 15:00:00,Hearts vs Hamilton Academical,Hearts,314,home,Hamilton Academical,338,2,501,12963,5,5,58.0,2,0,2
10333308,2018-12-29 17:30:00,Hibernian vs Hearts,Hearts,314,away,Hibernian,66,2,501,12963,5,2,46.0,1,0,2
10333314,2019-01-23 19:45:00,Hearts vs Dundee,Hearts,314,home,Dundee,284,0,501,12963,5,7,58.0,1,0,1
10333320,2019-01-26 15:00:00,Hearts vs St. Johnstone,Hearts,314,home,St. Johnstone,734,2,501,12963,5,8,57.0,2,0,1
10333328,2019-02-01 19:45:00,Kilmarnock vs Hearts,Hearts,314,away,Kilmarnock,180,2,501,12963,5,0,45.0,2,0,2
10333331,2019-02-06 19:45:00,Hearts vs Livingston,Hearts,314,home,Livingston,258,1,501,12963,5,6,56.0,0,0,1
10333342,2019-02-17 12:15:00,Motherwell vs Hearts,Hearts,314,away,Motherwell,309,0,501,12963,5,6,51.0,1,1,2
10333345,2019-02-23 15:00:00,Hearts vs St. Mirren,Hearts,314,home,St. Mirren,496,1,501,12963,5,9,57.0,1,0,3
10333354,2019-02-27 19:45:00,Hearts vs Celtic,Hearts,314,home,Celtic,53,0,501,12963,5,4,38.0,1,1,3
10333355,2019-03-09 15:00:00,Dundee vs Hearts,Hearts,314,away,Dundee,284,2,501,12963,5,3,53.0,1,0,3
10333366,2019-03-16 15:00:00,Hamilton Academical vs Hearts,Hearts,314,away,Hamilton Academical,338,0,501,12963,5,5,62.0,0,0,0
10333371,2019-03-30 15:00:00,Hearts vs Aberdeen,Hearts,314,home,Aberdeen,273,2,501,12963,5,1,45.0,2,0,4
10333378,2019-04-03 18:45:00,Rangers vs Hearts,Hearts,314,away,Rangers,62,0,501,12963,5,4,37.0,0,0,2
10333380,2019-04-06 11:30:00,Hearts vs Hibernian,Hearts,314,home,Hibernian,66,0,501,12963,5,11,57.0,1,0,1
11853595,2019-04-20 11:00:00,Hearts vs Rangers,Hearts,314,home,Rangers,62,0,501,12963,5,6,46.0,1,0,1
11853599,2019-04-28 11:15:00,Hibernian vs Hearts,Hearts,314,away,Hibernian,66,1,501,12963,5,4,51.0,1,0,6
11853602,2019-05-04 14:00:00,Hearts vs Kilmarnock,Hearts,314,home,Kilmarnock,180,0,501,12963,5,5,49.0,0,0,3
11853604,2019-05-10 18:45:00,Aberdeen vs Hearts,Hearts,314,away,Aberdeen,273,0,501,12963,5,2,52.0,1,0,4
11853607,2019-05-19 14:00:00,Celtic vs Hearts,Hearts,314,away,Celtic,53,0,501,12963,5,1,42.0,1,0,1
11879544,2019-08-04 14:00:00,Aberdeen vs Hearts,Hearts,314,away,Aberdeen,273,0,501,16222,5,4,40.0,2,1,4
11879551,2019-08-10 14:00:00,Hearts vs Ross County,Hearts,314,home,Ross County,246,1,501,16222,5,8,,0,0,0
11879556,2019-08-25 14:00:00,Celtic vs Hearts,Hearts,314,away,Celtic,53,0,501,16222,5,3,,1,0,3
11879563,2019-08-31 14:00:00,Hearts vs Hamilton Academical,Hearts,314,home,Hamilton Academical,338,1,501,16222,5,6,,2,0,1
11879570,2019-09-14 14:00:00,Hearts vs Motherwell,Hearts,314,home,Motherwell,309,0,501,16222,5,1,,2,0,3
11879575,2019-09-22 14:00:00,Hibernian vs Hearts,Hearts,314,away,Hibernian,66,2,501,16222,5,7,53.0,2,0,1
11879585,2019-09-28 14:00:00,St. Mirren vs Hearts,Hearts,314,away,St. Mirren,496,1,501,16222,5,8,,0,0,1
11879587,2019-10-05 14:00:00,Hearts vs Kilmarnock,Hearts,314,home,Kilmarnock,180,0,501,16222,5,5,55.0,0,0,0
11879594,2019-10-20 11:15:00,Hearts vs Rangers,Hearts,314,home,Rangers,62,1,501,16222,5,2,30.0,1,0,4
11879601,2019-10-26 14:00:00,Livingston vs Hearts,Hearts,314,away,Livingston,258,1,501,16222,5,3,58.0,0,0,3
11879609,2019-10-30 19:45:00,St. Johnstone vs Hearts,Hearts,314,away,St. Johnstone,734,0,501,16222,5,4,59.0,0,0,4
11879617,2019-11-09 15:00:00,Hearts vs St. Mirren,Hearts,314,home,St. Mirren,496,2,501,16222,5,8,54.0,5,0,0
11879625,2019-11-23 15:00:00,Kilmarnock vs Hearts,Hearts,314,away,Kilmarnock,180,0,501,16222,5,6,51.0,0,0,0
11879632,2019-12-01 15:00:00,Rangers vs Hearts,Hearts,314,away,Rangers,62,0,501,16222,5,3,33.0,0,0,3
11879636,2019-12-04 19:45:00,Hearts vs Livingston,Hearts,314,home,Livingston,258,1,501,16222,5,5,59.0,1,0,0
11879643,2019-12-07 15:00:00,Motherwell vs Hearts,Hearts,314,away,Motherwell,309,0,501,16222,5,1,56.0,0,1,1
11879648,2019-12-14 15:00:00,Hearts vs St. Johnstone,Hearts,314,home,St. Johnstone,734,0,501,16222,5,12,68.0,0,0,2
11879612,2019-12-18 19:45:00,Hearts vs Celtic,Hearts,314,home,Celtic,53,0,501,16222,5,2,54.0,0,0,4
11879653,2019-12-21 15:00:00,Hamilton Academical vs Hearts,Hearts,314,away,Hamilton Academical,338,0,501,16222,5,11,65.0,1,0,4
11879660,2019-12-26 12:30:00,Hearts vs Hibernian,Hearts,314,home,Hibernian,66,0,501,16222,5,10,61.0,0,0,3
11879665,2019-12-29 14:00:00,Hearts vs Aberdeen,Hearts,314,home,Aberdeen,273,1,501,16222,5,6,51.0,1,1,2
11879675,2020-01-22 19:45:00,Ross County vs Hearts,Hearts,314,away,Ross County,246,1,501,16222,5,9,61.0,0,0,1
11879678,2020-01-26 15:00:00,Hearts vs Rangers,Hearts,314,home,Rangers,62,2,501,16222,5,4,50.0,2,0,1
11879687,2020-02-01 15:00:00,St. Johnstone vs Hearts,Hearts,314,away,St. Johnstone,734,1,501,16222,5,7,62.0,3,0,3
11879689,2020-02-05 19:45:00,Hearts vs Kilmarnock,Hearts,314,home,Kilmarnock,180,0,501,16222,5,12,69.0,2,0,4
11879694,2020-02-12 19:45:00,Celtic vs Hearts,Hearts,314,away,Celtic,53,0,501,16222,5,6,43.0,0,1,2
11879701,2020-02-15 15:00:00,Hearts vs Hamilton Academical,Hearts,314,home,Hamilton Academical,338,1,501,16222,5,7,72.0,2,0,2
11879712,2020-03-03 19:45:00,Hibernian vs Hearts,Hearts,314,away,Hibernian,66,2,501,16222,5,7,46.0,3,0,2
11879721,2020-03-07 15:00:00,Hearts vs Motherwell,Hearts,314,home,Motherwell,309,1,501,16222,5,7,56.0,1,0,2
11879711,2020-03-11 19:45:00,St. Mirren vs Hearts,Hearts,314,away,St. Mirren,496,0,501,16222,5,3,61.0,0,0,2
18136885,2021-07-31 19:00:00,Hearts vs Celtic,Hearts,314,home,Celtic,53,2,501,18369,5,6,37.0,2,0,0
18136892,2021-08-07 14:00:00,St. Mirren vs Hearts,Hearts,314,away,St. Mirren,496,2,501,18369,5,0,49.0,2,0,2
18136896,2021-08-22 14:00:00,Hearts vs Aberdeen,Hearts,314,home,Aberdeen,273,1,501,18369,5,3,46.0,1,0,3
18136901,2021-08-28 14:00:00,Dundee United vs Hearts,Hearts,314,away,Dundee United,282,2,501,18369,5,4,61.0,2,0,2
18136908,2021-09-12 11:00:00,Hearts vs Hibernian,Hearts,314,home,Hibernian,66,1,501,18369,5,11,55.0,0,0,1
18136917,2021-09-18 14:00:00,Ross County vs Hearts,Hearts,314,away,Ross County,246,1,501,18369,5,9,66.0,2,0,1
18136920,2021-09-25 14:00:00,Hearts vs Livingston,Hearts,314,home,Livingston,258,2,501,18369,5,4,69.0,3,0,0
18136926,2021-10-02 14:00:00,Hearts vs Motherwell,Hearts,314,home,Motherwell,309,2,501,18369,5,7,54.0,2,0,3
18136933,2021-10-16 14:00:00,Rangers vs Hearts,Hearts,314,away,Rangers,62,1,501,18369,5,4,46.0,1,0,4
18136939,2021-10-23 14:00:00,Hearts vs Dundee,Hearts,314,home,Dundee,284,1,501,18369,5,5,70.0,1,0,2
18136947,2021-10-27 18:45:00,St. Johnstone vs Hearts,Hearts,314,away,St. Johnstone,734,1,501,18369,5,6,73.0,1,0,2
18136948,2021-10-30 14:00:00,Aberdeen vs Hearts,Hearts,314,away,Aberdeen,273,0,501,18369,5,5,49.0,1,1,2
18136956,2021-11-06 15:00:00,Hearts vs Dundee United,Hearts,314,home,Dundee United,282,2,501,18369,5,8,51.0,5,0,0
18136962,2021-11-20 15:00:00,Motherwell vs Hearts,Hearts,314,away,Motherwell,309,0,501,18369,5,4,54.0,0,1,2
18136968,2021-11-27 15:00:00,Hearts vs St. Mirren,Hearts,314,home,St. Mirren,496,2,501,18369,5,5,51.0,2,0,2
18136973,2021-12-02 19:45:00,Celtic vs Hearts,Hearts,314,away,Celtic,53,0,501,18369,5,6,36.0,0,0,0
18136981,2021-12-05 15:00:00,Livingston vs Hearts,Hearts,314,away,Livingston,258,2,501,18369,5,3,52.0,1,0,4
18136986,2021-12-12 12:00:00,Hearts vs Rangers,Hearts,314,home,Rangers,62,0,501,18369,5,10,53.0,0,1,6
18136990,2021-12-18 15:00:00,Dundee vs Hearts,Hearts,314,away,Dundee,284,2,501,18369,5,9,63.0,1,0,2
18136998,2021-12-26 15:00:00,Hearts vs Ross County,Hearts,314,home,Ross County,246,2,501,18369,5,4,60.0,2,0,1
18137005,2022-01-18 19:45:00,Hearts vs St. Johnstone,Hearts,314,home,St. Johnstone,734,2,501,18369,5,4,55.0,2,0,2
18137015,2022-01-26 19:45:00,Hearts vs Celtic,Hearts,314,home,Celtic,53,0,501,18369,5,4,43.0,1,0,3
18137023,2022-01-29 15:00:00,Hearts vs Motherwell,Hearts,314,home,Motherwell,309,2,501,18369,5,5,54.0,2,0,1
18137010,2022-02-01 19:45:00,Hibernian vs Hearts,Hearts,314,away,Hibernian,66,1,501,18369,5,5,53.0,0,0,3
18137030,2022-02-06 16:00:00,Rangers vs Hearts,Hearts,314,away,Rangers,62,0,501,18369,5,3,43.0,0,0,2
18137034,2022-02-09 19:45:00,Hearts vs Dundee,Hearts,314,home,Dundee,284,0,501,18369,5,9,71.0,1,0,0
18137043,2022-02-19 15:00:00,St. Johnstone vs Hearts,Hearts,314,away,St. Johnstone,734,0,501,18369,5,8,65.0,1,0,0
18137049,2022-02-26 15:00:00,St. Mirren vs Hearts,Hearts,314,away,St. Mirren,496,2,501,18369,5,9,63.0,2,0,4
18137052,2022-03-02 19:45:00,Hearts vs Aberdeen,Hearts,314,home,Aberdeen,273,2,501,18369,5,6,58.0,2,0,1
18137056,2022-03-05 15:00:00,Dundee United vs Hearts,Hearts,314,away,Dundee United,282,1,501,18369,5,5,65.0,2,0,3
18137065,2022-03-19 15:00:00,Hearts vs Livingston,Hearts,314,home,Livingston,258,2,501,18369,5,6,58.0,2,0,0
18137072,2022-04-02 14:00:00,Ross County vs Hearts,Hearts,314,away,Ross County,246,1,501,18369,5,4,66.0,1,0,1
18137077,2022-04-09 14:00:00,Hearts vs Hibernian,Hearts,314,home,Hibernian,66,2,501,18369,5,5,58.0,3,0,1
18517997,2022-04-24 14:00:00,Dundee United vs Hearts,Hearts,314,away,Dundee United,282,2,501,18369,5,9,54.0,3,0,4
18517999,2022-04-30 14:00:00,Hearts vs Ross County,Hearts,314,home,Ross County,246,1,501,18369,5,7,58.0,0,0,0
18518001,2022-05-07 11:00:00,Celtic vs Hearts,Hearts,314,away,Celtic,53,0,501,18369,5,3,36.0,1,0,2
18518005,2022-05-11 18:45:00,Motherwell vs Hearts,Hearts,314,away,Motherwell,309,0,501,18369,5,6,71.0,1,0,0
18518008,2022-05-14 11:15:00,Hearts vs Rangers,Hearts,314,home,Rangers,62,0,501,18369,5,6,42.0,1,0,1
18535488,2022-07-30 14:00:00,Hearts vs Ross County,Hearts,314,home,Ross County,246,2,501,19735,5,4,60.0,2,0,1
18535495,2022-08-07 11:00:00,Hibernian vs Hearts,Hearts,314,away,Hibernian,66,1,501,19735,5,9,43.0,1,0,1
18535500,2022-08-14 14:00:00,Hearts vs Dundee United,Hearts,314,home,Dundee United,282,2,501,19735,5,3,51.0,4,0,0
18535505,2022-08-21 14:00:00,Celtic vs Hearts,Hearts,314,away,Celtic,53,0,501,19735,5,6,30.0,0,2,5
18535513,2022-08-28 14:00:00,Hearts vs St. Johnstone,Hearts,314,home,St. Johnstone,734,2,501,19735,5,3,59.0,3,0,0
18535519,2022-09-03 14:00:00,Livingston vs Hearts,Hearts,314,away,Livingston,258,0,501,19735,5,3,63.0,0,0,2
18535531,2022-09-18 14:00:00,Motherwell vs Hearts,Hearts,314,away,Motherwell,309,2,501,19735,5,2,47.0,3,0,2
18535538,2022-10-01 11:30:00,Hearts vs Rangers,Hearts,314,home,Rangers,62,0,501,19735,5,5,34.0,0,1,1
18535543,2022-10-09 14:00:00,Kilmarnock vs Hearts,Hearts,314,away,Kilmarnock,180,1,501,19735,5,3,61.0,2,0,1
18535547,2022-10-16 14:00:00,Aberdeen vs Hearts,Hearts,314,away,Aberdeen,273,0,501,19735,5,1,58.0,0,0,3
18535553,2022-10-22 11:30:00,Hearts vs Celtic,Hearts,314,home,Celtic,53,0,501,19735,5,3,36.0,3,0,2
18535563,2022-10-30 15:00:00,Ross County vs Hearts,Hearts,314,away,Ross County,246,2,501,19735,5,1,58.0,2,0,2
18535567,2022-11-06 15:00:00,Hearts vs Motherwell,Hearts,314,home,Motherwell,309,2,501,19735,5,6,47.0,3,1,2
18535575,2022-11-09 19:45:00,Rangers vs Hearts,Hearts,314,away,Rangers,62,0,501,19735,5,5,45.0,0,0,1
18535579,2022-11-12 15:00:00,Hearts vs Livingston,Hearts,314,home,Livingston,258,1,501,19735,5,11,75.0,1,1,1
18535584,2022-12-17 15:00:00,Hearts vs Kilmarnock,Hearts,314,home,Kilmarnock,180,2,501,19735,5,7,63.0,3,0,1
18535590,2022-12-24 14:00:00,Dundee United vs Hearts,Hearts,314,away,Dundee United,282,1,501,19735,5,9,67.0,2,0,0
18535600,2022-12-28 19:45:00,St. Johnstone vs Hearts,Hearts,314,away,St. Johnstone,734,2,501,19735,5,11,64.0,3,0,1
18535602,2023-01-02 15:00:00,Hearts vs Hibernian,Hearts,314,home,Hibernian,66,2,501,19735,5,3,51.0,3,0,2
18537950,2023-01-07 15:00:00,St. Mirren vs Hearts,Hearts,314,away,St. Mirren,496,1,501,19735,5,4,74.0,1,0,2
18535526,2023-01-13 19:45:00,Hearts vs St. Mirren,Hearts,314,home,St. Mirren,496,2,501,19735,5,5,68.0,1,0,2
18537952,2023-01-18 19:45:00,Hearts vs Aberdeen,Hearts,314,home,Aberdeen,273,2,501,19735,5,3,54.0,5,0,1
18537959,2023-01-29 13:30:00,Livingston vs Hearts,Hearts,314,away,Livingston,258,1,501,19735,5,5,47.0,0,0,2
18537965,2023-02-01 19:45:00,Hearts vs Rangers,Hearts,314,home,Rangers,62,0,501,19735,5,1,50.0,0,0,3
18537970,2023-02-04 15:00:00,Hearts vs Dundee United,Hearts,314,home,Dundee United,282,2,501,19735,5,10,65.0,3,2,4
18537979,2023-02-19 12:00:00,Motherwell vs Hearts,Hearts,314,away,Motherwell,309,0,501,19735,5,9,67.0,0,0,1
18537988,2023-03-04 15:00:00,Hearts vs St. Johnstone,Hearts,314,home,St. Johnstone,734,2,501,19735,5,8,58.0,3,0,0
18537982,2023-03-08 19:45:00,Celtic vs Hearts,Hearts,314,away,Celtic,53,0,501,19735,5,3,30.0,1,0,2
18537993,2023-03-18 15:00:00,Aberdeen vs Hearts,Hearts,314,away,Aberdeen,273,0,501,19735,5,7,63.0,0,0,3
18538000,2023-04-01 14:00:00,Kilmarnock vs Hearts,Hearts,314,away,Kilmarnock,180,0,501,19735,5,5,64.0,1,0,2
18538008,2023-04-08 14:00:00,Hearts vs St. Mirren,Hearts,314,home,St. Mirren,496,0,501,19735,5,6,66.0,0,1,3
18538011,2023-04-15 11:30:00,Hibernian vs Hearts,Hearts,314,away,Hibernian,66,0,501,19735,5,7,62.0,0,0,4
18538020,2023-04-22 11:30:00,Hearts vs Ross County,Hearts,314,home,Ross County,246,2,501,19735,5,8,64.0,6,0,1
18825709,2023-05-07 13:15:00,Hearts vs Celtic,Hearts,314,home,Celtic,53,0,501,19735,5,6,29.0,0,1,0
18825748,2023-05-13 14:00:00,St. Mirren vs Hearts,Hearts,314,away,St. Mirren,496,1,501,19735,5,4,64.0,2,1,4
18825750,2023-05-20 11:30:00,Hearts vs Aberdeen,Hearts,314,home,Aberdeen,273,2,501,19735,5,5,61.0,2,0,1
18825754,2023-05-24 18:45:00,Rangers vs Hearts,Hearts,314,away,Rangers,62,1,501,19735,5,2,31.0,2,0,4
18825756,2023-05-27 11:30:00,Hearts vs Hibernian,Hearts,314,home,Hibernian,66,1,501,19735,5,4,31.0,1,1,3
18861940,2023-08-05 14:00:00,St. Johnstone vs Hearts,Hearts,314,away,St. Johnstone,734,2,501,21787,5,9,68.0,2,0,3
18861944,2023-08-13 14:00:00,Hearts vs Kilmarnock,Hearts,314,home,Kilmarnock,180,1,501,21787,5,6,64.0,0,0,3
18861950,2023-08-27 14:00:00,Dundee vs Hearts,Hearts,314,away,Dundee,284,0,501,21787,5,8,65.0,0,0,1
18861956,2023-09-03 14:00:00,Hearts vs Motherwell,Hearts,314,home,Motherwell,309,0,501,21787,5,16,68.0,0,0,1
18861962,2023-09-16 14:00:00,Hearts vs Aberdeen,Hearts,314,home,Aberdeen,273,2,501,21787,5,9,53.0,2,0,4
18861972,2023-09-23 14:00:00,St. Mirren vs Hearts,Hearts,314,away,St. Mirren,496,0,501,21787,5,8,70.0,0,0,1
18861977,2023-09-30 14:00:00,Ross County vs Hearts,Hearts,314,away,Ross County,246,2,501,21787,5,5,63.0,1,0,2
18861982,2023-10-07 14:00:00,Hearts vs Hibernian,Hearts,314,home,Hibernian,66,1,501,21787,5,7,49.0,2,0,2
18861986,2023-10-22 13:15:00,Hearts vs Celtic,Hearts,314,home,Celtic,53,0,501,21787,5,3,42.0,1,0,2
18861995,2023-10-29 15:00:00,Rangers vs Hearts,Hearts,314,away,Rangers,62,0,501,21787,5,2,31.0,1,0,5
18862855,2023-11-01 19:45:00,Hearts vs Livingston,Hearts,314,home,Livingston,258,2,501,21787,5,12,77.0,1,0,2
18862007,2023-11-11 15:00:00,Motherwell vs Hearts,Hearts,314,away,Motherwell,309,2,501,21787,5,10,59.0,2,0,2
18862012,2023-11-25 15:00:00,Hearts vs St. Johnstone,Hearts,314,home,St. Johnstone,734,2,501,21787,5,6,61.0,1,0,2
18862016,2023-12-02 15:00:00,Kilmarnock vs Hearts,Hearts,314,away,Kilmarnock,180,2,501,21787,5,3,48.0,1,0,1
18862862,2023-12-06 20:00:00,Hearts vs Rangers,Hearts,314,home,Rangers,62,0,501,21787,5,6,48.0,0,0,3
18862021,2023-12-09 15:00:00,Aberdeen vs Hearts,Hearts,314,away,Aberdeen,273,0,501,21787,5,8,49.0,1,0,7
18862027,2023-12-16 15:00:00,Celtic vs Hearts,Hearts,314,away,Celtic,53,2,501,21787,5,3,23.0,2,0,0
18862035,2023-12-23 15:00:00,Hearts vs St. Mirren,Hearts,314,home,St. Mirren,496,2,501,21787,5,8,54.0,2,0,2
18862044,2023-12-27 20:00:00,Hibernian vs Hearts,Hearts,314,away,Hibernian,66,2,501,21787,5,5,52.0,1,0,3
18862047,2023-12-30 15:00:00,Hearts vs Ross County,Hearts,314,home,Ross County,246,1,501,21787,5,9,63.0,2,0,1
18862053,2024-01-02 15:00:00,Livingston vs Hearts,Hearts,314,away,Livingston,258,2,501,21787,5,3,47.0,2,0,3
18861998,2024-01-23 19:45:00,Hearts vs Dundee,Hearts,314,home,Dundee,284,2,501,21787,5,7,67.0,3,0,1
18862058,2024-01-27 15:00:00,Hearts vs Aberdeen,Hearts,314,home,Aberdeen,273,2,501,21787,5,7,55.0,2,0,1
18862064,2024-02-03 15:00:00,Dundee vs Hearts,Hearts,314,away,Dundee,284,2,501,21787,5,5,58.0,3,0,1
18862073,2024-02-07 19:45:00,St. Johnstone vs Hearts,Hearts,314,away,St. Johnstone,734,2,501,21787,5,4,52.0,1,0,1
18862078,2024-02-17 15:00:00,Hearts vs Motherwell,Hearts,314,home,Motherwell,309,2,501,21787,5,9,72.0,2,0,1
18862084,2024-02-24 15:00:00,Rangers vs Hearts,Hearts,314,away,Rangers,62,0,501,21787,5,2,47.0,0,0,2
18862089,2024-02-28 19:45:00,Hearts vs Hibernian,Hearts,314,home,Hibernian,66,1,501,21787,5,4,56.0,1,0,2
18862094,2024-03-03 12:00:00,Hearts vs Celtic,Hearts,314,home,Celtic,53,2,501,21787,5,7,49.0,2,0,2
18862104,2024-03-16 15:00:00,Ross County vs Hearts,Hearts,314,away,Ross County,246,0,501,21787,5,15,64.0,1,0,1
18862106,2024-03-30 15:00:00,Hearts vs Kilmarnock,Hearts,314,home,Kilmarnock,180,1,501,21787,5,7,61.0,1,0,2
18862116,2024-04-06 14:00:00,St. Mirren vs Hearts,Hearts,314,away,St. Mirren,496,2,501,21787,5,7,41.0,2,0,2
18862119,2024-04-13 14:00:00,Hearts vs Livingston,Hearts,314,home,Livingston,258,2,501,21787,5,5,62.0,4,0,1
19116467,2024-04-27 14:00:00,Kilmarnock vs Hearts,Hearts,314,away,Kilmarnock,180,1,501,21787,5,4,55.0,0,0,0
19116485,2024-05-04 14:00:00,Celtic vs Hearts,Hearts,314,away,Celtic,53,0,501,21787,5,8,40.0,0,0,2
19116489,2024-05-11 14:00:00,Hearts vs Dundee,Hearts,314,home,Dundee,284,2,501,21787,5,2,54.0,3,0,0
19116493,2024-05-15 18:45:00,St. Mirren vs Hearts,Hearts,314,away,St. Mirren,496,1,501,21787,5,3,56.0,2,0,
19116496,2024-05-18 11:30:00,Hearts vs Rangers,Hearts,314,home,Rangers,62,1,501,21787,5,2,46.0,3,0,1
19146697,2024-08-03 11:30:00,Hearts vs Rangers,Hearts,314,home,Rangers,62,1,501,23690,5,8,37.0,0,0,3
19146707,2024-08-10 16:30:00,Dundee vs Hearts,Hearts,314,away,Dundee,284,0,501,23690,5,10,60.0,1,0,4
19146712,2024-08-25 14:00:00,Motherwell vs Hearts,Hearts,314,away,Motherwell,309,0,501,23690,5,7,68.0,1,0,4
19146717,2024-09-01 14:00:00,Hearts vs Dundee United,Hearts,314,home,Dundee United,282,0,501,23690,5,6,66.0,0,0,
19146722,2024-09-14 14:00:00,Celtic vs Hearts,Hearts,314,away,Celtic,53,0,501,23690,5,3,29.0,0,0,1
19146786,2024-09-21 14:00:00,St. Mirren vs Hearts,Hearts,314,away,St. Mirren,496,0,501,23690,5,4,63.0,1,0,4
19146728,2024-09-28 14:00:00,Hearts vs Ross County,Hearts,314,home,Ross County,246,1,501,23690,5,11,70.0,0,0,1
19146733,2024-10-06 14:00:00,Aberdeen vs Hearts,Hearts,314,away,Aberdeen,273,0,501,23690,5,5,44.0,2,1,7
19146741,2024-10-19 14:00:00,Hearts vs St. Mirren,Hearts,314,home,St. Mirren,496,2,501,23690,5,1,60.0,4,0,0
19146747,2024-10-27 12:00:00,Hibernian vs Hearts,Hearts,314,away,Hibernian,66,1,501,23690,5,6,64.0,1,0,3
19146754,2024-10-30 19:45:00,Hearts vs Kilmarnock,Hearts,314,home,Kilmarnock,180,0,501,23690,5,10,69.0,1,0,1
19146761,2024-11-02 15:00:00,St. Johnstone vs Hearts,Hearts,314,away,St. Johnstone,734,2,501,23690,5,9,39.0,2,0,4
19146768,2024-11-10 17:00:00,Rangers vs Hearts,Hearts,314,away,Rangers,62,0,501,23690,5,6,51.0,0,0,3
19146770,2024-11-23 19:45:00,Hearts vs Celtic,Hearts,314,home,Celtic,53,0,501,23690,5,1,32.0,1,0,1
19146777,2024-12-01 15:00:00,Hearts vs Aberdeen,Hearts,314,home,Aberdeen,273,1,501,23690,5,9,54.0,1,0,1
19146790,2024-12-07 15:00:00,Hearts vs Dundee,Hearts,314,home,Dundee,284,2,501,23690,5,6,57.0,2,0,2
19146795,2024-12-15 15:00:00,Kilmarnock vs Hearts,Hearts,314,away,Kilmarnock,180,0,501,23690,5,6,75.0,0,0,2
19146801,2024-12-22 15:00:00,Hearts vs St. Johnstone,Hearts,314,home,St. Johnstone,734,2,501,23690,5,8,49.0,2,0,2
19146805,2024-12-26 12:30:00,Hearts vs Hibernian,Hearts,314,home,Hibernian,66,0,501,23690,5,6,67.0,1,0,2
19146815,2024-12-29 15:00:00,Ross County vs Hearts,Hearts,314,away,Ross County,246,1,501,23690,5,5,51.0,2,0,
19146818,2025-01-02 15:00:00,Hearts vs Motherwell,Hearts,314,home,Motherwell,309,2,501,23690,5,12,65.0,1,0,3
19146824,2025-01-05 15:00:00,Dundee United vs Hearts,Hearts,314,away,Dundee United,282,2,501,23690,5,5,47.0,1,0,2
19146829,2025-01-12 15:00:00,Aberdeen vs Hearts,Hearts,314,away,Aberdeen,273,1,501,23690,5,3,51.0,0,0,1
19146838,2025-01-25 15:00:00,Hearts vs Kilmarnock,Hearts,314,home,Kilmarnock,180,2,501,23690,5,3,49.0,3,0,2
19146841,2025-02-01 15:00:00,Dundee vs Hearts,Hearts,314,away,Dundee,284,2,501,23690,5,9,51.0,6,0,0
19146849,2025-02-16 12:00:00,Hearts vs Rangers,Hearts,314,home,Rangers,62,0,501,23690,5,10,53.0,1,0,1
19146858,2025-02-23 12:00:00,St. Johnstone vs Hearts,Hearts,314,away,St. Johnstone,734,2,501,23690,5,6,42.0,2,0,3
19146861,2025-02-26 19:45:00,Hearts vs St. Mirren,Hearts,314,home,St. Mirren,496,2,501,23690,5,5,55.0,3,0,0
19146867,2025-03-02 12:30:00,Hibernian vs Hearts,Hearts,314,away,Hibernian,66,0,501,23690,5,6,54.0,1,0,1
19146873,2025-03-15 15:00:00,Hearts vs Ross County,Hearts,314,home,Ross County,246,2,501,23690,5,6,62.0,2,0,0
19146878,2025-03-29 15:00:00,Celtic vs Hearts,Hearts,314,away,Celtic,53,0,501,23690,5,1,29.0,0,0,1
19146884,2025-04-06 13:30:00,Hearts vs Dundee United,Hearts,314,home,Dundee United,282,0,501,23690,5,5,50.0,0,1,1
19146893,2025-04-12 14:00:00,Motherwell vs Hearts,Hearts,314,away,Motherwell,309,1,501,23690,5,2,54.0,0,0,3
19415348,2025-04-26 14:00:00,Hearts vs Dundee,Hearts,314,home,Dundee,284,0,501,23690,5,7,73.0,0,0,1
19415352,2025-05-03 14:00:00,Ross County vs Hearts,Hearts,314,away,Ross County,246,2,501,23690,5,13,63.0,3,0,1
19415354,2025-05-10 14:00:00,Hearts vs Motherwell,Hearts,314,home,Motherwell,309,2,501,23690,5,6,50.0,3,0,2
19415358,2025-05-14 18:45:00,Hearts vs St. Johnstone,Hearts,314,home,St. Johnstone,734,2,501,23690,5,8,55.0,2,0,1
19415360,2025-05-18 14:00:00,Kilmarnock vs Hearts,Hearts,314,away,Kilmarnock,180,2,501,23690,5,4,52.0,1,1,1
19428044,2025-08-04 19:00:00,Hearts vs Aberdeen,Hearts,314,home,Aberdeen,273,2,501,25598,5,3,48.0,2,0,3
19428045,2025-08-10 14:00:00,Dundee United vs Hearts,Hearts,314,away,Dundee United,282,2,501,25598,5,9,72.0,3,0,4
19428054,2025-08-23 14:00:00,Hearts vs Motherwell,Hearts,314,home,Motherwell,309,1,501,25598,5,9,49.0,3,0,3
19428060,2025-08-30 14:00:00,Livingston vs Hearts,Hearts,314,away,Livingston,258,2,501,25598,5,9,60.0,2,0,2
19428068,2025-09-13 14:00:00,Rangers vs Hearts,Hearts,314,away,Rangers,62,2,501,25598,5,2,33.0,2,0,1
19428071,2025-09-27 14:00:00,Hearts vs Falkirk,Hearts,314,home,Falkirk,770,2,501,25598,5,9,48.0,3,0,0
19428079,2025-10-04 16:45:00,Hearts vs Hibernian,Hearts,314,home,Hibernian,66,2,501,25598,5,4,62.0,1,0,2
19428083,2025-10-18 16:45:00,Kilmarnock vs Hearts,Hearts,314,away,Kilmarnock,180,2,501,25598,5,5,59.0,3,0,2
19428090,2025-10-26 12:00:00,Hearts vs Celtic,Hearts,314,home,Celtic,53,2,501,25598,5,5,35.0,3,0,4
19428098,2025-10-29 19:45:00,St. Mirren vs Hearts,Hearts,314,away,St. Mirren,496,1,501,25598,5,7,52.0,2,0,2
19428101,2025-11-01 15:00:00,Hearts vs Dundee,Hearts,314,home,Dundee,284,2,501,25598,5,6,67.0,4,0,0
19428110,2025-11-09 15:00:00,Hearts vs Dundee United,Hearts,314,home,Dundee United,282,1,501,25598,5,4,63.0,1,0,2
19428111,2025-11-23 15:00:00,Aberdeen vs Hearts,Hearts,314,away,Aberdeen,273,0,501,25598,5,3,60.0,0,0,4
19428121,2025-11-29 15:00:00,Motherwell vs Hearts,Hearts,314,away,Motherwell,309,1,501,25598,5,4,45.0,0,0,4
19428127,2025-12-03 19:45:00,Hearts vs Kilmarnock,Hearts,314,home,Kilmarnock,180,1,501,25598,5,9,65.0,1,0,1
19428129,2025-12-07 15:00:00,Celtic vs Hearts,Hearts,314,away,Celtic,53,2,501,25598,5,3,28.0,2,0,3
19428154,2025-12-13 20:00:00,Falkirk vs Hearts,Hearts,314,away,Falkirk,770,2,501,25598,5,7,53.0,2,0,2
19428143,2025-12-21 13:30:00,Hearts vs Rangers,Hearts,314,home,Rangers,62,2,501,25598,5,6,42.0,2,0,2
19428147,2025-12-27 12:30:00,Hibernian vs Hearts,Hearts,314,away,Hibernian,66,0,501,25598,5,8,67.0,2,0,0
19428162,2026-01-03 15:00:00,Hearts vs Livingston,Hearts,314,home,Livingston,258,2,501,25598,5,7,63.0,1,0,0
19428167,2026-01-11 14:00:00,Dundee vs Hearts,Hearts,314,away,Dundee,284,2,501,25598,5,4,47.0,1,1,0
19428138,2026-01-14 19:45:00,Hearts vs St. Mirren,Hearts,314,home,St. Mirren,496,2,501,25598,5,3,40.0,2,1,0
19428174,2026-01-25 15:00:00,Hearts vs Celtic,Hearts,314,home,Celtic,53,1,501,25598,5,2,55.0,2,0,3
19428178,2026-01-31 20:00:00,Dundee United vs Hearts,Hearts,314,away,Dundee United,282,2,501,25598,5,6,70.0,3,0,1
19428188,2026-02-03 20:00:00,St. Mirren vs Hearts,Hearts,314,away,St. Mirren,496,0,501,25598,5,2,46.0,0,1,1
19428192,2026-02-10 20:00:00,Hearts vs Hibernian,Hearts,314,home,Hibernian,66,2,501,25598,5,4,52.0,1,0,0
19428200,2026-02-15 16:30:00,Rangers vs Hearts,Hearts,314,away,Rangers,62,0,501,25598,5,3,44.0,2,0,3
19428204,2026-02-21 15:00:00,Hearts vs Falkirk,Hearts,314,home,Falkirk,770,2,501,25598,5,8,49.0,1,0,1
19428209,2026-02-28 15:00:00,Hearts vs Aberdeen,Hearts,314,home,Aberdeen,273,2,501,25598,5,7,53.0,1,0,3
19428217,2026-03-14 20:00:00,Kilmarnock vs Hearts,Hearts,314,away,Kilmarnock,180,0,501,25598,5,9,61.0,0,0,2
19428221,2026-03-21 15:00:00,Hearts vs Dundee,Hearts,314,home,Dundee,284,2,501,25598,5,4,57.0,1,1,3
19428227,2026-04-05 13:00:00,Livingston vs Hearts,Hearts,314,away,Livingston,258,1,501,25598,5,5,65.0,2,1,1
19428235,2026-04-11 14:00:00,Hearts vs Motherwell,Hearts,314,home,Motherwell,309,2,501,25598,5,6,47.0,3,0,1
19700226,2026-04-26 15:30:00,Hibernian vs Hearts,Hearts,314,away,Hibernian,66,2,501,25598,5,11,76.0,2,0,3
19700220,2026-05-04 16:30:00,Hearts vs Rangers,Hearts,314,home,Rangers,62,2,501,25598,5,2,42.0,2,0,1
19700215,2026-05-09 19:00:00,Motherwell vs Hearts,Hearts,314,away,Motherwell,309,1,501,25598,5,6,53.0,1,0,3
19700210,2026-05-13 19:00:00,Hearts vs Falkirk,Hearts,314,home,Falkirk,770,2,501,25598,5,5,65.0,3,0,1
19700207,2026-05-16 11:30:00,Celtic vs Hearts,Hearts,314,away,Celtic,53,0,501,25598,5,6,33.0,1,0,3
1871766,2017-08-05 14:00:00,Hibernian vs Partick Thistle,Hibernian,66,home,Partick Thistle,339,2,501,7953,5,3,54.0,3,0,2
1871772,2017-08-12 14:00:00,Rangers vs Hibernian,Hibernian,66,away,Rangers,62,2,501,7953,5,5,50.0,3,0,3
1871776,2017-08-19 14:00:00,Hibernian vs Hamilton Academical,Hibernian,66,home,Hamilton Academical,338,0,501,7953,5,8,56.0,1,0,0
1871782,2017-08-27 11:30:00,Dundee vs Hibernian,Hibernian,66,away,Dundee,284,1,501,7953,5,15,58.0,1,0,2
1871792,2017-09-09 14:00:00,St. Johnstone vs Hibernian,Hibernian,66,away,St. Johnstone,734,1,501,7953,5,13,68.0,1,0,1
1871797,2017-09-16 14:00:00,Hibernian vs Motherwell,Hibernian,66,home,Motherwell,309,1,501,7953,5,3,48.0,2,0,1
1871803,2017-09-23 14:00:00,Ross County vs Hibernian,Hibernian,66,away,Ross County,246,2,501,7953,5,8,52.0,1,0,1
1871806,2017-09-30 14:00:00,Celtic vs Hibernian,Hibernian,66,away,Celtic,53,1,501,7953,5,6,39.0,2,0,2
1871813,2017-10-14 14:00:00,Hibernian vs Aberdeen,Hibernian,66,home,Aberdeen,273,0,501,7953,5,7,54.0,0,0,2
1871826,2017-10-24 18:45:00,Hibernian vs Hearts,Hibernian,66,home,Hearts,314,2,501,7953,5,8,53.0,1,0,1
1871833,2017-10-28 14:00:00,Motherwell vs Hibernian,Hibernian,66,away,Motherwell,309,2,501,7953,5,8,50.0,1,0,0
1871818,2017-10-31 19:45:00,Kilmarnock vs Hibernian,Hibernian,66,away,Kilmarnock,180,2,501,7953,5,5,51.0,3,0,3
1871836,2017-11-04 15:00:00,Hibernian vs Dundee,Hibernian,66,home,Dundee,284,2,501,7953,5,6,52.0,2,0,4
1871843,2017-11-18 15:00:00,Hibernian vs St. Johnstone,Hibernian,66,home,St. Johnstone,734,0,501,7953,5,10,60.0,1,0,1
1871849,2017-11-25 15:00:00,Hamilton Academical vs Hibernian,Hibernian,66,away,Hamilton Academical,338,1,501,7953,5,11,63.0,1,0,1
1871856,2017-12-02 15:00:00,Partick Thistle vs Hibernian,Hibernian,66,away,Partick Thistle,339,2,501,7953,5,9,51.0,1,0,0
1871861,2017-12-10 12:30:00,Hibernian vs Celtic,Hibernian,66,home,Celtic,53,1,501,7953,5,3,39.0,2,0,1
1871867,2017-12-13 19:45:00,Hibernian vs Rangers,Hibernian,66,home,Rangers,62,0,501,7953,5,4,60.0,1,0,1
1871871,2017-12-16 12:30:00,Aberdeen vs Hibernian,Hibernian,66,away,Aberdeen,273,0,501,7953,5,7,50.0,1,0,1
1871878,2017-12-23 15:00:00,Hibernian vs Ross County,Hibernian,66,home,Ross County,246,2,501,7953,5,10,57.0,2,0,3
1871886,2017-12-27 19:45:00,Hearts vs Hibernian,Hibernian,66,away,Hearts,314,1,501,7953,5,4,46.0,0,0,1
1871891,2017-12-30 15:00:00,Hibernian vs Kilmarnock,Hibernian,66,home,Kilmarnock,180,1,501,7953,5,16,64.0,1,0,2
1871895,2018-01-24 19:45:00,Dundee vs Hibernian,Hibernian,66,away,Dundee,284,2,501,7953,5,11,56.0,1,0,2
1871902,2018-01-27 15:00:00,Celtic vs Hibernian,Hibernian,66,away,Celtic,53,0,501,7953,5,4,51.0,0,0,1
1871908,2018-01-31 19:45:00,Hibernian vs Motherwell,Hibernian,66,home,Motherwell,309,2,501,7953,5,4,50.0,2,0,0
1871918,2018-02-03 15:00:00,Rangers vs Hibernian,Hibernian,66,away,Rangers,62,2,501,7953,5,2,35.0,2,0,6
1871921,2018-02-17 15:00:00,Hibernian vs Aberdeen,Hibernian,66,home,Aberdeen,273,2,501,7953,5,6,54.0,2,0,2
1871928,2018-02-24 12:30:00,Kilmarnock vs Hibernian,Hibernian,66,away,Kilmarnock,180,1,501,7953,5,4,39.0,2,0,4
1871939,2018-03-09 19:45:00,Hibernian vs Hearts,Hibernian,66,home,Hearts,314,2,501,7953,5,5,56.0,2,0,1
1871948,2018-03-16 19:45:00,St. Johnstone vs Hibernian,Hibernian,66,away,St. Johnstone,734,1,501,7953,5,4,43.0,1,1,1
1871952,2018-03-31 14:00:00,Hibernian vs Partick Thistle,Hibernian,66,home,Partick Thistle,339,2,501,7953,5,5,51.0,2,0,1
1871933,2018-04-03 18:45:00,Hibernian vs Hamilton Academical,Hibernian,66,home,Hamilton Academical,338,2,501,7953,5,6,60.0,3,0,1
1871959,2018-04-07 14:00:00,Ross County vs Hibernian,Hibernian,66,away,Ross County,246,1,501,7953,5,13,63.0,1,0,0
10320695,2018-04-21 11:30:00,Hibernian vs Celtic,Hibernian,66,home,Celtic,53,2,501,7953,5,6,42.0,2,0,2
10320703,2018-04-28 14:00:00,Hibernian vs Kilmarnock,Hibernian,66,home,Kilmarnock,180,2,501,7953,5,5,48.0,5,0,2
10320709,2018-05-05 14:00:00,Aberdeen vs Hibernian,Hibernian,66,away,Aberdeen,273,1,501,7953,5,3,48.0,0,0,2
10320718,2018-05-09 18:45:00,Hearts vs Hibernian,Hibernian,66,away,Hearts,314,0,501,7953,5,3,55.0,1,0,2
10320723,2018-05-13 11:30:00,Hibernian vs Rangers,Hibernian,66,home,Rangers,62,1,501,7953,5,10,56.0,5,0,3
10333187,2018-08-05 14:00:00,Hibernian vs Motherwell,Hibernian,66,home,Motherwell,309,2,501,12963,5,0,49.0,3,0,1
10333194,2018-08-12 14:00:00,St. Johnstone vs Hibernian,Hibernian,66,away,St. Johnstone,734,1,501,12963,5,7,57.0,1,0,0
10333200,2018-08-25 14:00:00,Hibernian vs Aberdeen,Hibernian,66,home,Aberdeen,273,1,501,12963,5,7,57.0,1,0,4
10333205,2018-09-01 14:00:00,Livingston vs Hibernian,Hibernian,66,away,Livingston,258,0,501,12963,5,3,52.0,1,0,1
10333211,2018-09-15 14:00:00,Hibernian vs Kilmarnock,Hibernian,66,home,Kilmarnock,180,2,501,12963,5,5,50.0,3,0,0
10333220,2018-09-22 14:00:00,Dundee vs Hibernian,Hibernian,66,away,Dundee,284,2,501,12963,5,4,53.0,3,0,1
10333226,2018-09-29 14:00:00,St. Mirren vs Hibernian,Hibernian,66,away,St. Mirren,496,2,501,12963,5,8,56.0,1,0,4
10333233,2018-10-06 14:00:00,Hibernian vs Hamilton Academical,Hibernian,66,home,Hamilton Academical,338,2,501,12963,5,5,62.0,6,0,0
10333235,2018-10-20 14:00:00,Celtic vs Hibernian,Hibernian,66,away,Celtic,53,0,501,12963,5,7,49.0,2,0,2
10333247,2018-10-31 19:45:00,Hearts vs Hibernian,Hibernian,66,away,Hearts,314,1,501,12963,5,5,42.0,0,1,4
10333257,2018-11-03 15:00:00,Hibernian vs St. Johnstone,Hibernian,66,home,St. Johnstone,734,0,501,12963,5,5,51.0,0,0,3
10333260,2018-11-09 19:45:00,Aberdeen vs Hibernian,Hibernian,66,away,Aberdeen,273,0,501,12963,5,6,49.0,0,0,3
10333267,2018-11-24 15:00:00,Hibernian vs Dundee,Hibernian,66,home,Dundee,284,1,501,12963,5,5,,2,0,3
10333276,2018-12-01 15:00:00,Kilmarnock vs Hibernian,Hibernian,66,away,Kilmarnock,180,0,501,12963,5,1,47.0,0,0,1
10333281,2018-12-05 19:45:00,Hibernian vs St. Mirren,Hibernian,66,home,St. Mirren,496,1,501,12963,5,4,58.0,2,0,4
10333288,2018-12-08 15:00:00,Hamilton Academical vs Hibernian,Hibernian,66,away,Hamilton Academical,338,2,501,12963,5,6,57.0,1,0,1
10333292,2018-12-16 12:30:00,Hibernian vs Celtic,Hibernian,66,home,Celtic,53,2,501,12963,5,4,43.0,2,0,0
10333246,2018-12-19 19:45:00,Hibernian vs Rangers,Hibernian,66,home,Rangers,62,1,501,12963,5,1,49.0,0,0,2
10333299,2018-12-22 15:00:00,Hibernian vs Livingston,Hibernian,66,home,Livingston,258,1,501,12963,5,6,61.0,1,0,1
10333306,2018-12-26 15:00:00,Rangers vs Hibernian,Hibernian,66,away,Rangers,62,1,501,12963,5,3,50.0,1,0,2
10333308,2018-12-29 17:30:00,Hibernian vs Hearts,Hibernian,66,home,Hearts,314,0,501,12963,5,11,54.0,0,0,1
10333318,2019-01-23 19:45:00,Motherwell vs Hibernian,Hibernian,66,away,Motherwell,309,0,501,12963,5,1,52.0,0,0,2
10333319,2019-01-27 13:30:00,St. Mirren vs Hibernian,Hibernian,66,away,St. Mirren,496,2,501,12963,5,6,51.0,3,0,2
10333325,2019-02-02 15:00:00,Hibernian vs Aberdeen,Hibernian,66,home,Aberdeen,273,0,501,12963,5,4,49.0,1,0,3
10333335,2019-02-06 19:45:00,Celtic vs Hibernian,Hibernian,66,away,Celtic,53,0,501,12963,5,1,41.0,0,0,3
10333340,2019-02-16 15:00:00,Hibernian vs Hamilton Academical,Hibernian,66,home,Hamilton Academical,338,2,501,12963,5,8,53.0,2,0,3
10333343,2019-02-22 19:45:00,Dundee vs Hibernian,Hibernian,66,away,Dundee,284,2,501,12963,5,2,45.0,4,0,1
10333350,2019-02-27 19:45:00,St. Johnstone vs Hibernian,Hibernian,66,away,St. Johnstone,734,2,501,12963,5,2,52.0,2,1,3
10333360,2019-03-08 19:45:00,Hibernian vs Rangers,Hibernian,66,home,Rangers,62,1,501,12963,5,5,42.0,1,1,5
10333362,2019-03-16 15:00:00,Hibernian vs Motherwell,Hibernian,66,home,Motherwell,309,2,501,12963,5,4,42.0,2,0,2
10333370,2019-03-29 19:45:00,Livingston vs Hibernian,Hibernian,66,away,Livingston,258,2,501,12963,5,6,55.0,2,0,0
10333377,2019-04-03 18:45:00,Hibernian vs Kilmarnock,Hibernian,66,home,Kilmarnock,180,1,501,12963,5,2,47.0,0,0,2
10333380,2019-04-06 11:30:00,Hearts vs Hibernian,Hibernian,66,away,Hearts,314,2,501,12963,5,2,43.0,2,0,2
11853597,2019-04-21 11:30:00,Hibernian vs Celtic,Hibernian,66,home,Celtic,53,1,501,12963,5,4,49.0,0,0,5
11853599,2019-04-28 11:15:00,Hibernian vs Hearts,Hibernian,66,home,Hearts,314,1,501,12963,5,5,49.0,1,0,2
11853603,2019-05-05 14:30:00,Rangers vs Hibernian,Hibernian,66,away,Rangers,62,0,501,12963,5,3,44.0,0,0,3
11853605,2019-05-11 14:00:00,Kilmarnock vs Hibernian,Hibernian,66,away,Kilmarnock,180,0,501,12963,5,3,51.0,0,0,1
11853608,2019-05-19 14:00:00,Hibernian vs Aberdeen,Hibernian,66,home,Aberdeen,273,0,501,12963,5,2,46.0,1,0,4
11879546,2019-08-03 14:00:00,Hibernian vs St. Mirren,Hibernian,66,home,St. Mirren,496,2,501,16222,5,4,69.0,1,0,1
11879553,2019-08-11 14:00:00,Rangers vs Hibernian,Hibernian,66,away,Rangers,62,0,501,16222,5,2,,1,1,4
11879558,2019-08-24 14:00:00,Hibernian vs St. Johnstone,Hibernian,66,home,St. Johnstone,734,1,501,16222,5,5,,2,0,1
11879565,2019-08-31 14:00:00,Motherwell vs Hibernian,Hibernian,66,away,Motherwell,309,0,501,16222,5,3,,0,0,2
11879571,2019-09-14 14:00:00,Kilmarnock vs Hibernian,Hibernian,66,away,Kilmarnock,180,0,501,16222,5,2,,0,0,1
11879575,2019-09-22 14:00:00,Hibernian vs Hearts,Hibernian,66,home,Hearts,314,0,501,16222,5,7,47.0,1,0,1
11879581,2019-09-28 11:30:00,Hibernian vs Celtic,Hibernian,66,home,Celtic,53,1,501,16222,5,1,38.0,1,0,3
11879586,2019-10-05 14:00:00,Aberdeen vs Hibernian,Hibernian,66,away,Aberdeen,273,1,501,16222,5,5,52.0,1,0,1
11879593,2019-10-19 14:00:00,Hamilton Academical vs Hibernian,Hibernian,66,away,Hamilton Academical,338,1,501,16222,5,7,60.0,1,0,1
11879599,2019-10-26 14:00:00,Hibernian vs Ross County,Hibernian,66,home,Ross County,246,1,501,16222,5,5,51.0,2,0,1
11879606,2019-10-30 19:45:00,Hibernian vs Livingston,Hibernian,66,home,Livingston,258,1,501,16222,5,10,65.0,2,0,1
11879621,2019-11-09 15:00:00,St. Johnstone vs Hibernian,Hibernian,66,away,St. Johnstone,734,2,501,16222,5,4,52.0,4,0,0
11879624,2019-11-23 15:00:00,Hibernian vs Motherwell,Hibernian,66,home,Motherwell,309,2,501,16222,5,1,43.0,3,0,3
11879615,2019-11-26 19:45:00,St. Mirren vs Hibernian,Hibernian,66,away,St. Mirren,496,2,501,16222,5,2,46.0,2,0,4
11879629,2019-11-30 15:00:00,Hibernian vs Kilmarnock,Hibernian,66,home,Kilmarnock,180,1,501,16222,5,7,52.0,2,0,1
11879638,2019-12-04 19:45:00,Ross County vs Hibernian,Hibernian,66,away,Ross County,246,0,501,16222,5,8,58.0,1,0,2
11879641,2019-12-07 15:00:00,Hibernian vs Aberdeen,Hibernian,66,home,Aberdeen,273,2,501,16222,5,5,49.0,3,0,0
11879647,2019-12-15 15:00:00,Celtic vs Hibernian,Hibernian,66,away,Celtic,53,0,501,16222,5,2,33.0,0,0,2
11879654,2019-12-20 19:45:00,Hibernian vs Rangers,Hibernian,66,home,Rangers,62,0,501,16222,5,2,33.0,0,1,5
11879660,2019-12-26 12:30:00,Hearts vs Hibernian,Hibernian,66,away,Hearts,314,2,501,16222,5,2,39.0,2,0,2
11879666,2019-12-29 15:00:00,Livingston vs Hibernian,Hibernian,66,away,Livingston,258,0,501,16222,5,3,52.0,0,0,1
11879671,2020-01-22 19:45:00,Hibernian vs Hamilton Academical,Hibernian,66,home,Hamilton Academical,338,2,501,16222,5,8,69.0,2,0,0
11879679,2020-01-25 15:00:00,Motherwell vs Hibernian,Hibernian,66,away,Motherwell,309,1,501,16222,5,4,37.0,0,0,5
11879683,2020-02-01 15:00:00,Hibernian vs St. Mirren,Hibernian,66,home,St. Mirren,496,1,501,16222,5,11,50.0,2,0,2
11879691,2020-02-05 19:45:00,Rangers vs Hibernian,Hibernian,66,away,Rangers,62,0,501,16222,5,3,27.0,1,0,2
11879696,2020-02-12 19:45:00,Hibernian vs Ross County,Hibernian,66,home,Ross County,246,2,501,16222,5,6,52.0,3,0,1
11879702,2020-02-16 16:30:00,Kilmarnock vs Hibernian,Hibernian,66,away,Kilmarnock,180,2,501,16222,5,6,50.0,2,0,2
11879709,2020-02-22 15:00:00,Hibernian vs Livingston,Hibernian,66,home,Livingston,258,1,501,16222,5,11,57.0,1,0,1
11879712,2020-03-03 19:45:00,Hibernian vs Hearts,Hibernian,66,home,Hearts,314,0,501,16222,5,5,54.0,1,0,3
11879718,2020-03-07 15:00:00,Aberdeen vs Hibernian,Hibernian,66,away,Aberdeen,273,0,501,16222,5,0,47.0,1,1,4
16475285,2020-08-01 14:00:00,Hibernian vs Kilmarnock,Hibernian,66,home,Kilmarnock,180,2,501,17141,5,5,44.0,2,0,1
16475291,2020-08-08 14:00:00,Livingston vs Hibernian,Hibernian,66,away,Livingston,258,2,501,17141,5,4,48.0,4,0,1
16475295,2020-08-11 17:00:00,Dundee United vs Hibernian,Hibernian,66,away,Dundee United,282,2,501,17141,5,3,47.0,1,0,2
16475305,2020-08-15 16:30:00,Hibernian vs Motherwell,Hibernian,66,home,Motherwell,309,1,501,17141,5,6,43.0,0,0,0
16475312,2020-08-23 15:30:00,St. Johnstone vs Hibernian,Hibernian,66,away,St. Johnstone,734,2,501,17141,5,4,54.0,1,0,2
16475318,2020-08-30 15:30:00,Hibernian vs Aberdeen,Hibernian,66,home,Aberdeen,273,0,501,17141,5,6,53.0,0,0,0
16475324,2020-09-12 14:00:00,St. Mirren vs Hibernian,Hibernian,66,away,St. Mirren,496,2,501,17141,5,7,49.0,3,0,2
16475328,2020-09-20 11:00:00,Hibernian vs Rangers,Hibernian,66,home,Rangers,62,1,501,17141,5,6,30.0,2,0,4
16475332,2020-09-27 14:00:00,Celtic vs Hibernian,Hibernian,66,away,Celtic,53,0,501,17141,5,5,36.0,0,0,2
16475339,2020-10-02 18:45:00,Hibernian vs Hamilton Academical,Hibernian,66,home,Hamilton Academical,338,2,501,17141,5,7,56.0,3,0,1
16475347,2020-10-17 14:00:00,Ross County vs Hibernian,Hibernian,66,away,Ross County,246,1,501,17141,5,5,56.0,0,0,1
16475349,2020-10-24 14:00:00,Kilmarnock vs Hibernian,Hibernian,66,away,Kilmarnock,180,2,501,17141,5,6,45.0,1,0,1
16475362,2020-11-06 19:45:00,Aberdeen vs Hibernian,Hibernian,66,away,Aberdeen,273,0,501,17141,5,4,62.0,0,0,3
16475367,2020-11-21 15:00:00,Hibernian vs Celtic,Hibernian,66,home,Celtic,53,1,501,17141,5,5,30.0,2,0,4
16475358,2020-11-24 19:00:00,Hibernian vs St. Johnstone,Hibernian,66,home,St. Johnstone,734,1,501,17141,5,4,64.0,2,0,1
16475376,2020-12-05 15:00:00,Motherwell vs Hibernian,Hibernian,66,away,Motherwell,309,2,501,17141,5,6,53.0,3,0,1
16475382,2020-12-12 15:00:00,Hamilton Academical vs Hibernian,Hibernian,66,away,Hamilton Academical,338,2,501,17141,5,6,68.0,4,0,0
16475386,2020-12-19 15:00:00,Hibernian vs Dundee United,Hibernian,66,home,Dundee United,282,1,501,17141,5,10,56.0,1,0,1
16475394,2020-12-23 18:00:00,Hibernian vs St. Mirren,Hibernian,66,home,St. Mirren,496,2,501,17141,5,1,51.0,1,1,3
16475401,2020-12-26 12:30:00,Rangers vs Hibernian,Hibernian,66,away,Rangers,62,0,501,17141,5,8,37.0,0,0,1
16475403,2020-12-30 18:00:00,Hibernian vs Ross County,Hibernian,66,home,Ross County,246,0,501,17141,5,5,55.0,0,0,0
16475411,2021-01-02 15:00:00,Hibernian vs Livingston,Hibernian,66,home,Livingston,258,0,501,17141,5,5,60.0,0,0,1
16475415,2021-01-11 19:45:00,Celtic vs Hibernian,Hibernian,66,away,Celtic,53,1,501,17141,5,10,42.0,1,0,2
16475423,2021-01-16 15:00:00,Hibernian vs Kilmarnock,Hibernian,66,home,Kilmarnock,180,2,501,17141,5,4,46.0,2,0,0
16475435,2021-01-27 19:45:00,Hibernian vs Rangers,Hibernian,66,home,Rangers,62,0,501,17141,5,4,38.0,0,0,3
16475427,2021-01-30 15:00:00,Dundee United vs Hibernian,Hibernian,66,away,Dundee United,282,2,501,17141,5,5,41.0,2,0,1
16475444,2021-02-02 18:00:00,St. Mirren vs Hibernian,Hibernian,66,away,St. Mirren,496,2,501,17141,5,3,52.0,2,0,1
16475447,2021-02-06 15:00:00,Hibernian vs Aberdeen,Hibernian,66,home,Aberdeen,273,2,501,17141,5,3,41.0,2,0,1
16475475,2021-02-20 15:00:00,Hibernian vs Hamilton Academical,Hibernian,66,home,Hamilton Academical,338,2,501,17141,5,8,52.0,2,0,1
16475459,2021-02-27 15:00:00,Hibernian vs Motherwell,Hibernian,66,home,Motherwell,309,0,501,17141,5,6,61.0,0,0,2
16475468,2021-03-06 15:00:00,St. Johnstone vs Hibernian,Hibernian,66,away,St. Johnstone,734,0,501,17141,5,9,62.0,0,0,2
16475455,2021-03-13 15:00:00,Ross County vs Hibernian,Hibernian,66,away,Ross County,246,2,501,17141,5,7,51.0,2,0,3
16475473,2021-03-20 15:00:00,Livingston vs Hibernian,Hibernian,66,away,Livingston,258,1,501,17141,5,6,51.0,1,0,0
17947851,2021-04-11 14:00:00,Rangers vs Hibernian,Hibernian,66,away,Rangers,62,0,501,17141,5,6,37.0,1,0,1
17947853,2021-04-21 17:00:00,Hibernian vs Livingston,Hibernian,66,home,Livingston,258,2,501,17141,5,6,44.0,2,0,3
17947855,2021-05-01 14:00:00,Hibernian vs St. Johnstone,Hibernian,66,home,St. Johnstone,734,0,501,17141,5,4,59.0,0,0,3
17947858,2021-05-12 18:45:00,Aberdeen vs Hibernian,Hibernian,66,away,Aberdeen,273,2,501,17141,5,1,31.0,1,0,1
17947861,2021-05-15 11:30:00,Hibernian vs Celtic,Hibernian,66,home,Celtic,53,1,501,17141,5,1,35.0,0,0,1
18136887,2021-08-01 15:30:00,Motherwell vs Hibernian,Hibernian,66,away,Motherwell,309,2,501,18369,5,4,57.0,3,0,3
18136890,2021-08-08 14:00:00,Hibernian vs Ross County,Hibernian,66,home,Ross County,246,2,501,18369,5,11,57.0,3,0,0
18136895,2021-08-22 11:00:00,Dundee vs Hibernian,Hibernian,66,away,Dundee,284,1,501,18369,5,6,55.0,2,0,3
18136902,2021-08-28 14:00:00,Hibernian vs Livingston,Hibernian,66,home,Livingston,258,2,501,18369,5,3,59.0,2,0,0
18136908,2021-09-12 11:00:00,Hearts vs Hibernian,Hibernian,66,away,Hearts,314,1,501,18369,5,4,45.0,0,0,1
18136914,2021-09-18 14:00:00,Hibernian vs St. Mirren,Hibernian,66,home,St. Mirren,496,1,501,18369,5,8,63.0,2,0,1
18136921,2021-09-26 14:00:00,Hibernian vs St. Johnstone,Hibernian,66,home,St. Johnstone,734,2,501,18369,5,9,60.0,1,0,4
18136928,2021-10-03 14:00:00,Rangers vs Hibernian,Hibernian,66,away,Rangers,62,0,501,18369,5,1,35.0,1,1,3
18136931,2021-10-16 14:00:00,Hibernian vs Dundee United,Hibernian,66,home,Dundee United,282,0,501,18369,5,6,61.0,0,0,1
18136936,2021-10-23 14:00:00,Aberdeen vs Hibernian,Hibernian,66,away,Aberdeen,273,0,501,18369,5,4,56.0,0,1,4
18136943,2021-10-27 18:45:00,Hibernian vs Celtic,Hibernian,66,home,Celtic,53,0,501,18369,5,4,43.0,1,0,2
18136952,2021-11-24 19:45:00,Ross County vs Hibernian,Hibernian,66,away,Ross County,246,0,501,18369,5,3,51.0,0,1,1
18136971,2021-11-27 15:00:00,St. Johnstone vs Hibernian,Hibernian,66,away,St. Johnstone,734,2,501,18369,5,11,62.0,2,0,1
18136975,2021-12-01 19:45:00,Hibernian vs Rangers,Hibernian,66,home,Rangers,62,0,501,18369,5,6,47.0,0,0,2
18136980,2021-12-04 15:00:00,Hibernian vs Motherwell,Hibernian,66,home,Motherwell,309,1,501,18369,5,8,60.0,1,0,2
18136957,2021-12-08 19:45:00,Livingston vs Hibernian,Hibernian,66,away,Livingston,258,0,501,18369,5,5,54.0,0,2,5
18136989,2021-12-11 15:00:00,St. Mirren vs Hibernian,Hibernian,66,away,St. Mirren,496,1,501,18369,5,5,44.0,1,0,4
18136961,2021-12-14 19:45:00,Hibernian vs Dundee,Hibernian,66,home,Dundee,284,2,501,18369,5,5,57.0,1,0,0
18136991,2021-12-22 19:45:00,Hibernian vs Aberdeen,Hibernian,66,home,Aberdeen,273,2,501,18369,5,4,48.0,1,0,2
18136997,2021-12-26 15:00:00,Dundee United vs Hibernian,Hibernian,66,away,Dundee United,282,2,501,18369,5,6,65.0,3,0,2
18137003,2022-01-17 19:45:00,Celtic vs Hibernian,Hibernian,66,away,Celtic,53,0,501,18369,5,1,53.0,0,0,2
18137016,2022-01-26 19:45:00,Motherwell vs Hibernian,Hibernian,66,away,Motherwell,309,1,501,18369,5,5,57.0,0,0,2
18137024,2022-01-29 15:00:00,Hibernian vs Livingston,Hibernian,66,home,Livingston,258,0,501,18369,5,4,67.0,2,0,1
18137010,2022-02-01 19:45:00,Hibernian vs Hearts,Hibernian,66,home,Hearts,314,1,501,18369,5,3,47.0,0,0,2
18137027,2022-02-05 15:00:00,Hibernian vs St. Mirren,Hibernian,66,home,St. Mirren,496,0,501,18369,5,8,58.0,0,0,2
18137035,2022-02-09 19:45:00,Rangers vs Hibernian,Hibernian,66,away,Rangers,62,0,501,18369,5,8,42.0,0,0,2
18137040,2022-02-19 15:00:00,Hibernian vs Ross County,Hibernian,66,home,Ross County,246,2,501,18369,5,7,52.0,2,0,3
18137046,2022-02-27 12:00:00,Hibernian vs Celtic,Hibernian,66,home,Celtic,53,1,501,18369,5,3,39.0,0,0,5
18137051,2022-03-02 19:45:00,Dundee vs Hibernian,Hibernian,66,away,Dundee,284,1,501,18369,5,8,57.0,0,1,3
18137057,2022-03-05 15:00:00,Hibernian vs St. Johnstone,Hibernian,66,home,St. Johnstone,734,1,501,18369,5,9,60.0,0,0,3
18137062,2022-03-19 15:00:00,Aberdeen vs Hibernian,Hibernian,66,away,Aberdeen,273,0,501,18369,5,5,41.0,1,1,4
18137069,2022-04-02 14:00:00,Hibernian vs Dundee United,Hibernian,66,home,Dundee United,282,1,501,18369,5,7,60.0,1,0,1
18137077,2022-04-09 14:00:00,Hearts vs Hibernian,Hibernian,66,away,Hearts,314,0,501,18369,5,1,42.0,1,0,3
18518012,2022-04-23 14:00:00,St. Mirren vs Hibernian,Hibernian,66,away,St. Mirren,496,2,501,18369,5,3,59.0,1,0,2
18518014,2022-04-30 14:00:00,Livingston vs Hibernian,Hibernian,66,away,Livingston,258,0,501,18369,5,9,55.0,0,0,2
18518016,2022-05-07 14:00:00,Hibernian vs Aberdeen,Hibernian,66,home,Aberdeen,273,1,501,18369,5,10,52.0,1,0,0
18518019,2022-05-10 18:45:00,Dundee vs Hibernian,Hibernian,66,away,Dundee,284,0,501,18369,5,6,60.0,1,0,3
18518023,2022-05-15 11:00:00,Hibernian vs St. Johnstone,Hibernian,66,home,St. Johnstone,734,2,501,18369,5,4,46.0,4,0,1
18535490,2022-07-30 14:00:00,St. Johnstone vs Hibernian,Hibernian,66,away,St. Johnstone,734,2,501,19735,5,9,68.0,1,0,4
18535495,2022-08-07 11:00:00,Hibernian vs Hearts,Hibernian,66,home,Hearts,314,1,501,19735,5,7,56.0,1,0,3
18535502,2022-08-13 14:00:00,Livingston vs Hibernian,Hibernian,66,away,Livingston,258,0,501,19735,5,14,63.0,1,0,2
18535507,2022-08-20 11:30:00,Hibernian vs Rangers,Hibernian,66,home,Rangers,62,1,501,19735,5,5,45.0,2,0,4
18535516,2022-08-27 14:00:00,St. Mirren vs Hibernian,Hibernian,66,away,St. Mirren,496,0,501,19735,5,10,69.0,0,0,3
18535518,2022-09-03 14:00:00,Hibernian vs Kilmarnock,Hibernian,66,home,Kilmarnock,180,2,501,19735,5,7,56.0,1,0,2
18535529,2022-09-17 14:00:00,Hibernian vs Aberdeen,Hibernian,66,home,Aberdeen,273,2,501,19735,5,10,64.0,3,0,2
18535539,2022-10-01 14:00:00,Ross County vs Hibernian,Hibernian,66,away,Ross County,246,2,501,19735,5,11,57.0,2,0,0
18535542,2022-10-08 14:00:00,Hibernian vs Motherwell,Hibernian,66,home,Motherwell,309,2,501,19735,5,3,57.0,1,0,2
18535525,2022-10-11 18:45:00,Dundee United vs Hibernian,Hibernian,66,away,Dundee United,282,0,501,19735,5,10,64.0,0,0,2
18535548,2022-10-15 14:00:00,Celtic vs Hibernian,Hibernian,66,away,Celtic,53,0,501,19735,5,2,43.0,1,0,0
18535554,2022-10-21 18:30:00,Hibernian vs St. Johnstone,Hibernian,66,home,St. Johnstone,734,0,501,19735,5,1,57.0,1,1,5
18535560,2022-10-29 14:00:00,Hibernian vs St. Mirren,Hibernian,66,home,St. Mirren,496,2,501,19735,5,6,65.0,3,0,2
18535565,2022-11-04 19:30:00,Aberdeen vs Hibernian,Hibernian,66,away,Aberdeen,273,0,501,19735,5,4,62.0,1,0,2
18535572,2022-11-08 19:45:00,Hibernian vs Ross County,Hibernian,66,home,Ross County,246,0,501,19735,5,4,64.0,0,0,1
18535580,2022-11-12 15:00:00,Kilmarnock vs Hibernian,Hibernian,66,away,Kilmarnock,180,0,501,19735,5,5,53.0,0,0,3
18535587,2022-12-15 20:00:00,Rangers vs Hibernian,Hibernian,66,away,Rangers,62,0,501,19735,5,4,29.0,2,0,3
18535591,2022-12-24 14:00:00,Hibernian vs Livingston,Hibernian,66,home,Livingston,258,2,501,19735,5,9,77.0,4,0,2
18535596,2022-12-28 20:00:00,Hibernian vs Celtic,Hibernian,66,home,Celtic,53,0,501,19735,5,5,30.0,0,0,0
18535602,2023-01-02 15:00:00,Hearts vs Hibernian,Hibernian,66,away,Hearts,314,0,501,19735,5,4,49.0,0,0,3
18537948,2023-01-08 13:30:00,Motherwell vs Hibernian,Hibernian,66,away,Motherwell,309,2,501,19735,5,2,47.0,3,0,1
18537953,2023-01-14 15:00:00,Hibernian vs Dundee United,Hibernian,66,home,Dundee United,282,1,501,19735,5,3,58.0,2,0,2
18537958,2023-01-28 15:00:00,Hibernian vs Aberdeen,Hibernian,66,home,Aberdeen,273,2,501,19735,5,6,50.0,6,0,2
18537968,2023-01-31 19:45:00,Ross County vs Hibernian,Hibernian,66,away,Ross County,246,1,501,19735,5,3,59.0,1,0,4
18537974,2023-02-04 15:00:00,St. Mirren vs Hibernian,Hibernian,66,away,St. Mirren,496,2,501,19735,5,4,63.0,1,0,2
18537977,2023-02-18 15:00:00,Hibernian vs Kilmarnock,Hibernian,66,home,Kilmarnock,180,2,501,19735,5,8,66.0,2,0,1
18537989,2023-03-04 15:00:00,Livingston vs Hibernian,Hibernian,66,away,Livingston,258,2,501,19735,5,3,56.0,4,0,3
18537983,2023-03-08 19:45:00,Hibernian vs Rangers,Hibernian,66,home,Rangers,62,0,501,19735,5,3,37.0,1,0,2
18537994,2023-03-18 15:00:00,Celtic vs Hibernian,Hibernian,66,away,Celtic,53,0,501,19735,5,0,21.0,1,1,4
18537999,2023-04-01 14:00:00,Hibernian vs Motherwell,Hibernian,66,home,Motherwell,309,0,501,19735,5,6,58.0,1,0,3
18538007,2023-04-09 11:00:00,Dundee United vs Hibernian,Hibernian,66,away,Dundee United,282,0,501,19735,5,4,65.0,1,0,2
18538011,2023-04-15 11:30:00,Hibernian vs Hearts,Hibernian,66,home,Hearts,314,2,501,19735,5,5,38.0,1,0,6
18538021,2023-04-22 14:00:00,St. Johnstone vs Hibernian,Hibernian,66,away,St. Johnstone,734,1,501,19735,5,1,46.0,1,1,2
18825705,2023-05-06 14:00:00,Hibernian vs St. Mirren,Hibernian,66,home,St. Mirren,496,2,501,19735,5,3,51.0,2,0,2
18825747,2023-05-13 14:00:00,Aberdeen vs Hibernian,Hibernian,66,away,Aberdeen,273,1,501,19735,5,8,54.0,0,0,5
18825751,2023-05-21 11:00:00,Hibernian vs Rangers,Hibernian,66,home,Rangers,62,0,501,19735,5,7,32.0,1,0,2
18825753,2023-05-24 18:45:00,Hibernian vs Celtic,Hibernian,66,home,Celtic,53,2,501,19735,5,8,31.0,4,0,2
18825756,2023-05-27 11:30:00,Hearts vs Hibernian,Hibernian,66,away,Hearts,314,1,501,19735,5,9,69.0,1,0,5
18861942,2023-08-06 14:00:00,Hibernian vs St. Mirren,Hibernian,66,home,St. Mirren,496,0,501,21787,5,2,59.0,2,0,2
18861945,2023-08-13 14:00:00,Motherwell vs Hibernian,Hibernian,66,away,Motherwell,309,0,501,21787,5,2,51.0,1,0,4
18861951,2023-08-26 14:00:00,Hibernian vs Livingston,Hibernian,66,home,Livingston,258,0,501,21787,5,9,67.0,2,0,2
18861955,2023-09-03 14:00:00,Aberdeen vs Hibernian,Hibernian,66,away,Aberdeen,273,2,501,21787,5,5,44.0,2,0,4
18861963,2023-09-16 14:00:00,Kilmarnock vs Hibernian,Hibernian,66,away,Kilmarnock,180,1,501,21787,5,4,54.0,2,0,4
18861969,2023-09-23 14:00:00,Hibernian vs St. Johnstone,Hibernian,66,home,St. Johnstone,734,2,501,21787,5,4,54.0,2,0,1
18861973,2023-09-30 14:00:00,Hibernian vs Dundee,Hibernian,66,home,Dundee,284,1,501,21787,5,14,63.0,0,0,1
18861982,2023-10-07 14:00:00,Hearts vs Hibernian,Hibernian,66,away,Hearts,314,1,501,21787,5,4,51.0,2,0,1
18861988,2023-10-21 14:00:00,Rangers vs Hibernian,Hibernian,66,away,Rangers,62,0,501,21787,5,4,47.0,0,0,2
18861991,2023-10-28 14:00:00,Hibernian vs Celtic,Hibernian,66,home,Celtic,53,1,501,21787,5,3,29.0,0,0,0
18862856,2023-10-31 19:45:00,Hibernian vs Ross County,Hibernian,66,home,Ross County,246,1,501,21787,5,5,57.0,2,0,1
18862002,2023-11-08 19:45:00,St. Mirren vs Hibernian,Hibernian,66,away,St. Mirren,496,1,501,21787,5,1,49.0,2,0,2
18862005,2023-11-11 15:00:00,Hibernian vs Kilmarnock,Hibernian,66,home,Kilmarnock,180,2,501,21787,5,5,53.0,1,0,2
18862011,2023-11-25 15:00:00,Dundee vs Hibernian,Hibernian,66,away,Dundee,284,2,501,21787,5,3,55.0,2,1,3
18862015,2023-12-03 15:00:00,Hibernian vs Aberdeen,Hibernian,66,home,Aberdeen,273,2,501,21787,5,6,47.0,2,0,3
18862860,2023-12-06 19:45:00,Celtic vs Hibernian,Hibernian,66,away,Celtic,53,0,501,21787,5,4,39.0,1,0,2
18862023,2023-12-09 15:00:00,Livingston vs Hibernian,Hibernian,66,away,Livingston,258,2,501,21787,5,0,57.0,1,0,1
18862050,2023-12-16 15:00:00,St. Johnstone vs Hibernian,Hibernian,66,away,St. Johnstone,734,0,501,21787,5,5,61.0,0,0,3
18862044,2023-12-27 20:00:00,Hibernian vs Hearts,Hibernian,66,home,Hearts,314,0,501,21787,5,6,48.0,0,0,2
18862052,2024-01-02 15:00:00,Hibernian vs Motherwell,Hibernian,66,home,Motherwell,309,1,501,21787,5,7,68.0,2,0,2
18862028,2024-01-24 19:45:00,Hibernian vs Rangers,Hibernian,66,home,Rangers,62,0,501,21787,5,4,40.0,0,0,1
18862059,2024-01-27 15:00:00,Kilmarnock vs Hibernian,Hibernian,66,away,Kilmarnock,180,1,501,21787,5,3,63.0,2,0,1
18862065,2024-02-03 15:00:00,Hibernian vs St. Mirren,Hibernian,66,home,St. Mirren,496,0,501,21787,5,6,61.0,0,0,3
18862069,2024-02-07 20:00:00,Hibernian vs Celtic,Hibernian,66,home,Celtic,53,0,501,21787,5,4,34.0,1,0,4
18862075,2024-02-17 15:00:00,Aberdeen vs Hibernian,Hibernian,66,away,Aberdeen,273,1,501,21787,5,2,56.0,2,0,3
18862081,2024-02-24 15:00:00,Hibernian vs Dundee,Hibernian,66,home,Dundee,284,2,501,21787,5,10,59.0,2,0,0
18862089,2024-02-28 19:45:00,Hearts vs Hibernian,Hibernian,66,away,Hearts,314,1,501,21787,5,9,44.0,1,0,1
18862095,2024-03-02 15:00:00,Hibernian vs Ross County,Hibernian,66,home,Ross County,246,2,501,21787,5,8,64.0,2,0,0
18862038,2024-03-13 19:45:00,Ross County vs Hibernian,Hibernian,66,away,Ross County,246,1,501,21787,5,6,56.0,2,0,3
18862101,2024-03-16 15:00:00,Hibernian vs Livingston,Hibernian,66,home,Livingston,258,2,501,21787,5,3,57.0,3,0,0
18862109,2024-03-30 15:00:00,Rangers vs Hibernian,Hibernian,66,away,Rangers,62,0,501,21787,5,4,40.0,1,0,3
18862112,2024-04-06 14:00:00,Hibernian vs St. Johnstone,Hibernian,66,home,St. Johnstone,734,0,501,21787,5,13,71.0,1,0,1
18862120,2024-04-13 14:00:00,Motherwell vs Hibernian,Hibernian,66,away,Motherwell,309,1,501,21787,5,6,49.0,1,0,4
19116472,2024-04-27 14:00:00,St. Johnstone vs Hibernian,Hibernian,66,away,St. Johnstone,734,2,501,21787,5,7,51.0,3,0,1
19116499,2024-05-04 14:00:00,Ross County vs Hibernian,Hibernian,66,away,Ross County,246,0,501,21787,5,5,58.0,1,0,0
19116502,2024-05-12 14:00:00,Hibernian vs Aberdeen,Hibernian,66,home,Aberdeen,273,0,501,21787,5,8,58.0,0,0,2
19116504,2024-05-15 18:45:00,Hibernian vs Motherwell,Hibernian,66,home,Motherwell,309,2,501,21787,5,8,48.0,3,0,1
19116506,2024-05-19 14:00:00,Livingston vs Hibernian,Hibernian,66,away,Livingston,258,1,501,21787,5,9,56.0,1,0,1
19146700,2024-08-04 14:00:00,St. Mirren vs Hibernian,Hibernian,66,away,St. Mirren,496,0,501,23690,5,8,57.0,0,0,1
19146708,2024-08-11 11:30:00,Hibernian vs Celtic,Hibernian,66,home,Celtic,53,0,501,23690,5,3,25.0,0,0,2
19146711,2024-08-24 14:00:00,Hibernian vs Dundee,Hibernian,66,home,Dundee,284,1,501,23690,5,5,50.0,2,0,4
19146718,2024-09-01 14:00:00,Kilmarnock vs Hibernian,Hibernian,66,away,Kilmarnock,180,1,501,23690,5,7,49.0,0,0,3
19146724,2024-09-14 14:00:00,Hibernian vs St. Johnstone,Hibernian,66,home,St. Johnstone,734,2,501,23690,5,5,52.0,,0,1
19146731,2024-09-29 11:00:00,Rangers vs Hibernian,Hibernian,66,away,Rangers,62,0,501,23690,5,7,33.0,0,0,2
19146735,2024-10-05 14:00:00,Hibernian vs Motherwell,Hibernian,66,home,Motherwell,309,0,501,23690,5,10,57.0,1,1,5
19146740,2024-10-19 14:00:00,Dundee United vs Hibernian,Hibernian,66,away,Dundee United,282,0,501,23690,5,5,54.0,2,1,4
19146747,2024-10-27 12:00:00,Hibernian vs Hearts,Hibernian,66,home,Hearts,314,1,501,23690,5,1,36.0,1,0,2
19146755,2024-10-30 19:45:00,Ross County vs Hibernian,Hibernian,66,away,Ross County,246,1,501,23690,5,2,53.0,0,0,1
19146783,2024-11-03 15:00:00,Hibernian vs Dundee United,Hibernian,66,home,Dundee United,282,1,501,23690,5,13,57.0,1,1,2
19146765,2024-11-09 15:00:00,Hibernian vs St. Mirren,Hibernian,66,home,St. Mirren,496,0,501,23690,5,5,70.0,1,0,2
19146769,2024-11-23 17:45:00,Dundee vs Hibernian,Hibernian,66,away,Dundee,284,0,501,23690,5,2,33.0,1,1,1
19146759,2024-11-26 19:45:00,Hibernian vs Aberdeen,Hibernian,66,home,Aberdeen,273,1,501,23690,5,9,49.0,3,0,3
19146779,2024-11-30 15:00:00,Motherwell vs Hibernian,Hibernian,66,away,Motherwell,309,2,501,23690,5,4,44.0,3,0,1
19146788,2024-12-07 15:00:00,Celtic vs Hibernian,Hibernian,66,away,Celtic,53,0,501,23690,5,7,25.0,0,0,2
19146794,2024-12-14 15:00:00,Hibernian vs Ross County,Hibernian,66,home,Ross County,246,2,501,23690,5,9,58.0,3,0,1
19146799,2024-12-21 15:00:00,Aberdeen vs Hibernian,Hibernian,66,away,Aberdeen,273,2,501,23690,5,6,36.0,3,0,3
19146805,2024-12-26 12:30:00,Hearts vs Hibernian,Hibernian,66,away,Hearts,314,2,501,23690,5,3,33.0,2,0,1
19146813,2024-12-29 15:00:00,Hibernian vs Kilmarnock,Hibernian,66,home,Kilmarnock,180,2,501,23690,5,5,60.0,1,0,1
19146821,2025-01-02 15:00:00,St. Johnstone vs Hibernian,Hibernian,66,away,St. Johnstone,734,1,501,23690,5,9,60.0,1,0,3
19146825,2025-01-05 12:00:00,Hibernian vs Rangers,Hibernian,66,home,Rangers,62,1,501,23690,5,10,38.0,3,0,1
19146831,2025-01-11 15:00:00,Hibernian vs Motherwell,Hibernian,66,home,Motherwell,309,2,501,23690,5,3,55.0,3,0,1
19146839,2025-01-25 15:00:00,Ross County vs Hibernian,Hibernian,66,away,Ross County,246,1,501,23690,5,8,57.0,1,0,2
19146842,2025-02-01 15:00:00,Hibernian vs Aberdeen,Hibernian,66,home,Aberdeen,273,2,501,23690,5,2,38.0,2,0,
19146852,2025-02-16 14:00:00,St. Mirren vs Hibernian,Hibernian,66,away,St. Mirren,496,1,501,23690,5,3,40.0,0,1,4
19146855,2025-02-22 12:30:00,Hibernian vs Celtic,Hibernian,66,home,Celtic,53,2,501,23690,5,5,25.0,2,0,3
19146860,2025-02-26 19:45:00,Dundee United vs Hibernian,Hibernian,66,away,Dundee United,282,2,501,23690,5,10,43.0,3,0,2
19146867,2025-03-02 12:30:00,Hibernian vs Hearts,Hibernian,66,home,Hearts,314,2,501,23690,5,4,46.0,2,0,1
19146874,2025-03-15 15:00:00,Kilmarnock vs Hibernian,Hibernian,66,away,Kilmarnock,180,1,501,23690,5,5,51.0,1,0,0
19146880,2025-03-29 15:00:00,Hibernian vs St. Johnstone,Hibernian,66,home,St. Johnstone,734,2,501,23690,5,5,45.0,3,0,1
19146886,2025-04-05 14:00:00,Rangers vs Hibernian,Hibernian,66,away,Rangers,62,2,501,23690,5,1,28.0,2,0,3
19146892,2025-04-13 13:30:00,Hibernian vs Dundee,Hibernian,66,home,Dundee,284,2,501,23690,5,8,53.0,4,0,1
19415301,2025-04-26 14:00:00,Aberdeen vs Hibernian,Hibernian,66,away,Aberdeen,273,0,501,23690,5,5,44.0,0,0,2
19415336,2025-05-03 14:00:00,Hibernian vs Dundee United,Hibernian,66,home,Dundee United,282,2,501,23690,5,7,47.0,3,0,1
19415339,2025-05-10 14:00:00,Celtic vs Hibernian,Hibernian,66,away,Celtic,53,0,501,23690,5,3,24.0,1,0,3
19415344,2025-05-14 18:45:00,St. Mirren vs Hibernian,Hibernian,66,away,St. Mirren,496,1,501,23690,5,6,48.0,2,0,3
19415347,2025-05-17 11:30:00,Hibernian vs Rangers,Hibernian,66,home,Rangers,62,1,501,23690,5,3,35.0,2,0,3
19428042,2025-08-03 14:00:00,Dundee vs Hibernian,Hibernian,66,away,Dundee,284,2,501,25598,5,11,68.0,2,0,1
19428046,2025-08-10 14:00:00,Hibernian vs Kilmarnock,Hibernian,66,home,Kilmarnock,180,1,501,25598,5,4,60.0,2,0,1
19428059,2025-08-31 14:00:00,Hibernian vs St. Mirren,Hibernian,66,home,St. Mirren,496,1,501,25598,5,10,55.0,1,0,1
19428066,2025-09-13 16:45:00,Hibernian vs Dundee United,Hibernian,66,home,Dundee United,282,1,501,25598,5,6,55.0,3,0,2
19428053,2025-09-23 18:45:00,Falkirk vs Hibernian,Hibernian,66,away,Falkirk,770,1,501,25598,5,5,49.0,2,0,2
19428069,2025-09-27 14:00:00,Celtic vs Hibernian,Hibernian,66,away,Celtic,53,1,501,25598,5,2,23.0,0,0,1
19428079,2025-10-04 16:45:00,Hearts vs Hibernian,Hibernian,66,away,Hearts,314,0,501,25598,5,2,38.0,0,0,1
19428082,2025-10-18 14:00:00,Hibernian vs Livingston,Hibernian,66,home,Livingston,258,2,501,25598,5,7,47.0,4,0,1
19428087,2025-10-26 14:30:00,Aberdeen vs Hibernian,Hibernian,66,away,Aberdeen,273,2,501,25598,5,3,46.0,2,0,2
19428095,2025-10-29 19:45:00,Hibernian vs Rangers,Hibernian,66,home,Rangers,62,0,501,25598,5,5,49.0,0,0,2
19428128,2025-11-01 15:00:00,Livingston vs Hibernian,Hibernian,66,away,Livingston,258,1,501,25598,5,1,52.0,2,0,3
19428109,2025-11-08 17:45:00,St. Mirren vs Hibernian,Hibernian,66,away,St. Mirren,496,2,501,25598,5,6,54.0,3,0,1
19428113,2025-11-22 15:00:00,Hibernian vs Dundee,Hibernian,66,home,Dundee,284,2,501,25598,5,8,57.0,2,0,2
19590623,2025-11-25 19:45:00,Motherwell vs Hibernian,Hibernian,66,away,Motherwell,309,0,501,25598,5,2,30.0,0,1,1
19428118,2025-11-30 12:00:00,Hibernian vs Celtic,Hibernian,66,home,Celtic,53,0,501,25598,5,4,40.0,1,0,3
19428131,2025-12-06 15:00:00,Hibernian vs Falkirk,Hibernian,66,home,Falkirk,770,2,501,25598,5,10,42.0,3,0,1
19428140,2025-12-15 19:45:00,Rangers vs Hibernian,Hibernian,66,away,Rangers,62,0,501,25598,5,5,48.0,0,0,3
19428142,2025-12-20 15:00:00,Dundee United vs Hibernian,Hibernian,66,away,Dundee United,282,1,501,25598,5,7,59.0,1,0,2
19428147,2025-12-27 12:30:00,Hibernian vs Hearts,Hibernian,66,home,Hearts,314,2,501,25598,5,3,33.0,3,0,1
19428155,2025-12-30 19:45:00,Hibernian vs Aberdeen,Hibernian,66,home,Aberdeen,273,2,501,25598,5,4,58.0,2,0,1
19428163,2026-01-03 15:00:00,Kilmarnock vs Hibernian,Hibernian,66,away,Kilmarnock,180,2,501,25598,5,3,56.0,3,0,3
19428168,2026-01-10 15:00:00,Hibernian vs Motherwell,Hibernian,66,home,Motherwell,309,1,501,25598,5,4,46.0,1,0,2
19428173,2026-01-24 15:00:00,Falkirk vs Hibernian,Hibernian,66,away,Falkirk,770,0,501,25598,5,4,49.0,1,0,2
19428179,2026-02-01 14:00:00,Hibernian vs Rangers,Hibernian,66,home,Rangers,62,1,501,25598,5,9,45.0,0,0,3
19428185,2026-02-04 19:45:00,Hibernian vs Dundee United,Hibernian,66,home,Dundee United,282,2,501,25598,5,4,50.0,3,0,2
19428192,2026-02-10 20:00:00,Hearts vs Hibernian,Hibernian,66,away,Hearts,314,0,501,25598,5,8,48.0,0,0,3
19428197,2026-02-14 15:00:00,Hibernian vs St. Mirren,Hibernian,66,home,St. Mirren,496,2,501,25598,5,6,58.0,2,0,0
19428202,2026-02-22 15:00:00,Celtic vs Hibernian,Hibernian,66,away,Celtic,53,2,501,25598,5,1,39.0,2,0,1
19428207,2026-02-28 15:00:00,Dundee vs Hibernian,Hibernian,66,away,Dundee,284,1,501,25598,5,6,57.0,3,0,4
19428216,2026-03-14 15:00:00,Hibernian vs Livingston,Hibernian,66,home,Livingston,258,1,501,25598,5,12,75.0,0,0,2
19428223,2026-03-21 15:00:00,Motherwell vs Hibernian,Hibernian,66,away,Motherwell,309,1,501,25598,5,4,39.0,0,0,4
19428226,2026-04-04 14:00:00,Hibernian vs Kilmarnock,Hibernian,66,home,Kilmarnock,180,2,501,25598,5,3,52.0,3,0,1
19428231,2026-04-11 14:00:00,Aberdeen vs Hibernian,Hibernian,66,away,Aberdeen,273,0,501,25598,5,3,48.0,0,1,2
19700226,2026-04-26 15:30:00,Hibernian vs Hearts,Hibernian,66,home,Hearts,314,0,501,25598,5,0,24.0,1,2,5
19700221,2026-05-03 11:00:00,Hibernian vs Celtic,Hibernian,66,home,Celtic,53,0,501,25598,5,0,19.0,1,1,3
19700219,2026-05-09 14:00:00,Falkirk vs Hibernian,Hibernian,66,away,Falkirk,770,2,501,25598,5,5,32.0,3,0,1
19700208,2026-05-13 19:00:00,Rangers vs Hibernian,Hibernian,66,away,Rangers,62,2,501,25598,5,3,28.0,2,0,2
19700205,2026-05-16 11:30:00,Hibernian vs Motherwell,Hibernian,66,home,Motherwell,309,0,501,25598,5,7,49.0,0,0,5
378857,2017-01-28 15:00:00,Kilmarnock vs Ross County,Kilmarnock,180,home,Ross County,246,2,501,825,5,7,48.0,3,0,2
378985,2017-02-04 15:00:00,Hamilton Academical vs Kilmarnock,Kilmarnock,180,away,Hamilton Academical,338,1,501,825,5,3,51.0,1,0,2
378955,2017-02-11 15:00:00,Dundee vs Kilmarnock,Kilmarnock,180,away,Dundee,284,1,501,825,5,10,56.0,1,0,3
379070,2017-02-19 13:00:00,Kilmarnock vs Aberdeen,Kilmarnock,180,home,Aberdeen,273,0,501,825,5,1,38.0,1,0,2
379124,2017-02-25 15:00:00,St. Johnstone vs Kilmarnock,Kilmarnock,180,away,St. Johnstone,734,2,501,825,5,2,44.0,2,0,0
379206,2017-03-04 15:00:00,Kilmarnock vs Motherwell,Kilmarnock,180,home,Motherwell,309,0,501,825,5,9,57.0,1,0,0
379256,2017-03-11 15:00:00,Ross County vs Kilmarnock,Kilmarnock,180,away,Ross County,246,2,501,825,5,4,40.0,2,0,3
379299,2017-03-18 15:00:00,Kilmarnock vs Partick Thistle,Kilmarnock,180,home,Partick Thistle,339,1,501,825,5,8,46.0,1,0,1
379360,2017-04-01 14:00:00,Inverness CT vs Kilmarnock,Kilmarnock,180,away,Inverness CT,265,1,501,825,5,6,49.0,1,0,1
379430,2017-04-05 18:45:00,Kilmarnock vs Rangers,Kilmarnock,180,home,Rangers,62,1,501,825,5,6,41.0,0,0,4
379469,2017-04-08 14:00:00,Celtic vs Kilmarnock,Kilmarnock,180,away,Celtic,53,0,501,825,5,3,27.0,1,0,2
379519,2017-04-14 18:45:00,Kilmarnock vs Hearts,Kilmarnock,180,home,Hearts,314,1,501,825,5,5,44.0,0,0,0
376693,2017-04-29 14:00:00,Hamilton Academical vs Kilmarnock,Kilmarnock,180,away,Hamilton Academical,338,2,501,825,5,3,35.0,2,0,3
376738,2017-05-06 14:00:00,Kilmarnock vs Dundee,Kilmarnock,180,home,Dundee,284,0,501,825,5,7,49.0,0,0,1
234032,2017-05-13 14:00:00,Kilmarnock vs Inverness CT,Kilmarnock,180,home,Inverness CT,265,2,501,825,5,4,50.0,2,0,2
234033,2017-05-16 18:45:00,Motherwell vs Kilmarnock,Kilmarnock,180,away,Motherwell,309,0,501,825,5,2,54.0,1,0,3
234040,2017-05-20 14:00:00,Kilmarnock vs Ross County,Kilmarnock,180,home,Ross County,246,0,501,825,5,5,56.0,1,0,2
1871767,2017-08-05 14:00:00,Kilmarnock vs St. Johnstone,Kilmarnock,180,home,St. Johnstone,734,0,501,7953,5,1,51.0,1,0,1
1871777,2017-08-19 11:30:00,Kilmarnock vs Celtic,Kilmarnock,180,home,Celtic,53,0,501,7953,5,5,27.0,0,0,2
1871784,2017-08-26 14:00:00,Kilmarnock vs Hamilton Academical,Kilmarnock,180,home,Hamilton Academical,338,1,501,7953,5,1,47.0,2,0,3
1871789,2017-09-09 14:00:00,Motherwell vs Kilmarnock,Kilmarnock,180,away,Motherwell,309,0,501,7953,5,5,40.0,0,0,1
1871793,2017-09-16 14:00:00,Aberdeen vs Kilmarnock,Kilmarnock,180,away,Aberdeen,273,1,501,7953,5,4,37.0,1,0,3
1871800,2017-09-23 14:00:00,Kilmarnock vs Dundee,Kilmarnock,180,home,Dundee,284,1,501,7953,5,6,46.0,1,0,2
1871809,2017-09-30 14:00:00,Kilmarnock vs Ross County,Kilmarnock,180,home,Ross County,246,0,501,7953,5,3,44.0,0,0,0
1871814,2017-10-14 14:00:00,Partick Thistle vs Kilmarnock,Kilmarnock,180,away,Partick Thistle,339,2,501,7953,5,2,42.0,2,0,1
1871827,2017-10-25 18:45:00,Rangers vs Kilmarnock,Kilmarnock,180,away,Rangers,62,1,501,7953,5,4,38.0,1,0,3
1871830,2017-10-28 14:00:00,Celtic vs Kilmarnock,Kilmarnock,180,away,Celtic,53,1,501,7953,5,1,26.0,1,0,1
1871818,2017-10-31 19:45:00,Kilmarnock vs Hibernian,Kilmarnock,180,home,Hibernian,66,0,501,7953,5,7,49.0,0,0,0
1871770,2017-11-05 15:00:00,Hearts vs Kilmarnock,Kilmarnock,180,away,Hearts,314,2,501,7953,5,4,47.0,2,0,1
1871842,2017-11-18 15:00:00,Dundee vs Kilmarnock,Kilmarnock,180,away,Dundee,284,1,501,7953,5,6,,0,0,3
1871851,2017-11-26 12:30:00,Kilmarnock vs Aberdeen,Kilmarnock,180,home,Aberdeen,273,0,501,7953,5,1,51.0,1,1,2
1871858,2017-12-02 15:00:00,St. Johnstone vs Kilmarnock,Kilmarnock,180,away,St. Johnstone,734,2,501,7953,5,7,52.0,2,0,3
1871862,2017-12-09 15:00:00,Kilmarnock vs Partick Thistle,Kilmarnock,180,home,Partick Thistle,339,2,501,7953,5,6,41.0,5,0,0
1871869,2017-12-12 19:45:00,Ross County vs Kilmarnock,Kilmarnock,180,away,Ross County,246,1,501,7953,5,4,53.0,2,0,3
1871875,2017-12-16 15:00:00,Kilmarnock vs Motherwell,Kilmarnock,180,home,Motherwell,309,2,501,7953,5,4,50.0,1,0,1
1871879,2017-12-23 12:30:00,Kilmarnock vs Rangers,Kilmarnock,180,home,Rangers,62,2,501,7953,5,5,51.0,2,0,2
1871891,2017-12-30 15:00:00,Hibernian vs Kilmarnock,Kilmarnock,180,away,Hibernian,66,1,501,7953,5,3,36.0,1,0,4
1871901,2018-01-27 15:00:00,Aberdeen vs Kilmarnock,Kilmarnock,180,away,Aberdeen,273,0,501,7953,5,7,47.0,1,0,2
1871916,2018-02-03 12:30:00,Kilmarnock vs Celtic,Kilmarnock,180,home,Celtic,53,2,501,7953,5,2,28.0,1,0,4
1871909,2018-02-13 19:45:00,Kilmarnock vs Dundee,Kilmarnock,180,home,Dundee,284,2,501,7953,5,2,42.0,3,1,3
1871922,2018-02-17 15:00:00,Motherwell vs Kilmarnock,Kilmarnock,180,away,Motherwell,309,2,501,7953,5,2,41.0,1,0,3
1871928,2018-02-24 12:30:00,Kilmarnock vs Hibernian,Kilmarnock,180,home,Hibernian,66,1,501,7953,5,16,61.0,2,0,0
1871932,2018-02-27 19:45:00,Hearts vs Kilmarnock,Kilmarnock,180,away,Hearts,314,1,501,7953,5,4,45.0,1,0,3
1871897,2018-03-07 19:45:00,Kilmarnock vs St. Johnstone,Kilmarnock,180,home,St. Johnstone,734,2,501,7953,5,5,59.0,2,0,1
1871940,2018-03-10 15:00:00,Kilmarnock vs Ross County,Kilmarnock,180,home,Ross County,246,2,501,7953,5,2,43.0,3,0,1
1871946,2018-03-17 15:00:00,Rangers vs Kilmarnock,Kilmarnock,180,away,Rangers,62,2,501,7953,5,3,36.0,1,0,2
1871953,2018-03-31 14:00:00,Kilmarnock vs Hamilton Academical,Kilmarnock,180,home,Hamilton Academical,338,2,501,7953,5,8,54.0,2,0,1
1871957,2018-04-07 14:00:00,Partick Thistle vs Kilmarnock,Kilmarnock,180,away,Partick Thistle,339,2,501,7953,5,4,43.0,1,0,1
1871885,2018-04-14 14:00:00,Hamilton Academical vs Kilmarnock,Kilmarnock,180,away,Hamilton Academical,338,2,501,7953,5,3,56.0,2,0,1
10320696,2018-04-21 14:00:00,Kilmarnock vs Aberdeen,Kilmarnock,180,home,Aberdeen,273,0,501,7953,5,8,56.0,0,0,1
10320703,2018-04-28 14:00:00,Hibernian vs Kilmarnock,Kilmarnock,180,away,Hibernian,66,0,501,7953,5,2,52.0,3,0,3
10320710,2018-05-05 14:00:00,Rangers vs Kilmarnock,Kilmarnock,180,away,Rangers,62,0,501,7953,5,4,33.0,0,0,4
10320717,2018-05-09 18:45:00,Celtic vs Kilmarnock,Kilmarnock,180,away,Celtic,53,1,501,7953,5,2,25.0,0,0,0
10320724,2018-05-13 11:30:00,Kilmarnock vs Hearts,Kilmarnock,180,home,Hearts,314,2,501,7953,5,8,55.0,1,0,1
10333189,2018-08-04 14:00:00,Kilmarnock vs St. Johnstone,Kilmarnock,180,home,St. Johnstone,734,2,501,12963,5,8,54.0,2,0,1
10333198,2018-08-11 14:00:00,Livingston vs Kilmarnock,Kilmarnock,180,away,Livingston,258,1,501,12963,5,3,51.0,0,0,2
10333201,2018-08-25 14:00:00,Kilmarnock vs Hearts,Kilmarnock,180,home,Hearts,314,0,501,12963,5,2,45.0,0,1,0
10333209,2018-09-01 14:00:00,Aberdeen vs Kilmarnock,Kilmarnock,180,away,Aberdeen,273,2,501,12963,5,6,54.0,2,0,3
10333211,2018-09-15 14:00:00,Hibernian vs Kilmarnock,Kilmarnock,180,away,Hibernian,66,0,501,12963,5,7,50.0,2,0,1
10333221,2018-09-23 11:30:00,Kilmarnock vs Celtic,Kilmarnock,180,home,Celtic,53,2,501,12963,5,4,42.0,2,0,1
10333225,2018-09-29 14:00:00,Kilmarnock vs Motherwell,Kilmarnock,180,home,Motherwell,309,2,501,12963,5,5,59.0,3,0,1
10333230,2018-10-06 14:00:00,Dundee vs Kilmarnock,Kilmarnock,180,away,Dundee,284,2,501,12963,5,7,55.0,2,0,1
10333239,2018-10-20 14:00:00,St. Mirren vs Kilmarnock,Kilmarnock,180,away,St. Mirren,496,2,501,12963,5,4,53.0,2,0,3
10333242,2018-10-27 14:00:00,Kilmarnock vs Hamilton Academical,Kilmarnock,180,home,Hamilton Academical,338,1,501,12963,5,1,59.0,1,0,2
10333248,2018-10-31 19:45:00,Rangers vs Kilmarnock,Kilmarnock,180,away,Rangers,62,1,501,12963,5,4,37.0,1,0,6
10333254,2018-11-04 12:15:00,Kilmarnock vs Aberdeen,Kilmarnock,180,home,Aberdeen,273,0,501,12963,5,3,41.0,1,0,2
10333264,2018-11-10 15:00:00,Hearts vs Kilmarnock,Kilmarnock,180,away,Hearts,314,2,501,12963,5,4,47.0,1,0,1
10333269,2018-11-24 15:00:00,St. Johnstone vs Kilmarnock,Kilmarnock,180,away,St. Johnstone,734,1,501,12963,5,5,55.0,0,0,1
10333276,2018-12-01 15:00:00,Kilmarnock vs Hibernian,Kilmarnock,180,home,Hibernian,66,2,501,12963,5,2,53.0,3,0,0
10333279,2018-12-05 19:45:00,Kilmarnock vs Livingston,Kilmarnock,180,home,Livingston,258,2,501,12963,5,6,50.0,2,0,0
10333285,2018-12-08 15:00:00,Celtic vs Kilmarnock,Kilmarnock,180,away,Celtic,53,0,501,12963,5,4,41.0,1,0,3
10333291,2018-12-15 15:00:00,Kilmarnock vs Dundee,Kilmarnock,180,home,Dundee,284,2,501,12963,5,5,53.0,3,0,0
10333300,2018-12-22 15:00:00,Hamilton Academical vs Kilmarnock,Kilmarnock,180,away,Hamilton Academical,338,1,501,12963,5,6,53.0,1,0,0
10333304,2018-12-26 15:00:00,Motherwell vs Kilmarnock,Kilmarnock,180,away,Motherwell,309,2,501,12963,5,7,47.0,1,0,1
10333311,2018-12-29 15:00:00,Kilmarnock vs St. Mirren,Kilmarnock,180,home,St. Mirren,496,2,501,12963,5,5,61.0,2,0,1
10333313,2019-01-23 19:45:00,Kilmarnock vs Rangers,Kilmarnock,180,home,Rangers,62,2,501,12963,5,3,43.0,2,0,5
10333321,2019-01-26 15:00:00,Aberdeen vs Kilmarnock,Kilmarnock,180,away,Aberdeen,273,1,501,12963,5,1,37.0,0,1,4
10333328,2019-02-01 19:45:00,Kilmarnock vs Hearts,Kilmarnock,180,home,Hearts,314,0,501,12963,5,4,55.0,1,0,3
10333334,2019-02-06 19:45:00,Dundee vs Kilmarnock,Kilmarnock,180,away,Dundee,284,1,501,12963,5,7,56.0,2,0,2
10333339,2019-02-17 16:00:00,Kilmarnock vs Celtic,Kilmarnock,180,home,Celtic,53,0,501,12963,5,7,41.0,0,1,0
10333346,2019-02-23 15:00:00,Livingston vs Kilmarnock,Kilmarnock,180,away,Livingston,258,0,501,12963,5,2,57.0,0,0,0
10333349,2019-03-02 15:00:00,Kilmarnock vs Motherwell,Kilmarnock,180,home,Motherwell,309,1,501,12963,5,4,48.0,0,0,3
10333359,2019-03-11 19:45:00,St. Mirren vs Kilmarnock,Kilmarnock,180,away,St. Mirren,496,2,501,12963,5,4,59.0,1,0,1
10333363,2019-03-16 15:00:00,Rangers vs Kilmarnock,Kilmarnock,180,away,Rangers,62,1,501,12963,5,3,32.0,1,0,4
10333372,2019-03-30 15:00:00,Kilmarnock vs Hamilton Academical,Kilmarnock,180,home,Hamilton Academical,338,2,501,12963,5,6,64.0,5,0,1
10333377,2019-04-03 18:45:00,Hibernian vs Kilmarnock,Kilmarnock,180,away,Hibernian,66,1,501,12963,5,6,53.0,0,0,4
10333383,2019-04-06 14:00:00,Kilmarnock vs St. Johnstone,Kilmarnock,180,home,St. Johnstone,734,2,501,12963,5,15,56.0,2,0,1
11853596,2019-04-20 14:00:00,Kilmarnock vs Aberdeen,Kilmarnock,180,home,Aberdeen,273,0,501,12963,5,1,48.0,0,3,3
11853598,2019-04-27 11:30:00,Celtic vs Kilmarnock,Kilmarnock,180,away,Celtic,53,0,501,12963,5,5,42.0,0,0,2
11853602,2019-05-04 14:00:00,Hearts vs Kilmarnock,Kilmarnock,180,away,Hearts,314,2,501,12963,5,8,51.0,1,0,5
11853605,2019-05-11 14:00:00,Kilmarnock vs Hibernian,Kilmarnock,180,home,Hibernian,66,2,501,12963,5,11,49.0,1,0,0
11853609,2019-05-19 14:00:00,Kilmarnock vs Rangers,Kilmarnock,180,home,Rangers,62,2,501,12963,5,4,35.0,2,0,1
11879549,2019-08-04 12:30:00,Kilmarnock vs Rangers,Kilmarnock,180,home,Rangers,62,0,501,16222,5,2,37.0,1,0,2
11879550,2019-08-10 14:00:00,Hamilton Academical vs Kilmarnock,Kilmarnock,180,away,Hamilton Academical,338,0,501,16222,5,17,,0,0,1
11879559,2019-08-24 14:00:00,Kilmarnock vs Aberdeen,Kilmarnock,180,home,Aberdeen,273,1,501,16222,5,2,,0,0,3
11879567,2019-08-31 14:00:00,St. Johnstone vs Kilmarnock,Kilmarnock,180,away,St. Johnstone,734,2,501,16222,5,3,,1,0,4
11879571,2019-09-14 14:00:00,Kilmarnock vs Hibernian,Kilmarnock,180,home,Hibernian,66,2,501,16222,5,3,,2,0,0
11879574,2019-09-22 12:00:00,Celtic vs Kilmarnock,Kilmarnock,180,away,Celtic,53,0,501,16222,5,4,,1,0,1
11879582,2019-09-28 14:00:00,Kilmarnock vs Ross County,Kilmarnock,180,home,Ross County,246,1,501,16222,5,2,,0,0,0
11879587,2019-10-05 14:00:00,Hearts vs Kilmarnock,Kilmarnock,180,away,Hearts,314,2,501,16222,5,2,45.0,1,0,2
11879595,2019-10-19 14:00:00,Kilmarnock vs Livingston,Kilmarnock,180,home,Livingston,258,2,501,16222,5,2,54.0,2,0,2
11879600,2019-10-26 14:00:00,Kilmarnock vs St. Mirren,Kilmarnock,180,home,St. Mirren,496,2,501,16222,5,3,62.0,1,0,0
11879607,2019-10-30 19:45:00,Motherwell vs Kilmarnock,Kilmarnock,180,away,Motherwell,309,0,501,16222,5,7,37.0,1,1,2
11879610,2019-11-02 15:00:00,Aberdeen vs Kilmarnock,Kilmarnock,180,away,Aberdeen,273,0,501,16222,5,3,57.0,0,0,2
11879618,2019-11-09 15:00:00,Kilmarnock vs Hamilton Academical,Kilmarnock,180,home,Hamilton Academical,338,1,501,16222,5,12,74.0,2,0,1
11879625,2019-11-23 15:00:00,Kilmarnock vs Hearts,Kilmarnock,180,home,Hearts,314,2,501,16222,5,7,49.0,3,0,2
11879629,2019-11-30 15:00:00,Hibernian vs Kilmarnock,Kilmarnock,180,away,Hibernian,66,1,501,16222,5,2,48.0,2,0,2
11879637,2019-12-04 19:45:00,Kilmarnock vs St. Johnstone,Kilmarnock,180,home,St. Johnstone,734,1,501,16222,5,2,55.0,0,0,1
11879642,2019-12-07 15:00:00,Livingston vs Kilmarnock,Kilmarnock,180,away,Livingston,258,0,501,16222,5,2,56.0,0,0,2
11879650,2019-12-14 15:00:00,Ross County vs Kilmarnock,Kilmarnock,180,away,Ross County,246,0,501,16222,5,4,45.0,0,0,1
11879655,2019-12-21 15:00:00,Kilmarnock vs Motherwell,Kilmarnock,180,home,Motherwell,309,0,501,16222,5,3,62.0,0,0,1
11879661,2019-12-26 15:00:00,Rangers vs Kilmarnock,Kilmarnock,180,away,Rangers,62,0,501,16222,5,1,27.0,0,0,3
11879669,2019-12-29 15:00:00,St. Mirren vs Kilmarnock,Kilmarnock,180,away,St. Mirren,496,0,501,16222,5,5,47.0,0,0,3
11879672,2020-01-22 19:45:00,Kilmarnock vs Celtic,Kilmarnock,180,home,Celtic,53,0,501,16222,5,4,43.0,1,0,1
11879680,2020-01-25 15:00:00,St. Johnstone vs Kilmarnock,Kilmarnock,180,away,St. Johnstone,734,0,501,16222,5,3,47.0,1,0,3
11879684,2020-02-01 15:00:00,Kilmarnock vs Ross County,Kilmarnock,180,home,Ross County,246,2,501,16222,5,5,46.0,3,0,1
11879689,2020-02-05 19:45:00,Hearts vs Kilmarnock,Kilmarnock,180,away,Hearts,314,2,501,16222,5,6,31.0,3,1,3
11879697,2020-02-12 19:45:00,Kilmarnock vs Rangers,Kilmarnock,180,home,Rangers,62,2,501,16222,5,9,33.0,2,0,3
11879702,2020-02-16 16:30:00,Kilmarnock vs Hibernian,Kilmarnock,180,home,Hibernian,66,0,501,16222,5,10,50.0,1,0,2
11879707,2020-02-23 15:00:00,Celtic vs Kilmarnock,Kilmarnock,180,away,Celtic,53,0,501,16222,5,2,25.0,1,1,3
11879713,2020-03-04 19:45:00,Kilmarnock vs Aberdeen,Kilmarnock,180,home,Aberdeen,273,1,501,16222,5,9,47.0,2,0,0
11879720,2020-03-07 15:00:00,Hamilton Academical vs Kilmarnock,Kilmarnock,180,away,Hamilton Academical,338,0,501,16222,5,9,60.0,0,0,2
16475285,2020-08-01 14:00:00,Hibernian vs Kilmarnock,Kilmarnock,180,away,Hibernian,66,0,501,17141,5,4,56.0,1,0,1
16475294,2020-08-09 15:30:00,Kilmarnock vs Celtic,Kilmarnock,180,home,Celtic,53,1,501,17141,5,1,30.0,1,0,2
16475299,2020-08-12 18:45:00,Ross County vs Kilmarnock,Kilmarnock,180,away,Ross County,246,1,501,17141,5,3,48.0,2,0,2
16475304,2020-08-15 14:00:00,Kilmarnock vs St. Johnstone,Kilmarnock,180,home,St. Johnstone,734,0,501,17141,5,11,45.0,1,1,1
16475310,2020-08-22 14:00:00,Rangers vs Kilmarnock,Kilmarnock,180,away,Rangers,62,0,501,17141,5,2,25.0,0,0,1
16475315,2020-08-29 14:00:00,Kilmarnock vs Dundee United,Kilmarnock,180,home,Dundee United,282,2,501,17141,5,2,32.0,4,0,3
16475320,2020-09-12 14:00:00,Aberdeen vs Kilmarnock,Kilmarnock,180,away,Aberdeen,273,0,501,17141,5,10,51.0,0,0,1
16475329,2020-09-19 14:00:00,Kilmarnock vs Hamilton Academical,Kilmarnock,180,home,Hamilton Academical,338,2,501,17141,5,6,44.0,2,1,1
16475336,2020-09-26 14:00:00,St. Mirren vs Kilmarnock,Kilmarnock,180,away,St. Mirren,496,2,501,17141,5,6,53.0,1,0,0
16475346,2020-10-17 14:00:00,Livingston vs Kilmarnock,Kilmarnock,180,away,Livingston,258,2,501,17141,5,3,39.0,3,0,0
16475349,2020-10-24 14:00:00,Kilmarnock vs Hibernian,Kilmarnock,180,home,Hibernian,66,0,501,17141,5,1,55.0,0,0,2
16475359,2020-11-01 12:00:00,Kilmarnock vs Rangers,Kilmarnock,180,home,Rangers,62,0,501,17141,5,4,43.0,0,0,3
16475365,2020-11-06 19:45:00,St. Johnstone vs Kilmarnock,Kilmarnock,180,away,St. Johnstone,734,0,501,17141,5,5,51.0,0,0,1
16475369,2020-11-21 15:00:00,Kilmarnock vs Ross County,Kilmarnock,180,home,Ross County,246,2,501,17141,5,4,35.0,3,1,1
16475373,2020-12-05 15:00:00,Hamilton Academical vs Kilmarnock,Kilmarnock,180,away,Hamilton Academical,338,0,501,17141,5,2,50.0,0,1,2
16475379,2020-12-13 15:00:00,Celtic vs Kilmarnock,Kilmarnock,180,away,Celtic,53,0,501,17141,5,3,37.0,0,0,2
16475385,2020-12-20 12:00:00,Kilmarnock vs Aberdeen,Kilmarnock,180,home,Aberdeen,273,0,501,17141,5,10,48.0,0,1,1
16475391,2020-12-23 18:30:00,Dundee United vs Kilmarnock,Kilmarnock,180,away,Dundee United,282,0,501,17141,5,7,58.0,0,0,1
16475400,2020-12-26 15:00:00,Kilmarnock vs Livingston,Kilmarnock,180,home,Livingston,258,0,501,17141,5,5,57.0,1,0,2
16475406,2020-12-30 18:15:00,Motherwell vs Kilmarnock,Kilmarnock,180,away,Motherwell,309,2,501,17141,5,1,42.0,0,0,0
16475412,2021-01-02 15:00:00,Kilmarnock vs St. Mirren,Kilmarnock,180,home,St. Mirren,496,1,501,17141,5,7,41.0,1,0,3
16475418,2021-01-09 15:00:00,Kilmarnock vs Hamilton Academical,Kilmarnock,180,home,Hamilton Academical,338,2,501,17141,5,5,63.0,2,0,0
16475423,2021-01-16 15:00:00,Hibernian vs Kilmarnock,Kilmarnock,180,away,Hibernian,66,0,501,17141,5,9,54.0,0,0,1
16475436,2021-01-27 19:45:00,Livingston vs Kilmarnock,Kilmarnock,180,away,Livingston,258,0,501,17141,5,0,38.0,0,0,3
16475429,2021-01-30 15:00:00,Kilmarnock vs St. Johnstone,Kilmarnock,180,home,St. Johnstone,734,0,501,17141,5,2,42.0,2,0,1
16475441,2021-02-02 19:45:00,Kilmarnock vs Celtic,Kilmarnock,180,home,Celtic,53,0,501,17141,5,9,37.0,0,0,1
16475450,2021-02-06 15:00:00,St. Mirren vs Kilmarnock,Kilmarnock,180,away,St. Mirren,496,0,501,17141,5,3,50.0,0,0,4
16475340,2021-02-10 18:00:00,Kilmarnock vs Motherwell,Kilmarnock,180,home,Motherwell,309,0,501,17141,5,6,59.0,0,0,0
16475454,2021-02-13 15:00:00,Rangers vs Kilmarnock,Kilmarnock,180,away,Rangers,62,0,501,17141,5,3,37.0,0,0,2
16475476,2021-02-20 15:00:00,Aberdeen vs Kilmarnock,Kilmarnock,180,away,Aberdeen,273,0,501,17141,5,3,50.0,0,0,2
16475460,2021-02-27 15:00:00,Kilmarnock vs Dundee United,Kilmarnock,180,home,Dundee United,282,1,501,17141,5,12,58.0,1,0,1
16475467,2021-03-06 15:00:00,Ross County vs Kilmarnock,Kilmarnock,180,away,Ross County,246,0,501,17141,5,8,53.0,2,1,3
16475472,2021-03-20 15:00:00,Kilmarnock vs Motherwell,Kilmarnock,180,home,Motherwell,309,2,501,17141,5,4,48.0,4,0,3
17947865,2021-04-10 14:00:00,Kilmarnock vs Ross County,Kilmarnock,180,home,Ross County,246,1,501,17141,5,6,46.0,2,0,3
17947868,2021-04-21 18:45:00,Kilmarnock vs Dundee United,Kilmarnock,180,home,Dundee United,282,2,501,17141,5,5,50.0,3,0,1
17947871,2021-05-01 14:00:00,Motherwell vs Kilmarnock,Kilmarnock,180,away,Motherwell,309,0,501,17141,5,6,51.0,0,0,1
17947874,2021-05-12 18:45:00,Kilmarnock vs St. Mirren,Kilmarnock,180,home,St. Mirren,496,1,501,17141,5,8,41.0,3,0,2
17947876,2021-05-16 11:00:00,Hamilton Academical vs Kilmarnock,Kilmarnock,180,away,Hamilton Academical,338,2,501,17141,5,4,46.0,2,0,4
18535489,2022-07-30 14:00:00,Kilmarnock vs Dundee United,Kilmarnock,180,home,Dundee United,282,1,501,19735,5,4,52.0,1,0,2
18535497,2022-08-06 14:00:00,Rangers vs Kilmarnock,Kilmarnock,180,away,Rangers,62,0,501,19735,5,3,26.0,0,0,6
18535501,2022-08-14 11:00:00,Kilmarnock vs Celtic,Kilmarnock,180,home,Celtic,53,0,501,19735,5,2,26.0,0,0,4
18535509,2022-08-20 14:00:00,Ross County vs Kilmarnock,Kilmarnock,180,away,Ross County,246,0,501,19735,5,7,47.0,0,0,4
18535514,2022-08-27 14:00:00,Kilmarnock vs Motherwell,Kilmarnock,180,home,Motherwell,309,2,501,19735,5,8,57.0,2,0,2
18535518,2022-09-03 14:00:00,Hibernian vs Kilmarnock,Kilmarnock,180,away,Hibernian,66,0,501,19735,5,3,43.0,0,1,3
18535530,2022-09-17 14:00:00,Livingston vs Kilmarnock,Kilmarnock,180,away,Livingston,258,0,501,19735,5,4,52.0,0,0,2
18535535,2022-10-01 14:00:00,Aberdeen vs Kilmarnock,Kilmarnock,180,away,Aberdeen,273,0,501,19735,5,5,41.0,1,0,2
18535527,2022-10-05 18:45:00,Kilmarnock vs St. Johnstone,Kilmarnock,180,home,St. Johnstone,734,2,501,19735,5,5,40.0,2,0,0
18535543,2022-10-09 14:00:00,Kilmarnock vs Hearts,Kilmarnock,180,home,Hearts,314,1,501,19735,5,6,38.0,2,0,2
18535552,2022-10-15 14:00:00,St. Mirren vs Kilmarnock,Kilmarnock,180,away,St. Mirren,496,1,501,19735,5,8,51.0,0,0,2
18535555,2022-10-22 14:00:00,Kilmarnock vs Ross County,Kilmarnock,180,home,Ross County,246,2,501,19735,5,5,48.0,1,0,2
18535564,2022-10-29 14:00:00,St. Johnstone vs Kilmarnock,Kilmarnock,180,away,St. Johnstone,734,0,501,19735,5,6,62.0,0,0,1
18535568,2022-11-04 19:45:00,Kilmarnock vs Livingston,Kilmarnock,180,home,Livingston,258,0,501,19735,5,5,50.0,2,0,3
18535571,2022-11-09 19:45:00,Dundee United vs Kilmarnock,Kilmarnock,180,away,Dundee United,282,0,501,19735,5,4,60.0,0,0,1
18535580,2022-11-12 15:00:00,Kilmarnock vs Hibernian,Kilmarnock,180,home,Hibernian,66,2,501,19735,5,0,47.0,1,0,2
18535584,2022-12-17 15:00:00,Hearts vs Kilmarnock,Kilmarnock,180,away,Hearts,314,0,501,19735,5,2,37.0,1,0,1
18535592,2022-12-23 19:45:00,Motherwell vs Kilmarnock,Kilmarnock,180,away,Motherwell,309,1,501,19735,5,1,41.0,2,1,0
18535597,2022-12-28 19:45:00,Kilmarnock vs Aberdeen,Kilmarnock,180,home,Aberdeen,273,2,501,19735,5,2,39.0,2,0,2
18535603,2023-01-02 15:00:00,Kilmarnock vs St. Mirren,Kilmarnock,180,home,St. Mirren,496,1,501,19735,5,6,70.0,0,0,2
18537946,2023-01-07 15:00:00,Celtic vs Kilmarnock,Kilmarnock,180,away,Celtic,53,0,501,19735,5,3,21.0,0,0,0
18537954,2023-01-18 20:00:00,Kilmarnock vs Rangers,Kilmarnock,180,home,Rangers,62,0,501,19735,5,3,22.0,2,1,2
18537961,2023-01-28 15:00:00,Ross County vs Kilmarnock,Kilmarnock,180,away,Ross County,246,0,501,19735,5,5,56.0,0,0,1
18537966,2023-02-01 19:45:00,Kilmarnock vs Dundee United,Kilmarnock,180,home,Dundee United,282,2,501,19735,5,7,44.0,1,0,1
18537971,2023-02-04 15:00:00,Livingston vs Kilmarnock,Kilmarnock,180,away,Livingston,258,0,501,19735,5,5,54.0,1,0,2
18537977,2023-02-18 15:00:00,Hibernian vs Kilmarnock,Kilmarnock,180,away,Hibernian,66,0,501,19735,5,4,34.0,0,1,1
18537984,2023-02-25 15:00:00,Kilmarnock vs Motherwell,Kilmarnock,180,home,Motherwell,309,1,501,19735,5,4,49.0,1,0,3
18537990,2023-03-04 15:00:00,Rangers vs Kilmarnock,Kilmarnock,180,away,Rangers,62,0,501,19735,5,4,26.0,1,0,2
18537996,2023-03-18 15:00:00,Kilmarnock vs St. Johnstone,Kilmarnock,180,home,St. Johnstone,734,1,501,19735,5,9,49.0,1,0,3
18538000,2023-04-01 14:00:00,Kilmarnock vs Hearts,Kilmarnock,180,home,Hearts,314,2,501,19735,5,2,36.0,2,1,3
18538005,2023-04-08 14:00:00,Aberdeen vs Kilmarnock,Kilmarnock,180,away,Aberdeen,273,0,501,19735,5,8,45.0,0,0,1
18538012,2023-04-16 11:00:00,Kilmarnock vs Celtic,Kilmarnock,180,home,Celtic,53,0,501,19735,5,4,23.0,1,0,0
18538022,2023-04-22 14:00:00,St. Mirren vs Kilmarnock,Kilmarnock,180,away,St. Mirren,496,2,501,19735,5,1,45.0,2,0,1
18825706,2023-05-06 14:00:00,Motherwell vs Kilmarnock,Kilmarnock,180,away,Motherwell,309,0,501,19735,5,1,56.0,0,0,2
18825759,2023-05-13 14:00:00,Kilmarnock vs Livingston,Kilmarnock,180,home,Livingston,258,2,501,19735,5,2,44.0,2,0,1
18825761,2023-05-20 14:00:00,Kilmarnock vs St. Johnstone,Kilmarnock,180,home,St. Johnstone,734,0,501,19735,5,3,54.0,0,1,1
18825764,2023-05-24 18:45:00,Dundee United vs Kilmarnock,Kilmarnock,180,away,Dundee United,282,2,501,19735,5,5,41.0,3,0,1
18825767,2023-05-28 14:00:00,Kilmarnock vs Ross County,Kilmarnock,180,home,Ross County,246,2,501,19735,5,5,53.0,3,0,4
18861941,2023-08-05 16:15:00,Kilmarnock vs Rangers,Kilmarnock,180,home,Rangers,62,2,501,21787,5,2,32.0,1,0,0
18861944,2023-08-13 14:00:00,Hearts vs Kilmarnock,Kilmarnock,180,away,Hearts,314,1,501,21787,5,5,36.0,0,0,4
18861952,2023-08-26 14:00:00,Motherwell vs Kilmarnock,Kilmarnock,180,away,Motherwell,309,0,501,21787,5,6,49.0,1,0,3
18861957,2023-09-02 14:00:00,Kilmarnock vs Ross County,Kilmarnock,180,home,Ross County,246,0,501,21787,5,14,61.0,0,0,0
18861963,2023-09-16 14:00:00,Kilmarnock vs Hibernian,Kilmarnock,180,home,Hibernian,66,1,501,21787,5,4,46.0,2,0,5
18861968,2023-09-23 14:00:00,Dundee vs Kilmarnock,Kilmarnock,180,away,Dundee,284,1,501,21787,5,7,62.0,2,0,3
18861974,2023-09-30 14:00:00,Kilmarnock vs St. Mirren,Kilmarnock,180,home,St. Mirren,496,1,501,21787,5,7,54.0,1,0,2
18861980,2023-10-07 14:00:00,Celtic vs Kilmarnock,Kilmarnock,180,away,Celtic,53,0,501,21787,5,1,23.0,1,0,2
18861987,2023-10-21 14:00:00,Kilmarnock vs Livingston,Kilmarnock,180,home,Livingston,258,2,501,21787,5,5,53.0,3,0,2
18861992,2023-10-29 12:00:00,Kilmarnock vs Aberdeen,Kilmarnock,180,home,Aberdeen,273,2,501,21787,5,9,49.0,2,0,1
18862858,2023-11-01 19:45:00,St. Johnstone vs Kilmarnock,Kilmarnock,180,away,St. Johnstone,734,0,501,21787,5,12,63.0,1,0,2
18861999,2023-11-04 15:00:00,Kilmarnock vs Motherwell,Kilmarnock,180,home,Motherwell,309,2,501,21787,5,9,52.0,1,0,2
18862005,2023-11-11 15:00:00,Hibernian vs Kilmarnock,Kilmarnock,180,away,Hibernian,66,0,501,21787,5,10,47.0,0,0,5
18862013,2023-11-25 15:00:00,Ross County vs Kilmarnock,Kilmarnock,180,away,Ross County,246,1,501,21787,5,5,47.0,0,0,0
18862016,2023-12-02 15:00:00,Kilmarnock vs Hearts,Kilmarnock,180,home,Hearts,314,0,501,21787,5,7,52.0,0,0,2
18862859,2023-12-06 19:45:00,Aberdeen vs Kilmarnock,Kilmarnock,180,away,Aberdeen,273,2,501,21787,5,5,36.0,1,0,1
18862022,2023-12-10 12:00:00,Kilmarnock vs Celtic,Kilmarnock,180,home,Celtic,53,2,501,21787,5,5,32.0,2,0,3
18862029,2023-12-16 15:00:00,Livingston vs Kilmarnock,Kilmarnock,180,away,Livingston,258,1,501,21787,5,8,52.0,0,0,1
18862036,2023-12-23 15:00:00,Kilmarnock vs St. Johnstone,Kilmarnock,180,home,St. Johnstone,734,2,501,21787,5,5,46.0,2,0,0
18862043,2023-12-27 19:45:00,St. Mirren vs Kilmarnock,Kilmarnock,180,away,St. Mirren,496,2,501,21787,5,4,40.0,1,0,2
18862048,2023-12-30 15:00:00,Kilmarnock vs Dundee,Kilmarnock,180,home,Dundee,284,1,501,21787,5,7,58.0,2,0,2
18862054,2024-01-02 15:00:00,Rangers vs Kilmarnock,Kilmarnock,180,away,Rangers,62,0,501,21787,5,5,39.0,1,0,3
18862059,2024-01-27 15:00:00,Kilmarnock vs Hibernian,Kilmarnock,180,home,Hibernian,66,1,501,21787,5,7,37.0,2,1,2
18862066,2024-02-03 15:00:00,Motherwell vs Kilmarnock,Kilmarnock,180,away,Motherwell,309,1,501,21787,5,5,46.0,1,0,5
18862070,2024-02-07 19:45:00,Kilmarnock vs Livingston,Kilmarnock,180,home,Livingston,258,2,501,21787,5,9,64.0,1,0,0
18862076,2024-02-17 15:00:00,Celtic vs Kilmarnock,Kilmarnock,180,away,Celtic,53,1,501,21787,5,4,29.0,1,0,3
18862082,2024-02-24 15:00:00,Kilmarnock vs Aberdeen,Kilmarnock,180,home,Aberdeen,273,2,501,21787,5,5,52.0,2,0,1
18862090,2024-02-28 19:45:00,Kilmarnock vs Rangers,Kilmarnock,180,home,Rangers,62,0,501,21787,5,8,44.0,1,0,3
18862093,2024-03-02 15:00:00,Dundee vs Kilmarnock,Kilmarnock,180,away,Dundee,284,1,501,21787,5,6,48.0,2,1,4
18862102,2024-03-16 15:00:00,Kilmarnock vs St. Mirren,Kilmarnock,180,home,St. Mirren,496,2,501,21787,5,1,53.0,5,0,3
18862106,2024-03-30 15:00:00,Hearts vs Kilmarnock,Kilmarnock,180,away,Hearts,314,1,501,21787,5,7,39.0,1,0,2
18862113,2024-04-06 14:00:00,Kilmarnock vs Ross County,Kilmarnock,180,home,Ross County,246,2,501,21787,5,4,56.0,1,0,4
18862122,2024-04-13 14:00:00,St. Johnstone vs Kilmarnock,Kilmarnock,180,away,St. Johnstone,734,2,501,21787,5,6,46.0,2,0,0
19116467,2024-04-27 14:00:00,Kilmarnock vs Hearts,Kilmarnock,180,home,Hearts,314,1,501,21787,5,8,45.0,0,0,4
19116487,2024-05-05 12:00:00,Rangers vs Kilmarnock,Kilmarnock,180,away,Rangers,62,0,501,21787,5,1,26.0,1,1,3
19116490,2024-05-11 14:00:00,St. Mirren vs Kilmarnock,Kilmarnock,180,away,St. Mirren,496,2,501,21787,5,5,38.0,1,0,2
19116492,2024-05-15 18:30:00,Kilmarnock vs Celtic,Kilmarnock,180,home,Celtic,53,0,501,21787,5,2,25.0,0,0,2
19116495,2024-05-18 11:30:00,Dundee vs Kilmarnock,Kilmarnock,180,away,Dundee,284,1,501,21787,5,3,39.0,1,1,3
19146701,2024-08-04 15:30:00,Celtic vs Kilmarnock,Kilmarnock,180,away,Celtic,53,0,501,23690,5,1,18.0,0,0,2
19146704,2024-08-11 14:00:00,Kilmarnock vs St. Johnstone,Kilmarnock,180,home,St. Johnstone,734,0,501,23690,5,4,41.0,0,1,5
19146709,2024-08-25 14:00:00,Aberdeen vs Kilmarnock,Kilmarnock,180,away,Aberdeen,273,0,501,23690,5,6,42.0,0,1,0
19146718,2024-09-01 14:00:00,Kilmarnock vs Hibernian,Kilmarnock,180,home,Hibernian,66,1,501,23690,5,4,51.0,0,0,2
19146726,2024-09-14 14:00:00,St. Mirren vs Kilmarnock,Kilmarnock,180,away,St. Mirren,496,1,501,23690,5,10,49.0,0,1,3
19146729,2024-09-28 14:00:00,Kilmarnock vs Dundee United,Kilmarnock,180,home,Dundee United,282,1,501,23690,5,7,48.0,3,0,1
19146734,2024-10-05 14:00:00,Dundee vs Kilmarnock,Kilmarnock,180,away,Dundee,284,2,501,23690,5,10,64.0,3,0,1
19146742,2024-10-20 11:00:00,Kilmarnock vs Rangers,Kilmarnock,180,home,Rangers,62,2,501,23690,5,1,32.0,1,0,1
19146750,2024-10-26 14:00:00,Ross County vs Kilmarnock,Kilmarnock,180,away,Ross County,246,0,501,23690,5,5,42.0,1,2,4
19146754,2024-10-30 19:45:00,Hearts vs Kilmarnock,Kilmarnock,180,away,Hearts,314,2,501,23690,5,1,31.0,2,0,3
19146830,2024-11-03 15:00:00,Dundee vs Kilmarnock,Kilmarnock,180,away,Dundee,284,0,501,23690,5,1,45.0,2,0,1
19146766,2024-11-10 15:00:00,Kilmarnock vs Celtic,Kilmarnock,180,home,Celtic,53,0,501,23690,5,6,34.0,0,0,3
19146773,2024-11-23 15:15:00,St. Johnstone vs Kilmarnock,Kilmarnock,180,away,St. Johnstone,734,0,501,23690,5,14,48.0,0,1,3
19146778,2024-11-30 15:00:00,Kilmarnock vs Dundee,Kilmarnock,180,home,Dundee,284,1,501,23690,5,6,58.0,1,0,2
19146784,2024-12-04 19:45:00,Rangers vs Kilmarnock,Kilmarnock,180,away,Rangers,62,0,501,23690,5,4,27.0,0,0,2
19146789,2024-12-07 15:00:00,Dundee United vs Kilmarnock,Kilmarnock,180,away,Dundee United,282,1,501,23690,5,1,46.0,1,0,1
19146795,2024-12-15 15:00:00,Kilmarnock vs Hearts,Kilmarnock,180,home,Hearts,314,2,501,23690,5,3,25.0,1,1,1
19146802,2024-12-20 19:45:00,Motherwell vs Kilmarnock,Kilmarnock,180,away,Motherwell,309,1,501,23690,5,8,65.0,1,0,5
19146808,2024-12-26 15:00:00,Kilmarnock vs Aberdeen,Kilmarnock,180,home,Aberdeen,273,2,501,23690,5,7,47.0,4,0,0
19146813,2024-12-29 15:00:00,Hibernian vs Kilmarnock,Kilmarnock,180,away,Hibernian,66,0,501,23690,5,10,40.0,0,1,4
19146819,2025-01-02 15:00:00,Kilmarnock vs St. Mirren,Kilmarnock,180,home,St. Mirren,496,2,501,23690,5,4,47.0,2,0,0
19146826,2025-01-05 15:00:00,Kilmarnock vs Ross County,Kilmarnock,180,home,Ross County,246,0,501,23690,5,7,58.0,0,0,1
19146760,2025-01-08 19:45:00,Kilmarnock vs Motherwell,Kilmarnock,180,home,Motherwell,309,1,501,23690,5,15,69.0,0,0,1
19146838,2025-01-25 15:00:00,Hearts vs Kilmarnock,Kilmarnock,180,away,Hearts,314,0,501,23690,5,7,51.0,2,0,5
19146843,2025-02-01 17:45:00,Kilmarnock vs Dundee United,Kilmarnock,180,home,Dundee United,282,2,501,23690,5,3,41.0,1,0,1
19146850,2025-02-15 15:00:00,Kilmarnock vs St. Johnstone,Kilmarnock,180,home,St. Johnstone,734,2,501,23690,5,7,40.0,3,0,1
19146853,2025-02-22 15:00:00,Aberdeen vs Kilmarnock,Kilmarnock,180,away,Aberdeen,273,0,501,23690,5,5,39.0,0,0,3
19146862,2025-02-26 20:00:00,Kilmarnock vs Rangers,Kilmarnock,180,home,Rangers,62,0,501,23690,5,6,38.0,2,0,2
19146869,2025-03-01 15:00:00,Ross County vs Kilmarnock,Kilmarnock,180,away,Ross County,246,0,501,23690,5,6,58.0,0,0,0
19146874,2025-03-15 15:00:00,Kilmarnock vs Hibernian,Kilmarnock,180,home,Hibernian,66,1,501,23690,5,4,49.0,1,0,2
19146882,2025-03-29 15:00:00,St. Mirren vs Kilmarnock,Kilmarnock,180,away,St. Mirren,496,0,501,23690,5,7,58.0,1,0,2
19146885,2025-04-05 14:00:00,Kilmarnock vs Motherwell,Kilmarnock,180,home,Motherwell,309,2,501,23690,5,7,54.0,2,0,2
19146890,2025-04-12 11:30:00,Celtic vs Kilmarnock,Kilmarnock,180,away,Celtic,53,0,501,23690,5,0,12.0,1,0,
19415349,2025-04-26 14:00:00,Kilmarnock vs Ross County,Kilmarnock,180,home,Ross County,246,2,501,23690,5,5,42.0,2,0,0
19415353,2025-05-03 14:00:00,St. Johnstone vs Kilmarnock,Kilmarnock,180,away,St. Johnstone,734,2,501,23690,5,2,31.0,2,0,1
19415355,2025-05-10 14:00:00,Kilmarnock vs Dundee,Kilmarnock,180,home,Dundee,284,2,501,23690,5,7,41.0,3,0,1
19415359,2025-05-14 18:45:00,Motherwell vs Kilmarnock,Kilmarnock,180,away,Motherwell,309,0,501,23690,5,4,31.0,0,1,1
19415360,2025-05-18 14:00:00,Kilmarnock vs Hearts,Kilmarnock,180,home,Hearts,314,0,501,23690,5,3,48.0,0,0,1
19428039,2025-08-02 14:00:00,Kilmarnock vs Livingston,Kilmarnock,180,home,Livingston,258,1,501,25598,5,3,36.0,2,1,2
19428046,2025-08-10 14:00:00,Hibernian vs Kilmarnock,Kilmarnock,180,away,Hibernian,66,1,501,25598,5,7,40.0,2,0,2
19428055,2025-08-23 14:00:00,Kilmarnock vs Dundee,Kilmarnock,180,home,Dundee,284,1,501,25598,5,7,54.0,0,0,3
19428061,2025-08-30 14:00:00,Motherwell vs Kilmarnock,Kilmarnock,180,away,Motherwell,309,1,501,25598,5,0,26.0,2,0,5
19428067,2025-09-14 14:00:00,Kilmarnock vs Celtic,Kilmarnock,180,home,Celtic,53,0,501,25598,5,6,24.0,1,0,2
19428070,2025-09-27 14:00:00,Dundee United vs Kilmarnock,Kilmarnock,180,away,Dundee United,282,2,501,25598,5,6,40.0,2,0,2
19428080,2025-10-04 14:00:00,Kilmarnock vs St. Mirren,Kilmarnock,180,home,St. Mirren,496,2,501,25598,5,4,36.0,2,0,1
19428083,2025-10-18 16:45:00,Kilmarnock vs Hearts,Kilmarnock,180,home,Hearts,314,0,501,25598,5,4,41.0,0,0,3
19428092,2025-10-26 15:00:00,Rangers vs Kilmarnock,Kilmarnock,180,away,Rangers,62,0,501,25598,5,2,25.0,1,0,2
19428096,2025-10-29 19:45:00,Kilmarnock vs Aberdeen,Kilmarnock,180,home,Aberdeen,273,0,501,25598,5,7,57.0,0,0,4
19428100,2025-11-01 15:00:00,Falkirk vs Kilmarnock,Kilmarnock,180,away,Falkirk,770,0,501,25598,5,6,51.0,1,0,1
19428106,2025-11-09 16:00:00,Celtic vs Kilmarnock,Kilmarnock,180,away,Celtic,53,0,501,25598,5,7,25.0,0,0,2
19428114,2025-11-22 15:00:00,Kilmarnock vs Motherwell,Kilmarnock,180,home,Motherwell,309,0,501,25598,5,3,41.0,1,0,1
19428119,2025-11-29 17:45:00,Kilmarnock vs Dundee United,Kilmarnock,180,home,Dundee United,282,1,501,25598,5,3,46.0,1,0,3
19428127,2025-12-03 19:45:00,Hearts vs Kilmarnock,Kilmarnock,180,away,Hearts,314,1,501,25598,5,1,35.0,1,0,2
19428132,2025-12-06 20:00:00,Kilmarnock vs Rangers,Kilmarnock,180,home,Rangers,62,0,501,25598,5,7,40.0,0,0,2
19428135,2025-12-14 15:00:00,Aberdeen vs Kilmarnock,Kilmarnock,180,away,Aberdeen,273,0,501,25598,5,3,32.0,1,0,5
19428144,2025-12-20 15:00:00,Kilmarnock vs Falkirk,Kilmarnock,180,home,Falkirk,770,0,501,25598,5,2,55.0,0,0,2
19428152,2025-12-27 15:00:00,St. Mirren vs Kilmarnock,Kilmarnock,180,away,St. Mirren,496,1,501,25598,5,4,41.0,0,0,0
19428153,2025-12-30 19:45:00,Dundee vs Kilmarnock,Kilmarnock,180,away,Dundee,284,0,501,25598,5,5,43.0,1,0,4
19428163,2026-01-03 15:00:00,Kilmarnock vs Hibernian,Kilmarnock,180,home,Hibernian,66,0,501,25598,5,5,44.0,1,1,3
19428169,2026-01-10 15:00:00,Livingston vs Kilmarnock,Kilmarnock,180,away,Livingston,258,1,501,25598,5,5,39.0,1,0,1
19428175,2026-01-24 15:00:00,Motherwell vs Kilmarnock,Kilmarnock,180,away,Motherwell,309,0,501,25598,5,1,27.0,0,1,2
19428180,2026-01-31 15:00:00,Kilmarnock vs Aberdeen,Kilmarnock,180,home,Aberdeen,273,2,501,25598,5,7,55.0,3,0,3
19428187,2026-02-04 19:45:00,Rangers vs Kilmarnock,Kilmarnock,180,away,Rangers,62,0,501,25598,5,1,31.0,1,1,2
19428193,2026-02-11 19:45:00,Kilmarnock vs St. Mirren,Kilmarnock,180,home,St. Mirren,496,2,501,25598,5,9,58.0,4,0,1
19428198,2026-02-15 14:00:00,Kilmarnock vs Celtic,Kilmarnock,180,home,Celtic,53,0,501,25598,5,6,39.0,2,0,1
19428203,2026-02-21 15:00:00,Dundee United vs Kilmarnock,Kilmarnock,180,away,Dundee United,282,1,501,25598,5,3,60.0,1,1,3
19428208,2026-02-28 15:00:00,Falkirk vs Kilmarnock,Kilmarnock,180,away,Falkirk,770,0,501,25598,5,2,50.0,1,0,2
19428217,2026-03-14 20:00:00,Kilmarnock vs Hearts,Kilmarnock,180,home,Hearts,314,2,501,25598,5,2,39.0,1,0,2
19428222,2026-03-21 15:00:00,Kilmarnock vs Livingston,Kilmarnock,180,home,Livingston,258,2,501,25598,5,3,42.0,2,0,0
19428226,2026-04-04 14:00:00,Hibernian vs Kilmarnock,Kilmarnock,180,away,Hibernian,66,0,501,25598,5,9,48.0,0,0,3
19428236,2026-04-11 14:00:00,Kilmarnock vs Dundee,Kilmarnock,180,home,Dundee,284,1,501,25598,5,4,51.0,2,0,4
19700231,2026-04-25 14:00:00,Aberdeen vs Kilmarnock,Kilmarnock,180,away,Aberdeen,273,0,501,25598,5,5,58.0,0,0,4
19700222,2026-05-02 14:00:00,Kilmarnock vs Dundee United,Kilmarnock,180,home,Dundee United,282,2,501,25598,5,4,41.0,3,0,0
19700216,2026-05-09 14:00:00,St. Mirren vs Kilmarnock,Kilmarnock,180,away,St. Mirren,496,2,501,25598,5,4,41.0,3,0,1
19700211,2026-05-12 18:45:00,Kilmarnock vs Dundee,Kilmarnock,180,home,Dundee,284,2,501,25598,5,6,52.0,3,0,4
19700203,2026-05-17 13:00:00,Livingston vs Kilmarnock,Kilmarnock,180,away,Livingston,258,2,501,25598,5,1,48.0,4,0,2
378846,2017-01-28 12:30:00,Motherwell vs Rangers,Motherwell,309,home,Rangers,62,0,501,825,5,3,44.0,0,1,0
378910,2017-01-31 19:45:00,Ross County vs Motherwell,Motherwell,309,away,Ross County,246,2,501,825,5,3,47.0,2,0,2
378965,2017-02-04 12:15:00,Motherwell vs Hearts,Motherwell,309,home,Hearts,314,0,501,825,5,1,42.0,0,1,3
378129,2017-02-15 19:45:00,Aberdeen vs Motherwell,Motherwell,309,away,Aberdeen,273,0,501,825,5,4,44.0,2,0,1
379049,2017-02-18 15:00:00,Celtic vs Motherwell,Motherwell,309,away,Celtic,53,0,501,825,5,4,28.0,0,0,1
379101,2017-02-25 15:00:00,Motherwell vs Dundee,Motherwell,309,home,Dundee,284,0,501,825,5,2,55.0,1,0,3
379206,2017-03-04 15:00:00,Kilmarnock vs Motherwell,Motherwell,309,away,Kilmarnock,180,2,501,825,5,3,43.0,2,0,4
379238,2017-03-11 15:00:00,Aberdeen vs Motherwell,Motherwell,309,away,Aberdeen,273,0,501,825,5,4,36.0,0,0,6
379287,2017-03-18 15:00:00,Motherwell vs St. Johnstone,Motherwell,309,home,St. Johnstone,734,0,501,825,5,2,57.0,1,0,0
379377,2017-04-01 14:00:00,Rangers vs Motherwell,Motherwell,309,away,Rangers,62,1,501,825,5,7,46.0,1,0,4
379420,2017-04-05 18:45:00,Motherwell vs Hamilton Academical,Motherwell,309,home,Hamilton Academical,338,1,501,825,5,7,57.0,0,0,1
379500,2017-04-08 14:00:00,Partick Thistle vs Motherwell,Motherwell,309,away,Partick Thistle,339,0,501,825,5,7,49.0,0,0,0
379541,2017-04-15 14:00:00,Motherwell vs Inverness CT,Motherwell,309,home,Inverness CT,265,2,501,825,5,6,53.0,4,0,0
376703,2017-04-29 14:00:00,Motherwell vs Dundee,Motherwell,309,home,Dundee,284,0,501,825,5,11,63.0,2,0,1
376748,2017-05-06 14:00:00,Motherwell vs Ross County,Motherwell,309,home,Ross County,246,0,501,825,5,14,52.0,0,0,0
234031,2017-05-13 14:00:00,Hamilton Academical vs Motherwell,Motherwell,309,away,Hamilton Academical,338,2,501,825,5,1,42.0,1,0,4
234033,2017-05-16 18:45:00,Motherwell vs Kilmarnock,Motherwell,309,home,Kilmarnock,180,2,501,825,5,8,46.0,3,0,5
234039,2017-05-20 14:00:00,Inverness CT vs Motherwell,Motherwell,309,away,Inverness CT,265,0,501,825,5,0,48.0,2,0,0
1871768,2017-08-06 12:30:00,Motherwell vs Rangers,Motherwell,309,home,Rangers,62,0,501,7953,5,7,49.0,1,0,4
1871774,2017-08-12 14:00:00,St. Johnstone vs Motherwell,Motherwell,309,away,St. Johnstone,734,0,501,7953,5,6,53.0,1,3,1
1871778,2017-08-19 14:00:00,Motherwell vs Ross County,Motherwell,309,home,Ross County,246,2,501,7953,5,1,52.0,2,0,2
1871863,2017-08-26 14:00:00,Motherwell vs Hearts,Motherwell,309,home,Hearts,314,2,501,7953,5,5,49.0,2,0,2
1871789,2017-09-09 14:00:00,Motherwell vs Kilmarnock,Motherwell,309,home,Kilmarnock,180,2,501,7953,5,6,60.0,2,0,3
1871797,2017-09-16 14:00:00,Hibernian vs Motherwell,Motherwell,309,away,Hibernian,66,1,501,7953,5,5,52.0,2,0,4
1871801,2017-09-24 11:15:00,Motherwell vs Aberdeen,Motherwell,309,home,Aberdeen,273,0,501,7953,5,8,55.0,0,0,2
1871810,2017-09-30 14:00:00,Motherwell vs Partick Thistle,Motherwell,309,home,Partick Thistle,339,2,501,7953,5,10,55.0,3,0,0
1871812,2017-10-14 14:00:00,Hamilton Academical vs Motherwell,Motherwell,309,away,Hamilton Academical,338,2,501,7953,5,10,52.0,2,0,2
1871824,2017-10-25 18:45:00,Dundee vs Motherwell,Motherwell,309,away,Dundee,284,2,501,7953,5,4,48.0,1,0,3
1871833,2017-10-28 14:00:00,Motherwell vs Hibernian,Motherwell,309,home,Hibernian,66,0,501,7953,5,4,50.0,0,0,1
1871839,2017-11-04 15:00:00,Ross County vs Motherwell,Motherwell,309,away,Ross County,246,0,501,7953,5,5,57.0,2,0,1
1871841,2017-11-18 15:00:00,Aberdeen vs Motherwell,Motherwell,309,away,Aberdeen,273,2,501,7953,5,3,48.0,2,0,1
1871819,2017-11-29 19:45:00,Motherwell vs Celtic,Motherwell,309,home,Celtic,53,1,501,7953,5,4,34.0,1,0,5
1871854,2017-12-02 15:00:00,Celtic vs Motherwell,Motherwell,309,away,Celtic,53,0,501,7953,5,0,,1,0,3
1871783,2017-12-09 15:00:00,Hearts vs Motherwell,Motherwell,309,away,Hearts,314,0,501,7953,5,3,50.0,0,0,2
1871868,2017-12-13 19:45:00,Partick Thistle vs Motherwell,Motherwell,309,away,Partick Thistle,339,0,501,7953,5,10,62.0,2,0,1
1871875,2017-12-16 15:00:00,Kilmarnock vs Motherwell,Motherwell,309,away,Kilmarnock,180,0,501,7953,5,7,50.0,0,0,1
1871880,2017-12-23 15:00:00,Motherwell vs Dundee,Motherwell,309,home,Dundee,284,1,501,7953,5,4,52.0,1,0,2
1871887,2017-12-27 19:45:00,Rangers vs Motherwell,Motherwell,309,away,Rangers,62,0,501,7953,5,3,42.0,0,0,4
1871892,2017-12-30 15:00:00,Motherwell vs Hamilton Academical,Motherwell,309,home,Hamilton Academical,338,0,501,7953,5,8,54.0,1,0,3
1871898,2018-01-24 19:45:00,Motherwell vs Ross County,Motherwell,309,home,Ross County,246,2,501,7953,5,6,46.0,2,0,2
1871904,2018-01-27 15:00:00,Hearts vs Motherwell,Motherwell,309,away,Hearts,314,1,501,7953,5,3,48.0,1,0,2
1871908,2018-01-31 19:45:00,Hibernian vs Motherwell,Motherwell,309,away,Hibernian,66,0,501,7953,5,3,50.0,1,0,3
1871917,2018-02-03 15:00:00,Motherwell vs Partick Thistle,Motherwell,309,home,Partick Thistle,339,1,501,7953,5,6,54.0,1,0,2
1871852,2018-02-06 19:45:00,Motherwell vs St. Johnstone,Motherwell,309,home,St. Johnstone,734,2,501,7953,5,6,54.0,2,0,0
1871922,2018-02-17 15:00:00,Motherwell vs Kilmarnock,Motherwell,309,home,Kilmarnock,180,0,501,7953,5,12,59.0,0,0,1
1871926,2018-02-24 15:00:00,Dundee vs Motherwell,Motherwell,309,away,Dundee,284,2,501,7953,5,0,44.0,1,0,3
1871938,2018-03-10 15:00:00,Hamilton Academical vs Motherwell,Motherwell,309,away,Hamilton Academical,338,0,501,7953,5,9,62.0,0,0,2
1871945,2018-03-18 14:15:00,Motherwell vs Celtic,Motherwell,309,home,Celtic,53,1,501,7953,5,4,31.0,0,1,1
1871954,2018-03-31 11:30:00,Motherwell vs Rangers,Motherwell,309,home,Rangers,62,1,501,7953,5,2,42.0,2,0,0
1871934,2018-04-03 18:45:00,Motherwell vs Aberdeen,Motherwell,309,home,Aberdeen,273,0,501,7953,5,3,46.0,0,0,1
1871960,2018-04-07 14:00:00,St. Johnstone vs Motherwell,Motherwell,309,away,St. Johnstone,734,1,501,7953,5,3,51.0,0,0,2
10320699,2018-04-21 14:00:00,Ross County vs Motherwell,Motherwell,309,away,Ross County,246,1,501,7953,5,8,53.0,0,0,1
10320704,2018-04-28 14:00:00,Motherwell vs Dundee,Motherwell,309,home,Dundee,284,2,501,7953,5,2,54.0,2,0,0
10320711,2018-05-05 14:00:00,Motherwell vs St. Johnstone,Motherwell,309,home,St. Johnstone,734,0,501,7953,5,4,51.0,1,0,2
10320715,2018-05-08 18:45:00,Partick Thistle vs Motherwell,Motherwell,309,away,Partick Thistle,339,2,501,7953,5,7,45.0,1,0,2
10320720,2018-05-12 14:00:00,Motherwell vs Hamilton Academical,Motherwell,309,home,Hamilton Academical,338,2,501,7953,5,5,47.0,3,0,0
10333187,2018-08-05 14:00:00,Hibernian vs Motherwell,Motherwell,309,away,Hibernian,66,0,501,12963,5,5,51.0,0,0,2
10333196,2018-08-11 14:00:00,Motherwell vs Hamilton Academical,Motherwell,309,home,Hamilton Academical,338,0,501,12963,5,4,58.0,0,0,2
10333203,2018-08-26 11:15:00,Motherwell vs Rangers,Motherwell,309,home,Rangers,62,1,501,12963,5,9,44.0,3,0,3
10333206,2018-09-01 14:00:00,Dundee vs Motherwell,Motherwell,309,away,Dundee,284,2,501,12963,5,8,55.0,3,0,1
10333212,2018-09-15 14:00:00,Motherwell vs Hearts,Motherwell,309,home,Hearts,314,0,501,12963,5,4,58.0,0,0,2
10333217,2018-09-22 14:00:00,Aberdeen vs Motherwell,Motherwell,309,away,Aberdeen,273,0,501,12963,5,6,53.0,0,0,3
10333225,2018-09-29 14:00:00,Kilmarnock vs Motherwell,Motherwell,309,away,Kilmarnock,180,0,501,12963,5,3,41.0,1,0,3
10333234,2018-10-06 14:00:00,Motherwell vs Livingston,Motherwell,309,home,Livingston,258,1,501,12963,5,2,43.0,1,1,3
10333237,2018-10-20 14:00:00,Motherwell vs St. Johnstone,Motherwell,309,home,St. Johnstone,734,0,501,12963,5,4,51.0,0,0,2
10333251,2018-10-31 19:45:00,St. Mirren vs Motherwell,Motherwell,309,away,St. Mirren,496,2,501,12963,5,7,57.0,2,0,3
10333258,2018-11-03 15:00:00,Motherwell vs Dundee,Motherwell,309,home,Dundee,284,2,501,12963,5,6,53.0,1,0,3
10333262,2018-11-11 15:00:00,Rangers vs Motherwell,Motherwell,309,away,Rangers,62,0,501,12963,5,0,26.0,1,1,2
10333270,2018-11-24 15:00:00,Motherwell vs Aberdeen,Motherwell,309,home,Aberdeen,273,2,501,12963,5,4,44.0,3,0,1
10333272,2018-12-01 15:00:00,Livingston vs Motherwell,Motherwell,309,away,Livingston,258,0,501,12963,5,3,43.0,0,0,2
10333280,2018-12-05 19:45:00,Motherwell vs Celtic,Motherwell,309,home,Celtic,53,1,501,12963,5,3,37.0,1,0,3
10333286,2018-12-08 15:00:00,Hearts vs Motherwell,Motherwell,309,away,Hearts,314,0,501,12963,5,6,53.0,0,0,1
10333293,2018-12-15 15:00:00,St. Johnstone vs Motherwell,Motherwell,309,away,St. Johnstone,734,2,501,12963,5,6,,2,0,4
10333245,2018-12-19 19:45:00,Celtic vs Motherwell,Motherwell,309,away,Celtic,53,0,501,12963,5,3,40.0,0,0,2
10333297,2018-12-22 15:00:00,Motherwell vs St. Mirren,Motherwell,309,home,St. Mirren,496,0,501,12963,5,9,63.0,0,0,1
10333304,2018-12-26 15:00:00,Motherwell vs Kilmarnock,Motherwell,309,home,Kilmarnock,180,0,501,12963,5,2,53.0,0,1,3
10333309,2018-12-29 15:00:00,Hamilton Academical vs Motherwell,Motherwell,309,away,Hamilton Academical,338,2,501,12963,5,8,50.0,2,0,3
10333318,2019-01-23 19:45:00,Motherwell vs Hibernian,Motherwell,309,home,Hibernian,66,2,501,12963,5,3,48.0,1,0,1
10333324,2019-01-26 15:00:00,Dundee vs Motherwell,Motherwell,309,away,Dundee,284,2,501,12963,5,1,45.0,1,0,1
10333326,2019-02-02 15:00:00,Motherwell vs Livingston,Motherwell,309,home,Livingston,258,2,501,12963,5,5,49.0,3,0,1
10333332,2019-02-06 19:45:00,St. Mirren vs Motherwell,Motherwell,309,away,St. Mirren,496,2,501,12963,5,8,47.0,2,0,2
10333342,2019-02-17 12:15:00,Motherwell vs Hearts,Motherwell,309,home,Hearts,314,2,501,12963,5,7,49.0,2,0,2
10333348,2019-02-24 15:00:00,Celtic vs Motherwell,Motherwell,309,away,Celtic,53,0,501,12963,5,3,45.0,1,0,4
10333349,2019-03-02 15:00:00,Kilmarnock vs Motherwell,Motherwell,309,away,Kilmarnock,180,1,501,12963,5,5,52.0,0,0,2
10333356,2019-03-09 15:00:00,Motherwell vs Hamilton Academical,Motherwell,309,home,Hamilton Academical,338,2,501,12963,5,2,54.0,3,0,2
10333362,2019-03-16 15:00:00,Hibernian vs Motherwell,Motherwell,309,away,Hibernian,66,0,501,12963,5,6,58.0,0,0,2
10333368,2019-03-30 15:00:00,Motherwell vs St. Johnstone,Motherwell,309,home,St. Johnstone,734,2,501,12963,5,5,54.0,3,0,1
10333374,2019-04-03 18:45:00,Aberdeen vs Motherwell,Motherwell,309,away,Aberdeen,273,0,501,12963,5,1,53.0,1,0,1
10333381,2019-04-07 11:30:00,Motherwell vs Rangers,Motherwell,309,home,Rangers,62,0,501,12963,5,2,47.0,0,0,2
11853610,2019-04-20 14:00:00,Hamilton Academical vs Motherwell,Motherwell,309,away,Hamilton Academical,338,1,501,12963,5,5,56.0,1,0,1
11853614,2019-04-27 14:00:00,Motherwell vs Dundee,Motherwell,309,home,Dundee,284,2,501,12963,5,10,61.0,4,1,3
11853617,2019-05-04 14:00:00,Motherwell vs St. Mirren,Motherwell,309,home,St. Mirren,496,1,501,12963,5,5,60.0,1,0,1
11853620,2019-05-11 14:00:00,St. Johnstone vs Motherwell,Motherwell,309,away,St. Johnstone,734,0,501,12963,5,4,59.0,0,0,3
11853624,2019-05-18 11:30:00,Motherwell vs Livingston,Motherwell,309,home,Livingston,258,2,501,12963,5,4,52.0,3,0,0
11879547,2019-08-03 14:00:00,Livingston vs Motherwell,Motherwell,309,away,Livingston,258,1,501,16222,5,10,50.0,0,0,3
11879552,2019-08-10 11:00:00,Motherwell vs Celtic,Motherwell,309,home,Celtic,53,0,501,16222,5,5,47.0,2,0,5
11879557,2019-08-24 14:00:00,Hamilton Academical vs Motherwell,Motherwell,309,away,Hamilton Academical,338,2,501,16222,5,11,,3,0,1
11879565,2019-08-31 14:00:00,Motherwell vs Hibernian,Motherwell,309,home,Hibernian,66,2,501,16222,5,6,,3,0,3
11879570,2019-09-14 14:00:00,Hearts vs Motherwell,Motherwell,309,away,Hearts,314,2,501,16222,5,4,,3,0,3
11879577,2019-09-21 14:00:00,Motherwell vs Ross County,Motherwell,309,home,Ross County,246,0,501,16222,5,6,,1,1,2
11879584,2019-09-28 14:00:00,St. Johnstone vs Motherwell,Motherwell,309,away,St. Johnstone,734,2,501,16222,5,3,,1,1,3
11879589,2019-10-05 14:00:00,Motherwell vs St. Mirren,Motherwell,309,home,St. Mirren,496,2,501,16222,5,2,51.0,2,0,0
11879596,2019-10-19 14:00:00,Motherwell vs Aberdeen,Motherwell,309,home,Aberdeen,273,0,501,16222,5,2,53.0,0,0,1
11879602,2019-10-27 15:00:00,Rangers vs Motherwell,Motherwell,309,away,Rangers,62,0,501,16222,5,1,32.0,1,0,3
11879607,2019-10-30 19:45:00,Motherwell vs Kilmarnock,Motherwell,309,home,Kilmarnock,180,2,501,16222,5,8,63.0,2,0,1
11879613,2019-11-02 15:00:00,Motherwell vs Livingston,Motherwell,309,home,Livingston,258,2,501,16222,5,3,62.0,2,0,1
11879616,2019-11-10 15:00:00,Celtic vs Motherwell,Motherwell,309,away,Celtic,53,0,501,16222,5,5,35.0,0,0,1
11879624,2019-11-23 15:00:00,Hibernian vs Motherwell,Motherwell,309,away,Hibernian,66,0,501,16222,5,10,57.0,1,0,2
11879631,2019-11-30 15:00:00,Motherwell vs St. Johnstone,Motherwell,309,home,St. Johnstone,734,2,501,16222,5,5,42.0,4,0,0
11879639,2019-12-04 19:45:00,St. Mirren vs Motherwell,Motherwell,309,away,St. Mirren,496,2,501,16222,5,7,44.0,3,0,1
11879643,2019-12-07 15:00:00,Motherwell vs Hearts,Motherwell,309,home,Hearts,314,2,501,16222,5,5,44.0,1,0,3
11879649,2019-12-15 12:00:00,Motherwell vs Rangers,Motherwell,309,home,Rangers,62,0,501,16222,5,2,47.0,0,0,3
11879655,2019-12-21 15:00:00,Kilmarnock vs Motherwell,Motherwell,309,away,Kilmarnock,180,2,501,16222,5,5,38.0,1,0,3
11879662,2019-12-26 15:00:00,Ross County vs Motherwell,Motherwell,309,away,Ross County,246,2,501,16222,5,6,58.0,2,0,3
11879667,2019-12-29 15:00:00,Motherwell vs Hamilton Academical,Motherwell,309,home,Hamilton Academical,338,0,501,16222,5,2,53.0,1,0,2
11879670,2020-01-22 19:45:00,Aberdeen vs Motherwell,Motherwell,309,away,Aberdeen,273,2,501,16222,5,1,38.0,1,0,3
11879679,2020-01-25 15:00:00,Motherwell vs Hibernian,Motherwell,309,home,Hibernian,66,1,501,16222,5,7,63.0,0,0,1
11879685,2020-02-01 15:00:00,Livingston vs Motherwell,Motherwell,309,away,Livingston,258,0,501,16222,5,1,49.0,0,0,3
11879690,2020-02-05 19:45:00,Motherwell vs Celtic,Motherwell,309,home,Celtic,53,0,501,16222,5,4,41.0,0,0,1
11879699,2020-02-12 19:45:00,St. Johnstone vs Motherwell,Motherwell,309,away,St. Johnstone,734,0,501,16222,5,5,51.0,1,1,4
11879708,2020-02-22 15:00:00,Hamilton Academical vs Motherwell,Motherwell,309,away,Hamilton Academical,338,1,501,16222,5,5,46.0,0,1,5
11879703,2020-02-25 19:45:00,Motherwell vs St. Mirren,Motherwell,309,home,St. Mirren,496,0,501,16222,5,11,52.0,1,0,1
11879715,2020-03-04 19:45:00,Motherwell vs Ross County,Motherwell,309,home,Ross County,246,2,501,16222,5,8,59.0,4,0,2
11879721,2020-03-07 15:00:00,Hearts vs Motherwell,Motherwell,309,away,Hearts,314,1,501,16222,5,5,44.0,1,0,3
16475288,2020-08-03 18:45:00,Ross County vs Motherwell,Motherwell,309,away,Ross County,246,0,501,17141,5,8,60.0,0,1,1
16475292,2020-08-08 14:00:00,Motherwell vs Dundee United,Motherwell,309,home,Dundee United,282,0,501,17141,5,7,60.0,0,0,2
16475298,2020-08-12 18:45:00,Motherwell vs Livingston,Motherwell,309,home,Livingston,258,1,501,17141,5,4,45.0,2,0,2
16475305,2020-08-15 16:30:00,Hibernian vs Motherwell,Motherwell,309,away,Hibernian,66,1,501,17141,5,10,57.0,0,0,1
16475309,2020-08-22 14:00:00,Motherwell vs Hamilton Academical,Motherwell,309,home,Hamilton Academical,338,0,501,17141,5,13,67.0,0,0,2
16475313,2020-08-30 14:00:00,Celtic vs Motherwell,Motherwell,309,away,Celtic,53,0,501,17141,5,3,34.0,0,0,2
16475321,2020-09-12 14:00:00,Motherwell vs St. Johnstone,Motherwell,309,home,St. Johnstone,734,2,501,17141,5,2,41.0,1,0,4
16475326,2020-09-20 14:00:00,Aberdeen vs Motherwell,Motherwell,309,away,Aberdeen,273,2,501,17141,5,5,34.0,3,0,0
16475334,2020-09-27 11:00:00,Motherwell vs Rangers,Motherwell,309,home,Rangers,62,0,501,17141,5,7,43.0,1,0,1
16475351,2020-10-24 14:00:00,Motherwell vs Ross County,Motherwell,309,home,Ross County,246,2,501,17141,5,4,48.0,4,0,2
16475360,2020-10-31 15:00:00,Livingston vs Motherwell,Motherwell,309,away,Livingston,258,2,501,17141,5,5,44.0,2,0,2
16475361,2020-11-08 12:00:00,Motherwell vs Celtic,Motherwell,309,home,Celtic,53,0,501,17141,5,6,36.0,1,0,3
16475372,2020-11-21 15:00:00,St. Johnstone vs Motherwell,Motherwell,309,away,St. Johnstone,734,1,501,17141,5,1,47.0,1,0,1
16475376,2020-12-05 15:00:00,Motherwell vs Hibernian,Motherwell,309,home,Hibernian,66,0,501,17141,5,7,47.0,0,0,1
16475383,2020-12-12 15:00:00,Motherwell vs St. Mirren,Motherwell,309,home,St. Mirren,496,0,501,17141,5,4,54.0,0,0,1
16475388,2020-12-19 15:00:00,Rangers vs Motherwell,Motherwell,309,away,Rangers,62,0,501,17141,5,2,18.0,1,0,2
16475395,2020-12-23 18:15:00,Motherwell vs Aberdeen,Motherwell,309,home,Aberdeen,273,1,501,17141,5,3,43.0,0,0,0
16475397,2020-12-26 15:00:00,Dundee United vs Motherwell,Motherwell,309,away,Dundee United,282,1,501,17141,5,5,45.0,1,0,0
16475406,2020-12-30 18:15:00,Motherwell vs Kilmarnock,Motherwell,309,home,Kilmarnock,180,0,501,17141,5,1,58.0,1,0,0
16475409,2021-01-02 15:00:00,Hamilton Academical vs Motherwell,Motherwell,309,away,Hamilton Academical,338,0,501,17141,5,4,55.0,3,0,3
16475420,2021-01-09 15:00:00,St. Mirren vs Motherwell,Motherwell,309,away,St. Mirren,496,1,501,17141,5,9,51.0,1,0,1
16475424,2021-01-17 12:00:00,Motherwell vs Rangers,Motherwell,309,home,Rangers,62,1,501,17141,5,1,32.0,1,0,3
16475428,2021-01-23 15:00:00,Aberdeen vs Motherwell,Motherwell,309,away,Aberdeen,273,0,501,17141,5,1,39.0,0,1,2
16475437,2021-01-27 18:00:00,Ross County vs Motherwell,Motherwell,309,away,Ross County,246,2,501,17141,5,10,53.0,2,0,0
16475442,2021-02-03 18:00:00,Motherwell vs Dundee United,Motherwell,309,home,Dundee United,282,2,501,17141,5,4,36.0,2,0,0
16475446,2021-02-06 15:00:00,Celtic vs Motherwell,Motherwell,309,away,Celtic,53,0,501,17141,5,3,40.0,1,0,3
16475340,2021-02-10 18:00:00,Kilmarnock vs Motherwell,Motherwell,309,away,Kilmarnock,180,2,501,17141,5,1,41.0,1,0,2
16475453,2021-02-13 15:00:00,Motherwell vs Hamilton Academical,Motherwell,309,home,Hamilton Academical,338,0,501,17141,5,7,48.0,1,1,3
16475477,2021-02-20 15:00:00,Motherwell vs St. Johnstone,Motherwell,309,home,St. Johnstone,734,0,501,17141,5,6,49.0,0,0,1
16475348,2021-02-24 18:00:00,St. Mirren vs Motherwell,Motherwell,309,away,St. Mirren,496,1,501,17141,5,9,47.0,0,0,1
16475459,2021-02-27 15:00:00,Hibernian vs Motherwell,Motherwell,309,away,Hibernian,66,2,501,17141,5,4,39.0,2,0,0
16475465,2021-03-06 15:00:00,Motherwell vs Livingston,Motherwell,309,home,Livingston,258,2,501,17141,5,2,49.0,3,0,2
16475472,2021-03-20 15:00:00,Kilmarnock vs Motherwell,Motherwell,309,away,Kilmarnock,180,0,501,17141,5,6,52.0,1,0,1
17947866,2021-04-10 14:00:00,Motherwell vs St. Mirren,Motherwell,309,home,St. Mirren,496,2,501,17141,5,5,36.0,1,0,1
17947867,2021-04-21 17:00:00,Hamilton Academical vs Motherwell,Motherwell,309,away,Hamilton Academical,338,2,501,17141,5,6,55.0,1,0,1
17947871,2021-05-01 14:00:00,Motherwell vs Kilmarnock,Motherwell,309,home,Kilmarnock,180,2,501,17141,5,4,49.0,2,0,3
17947873,2021-05-12 17:00:00,Dundee United vs Motherwell,Motherwell,309,away,Dundee United,282,1,501,17141,5,7,49.0,2,0,3
17947877,2021-05-16 11:00:00,Motherwell vs Ross County,Motherwell,309,home,Ross County,246,0,501,17141,5,3,54.0,1,0,3
18136887,2021-08-01 15:30:00,Motherwell vs Hibernian,Motherwell,309,home,Hibernian,66,0,501,18369,5,2,43.0,2,0,5
18136893,2021-08-08 14:00:00,St. Johnstone vs Motherwell,Motherwell,309,away,St. Johnstone,734,1,501,18369,5,6,50.0,1,0,2
18136897,2021-08-21 14:00:00,Livingston vs Motherwell,Motherwell,309,away,Livingston,258,2,501,18369,5,8,37.0,2,0,1
18136903,2021-08-28 14:00:00,Motherwell vs Dundee,Motherwell,309,home,Dundee,284,2,501,18369,5,3,40.0,1,1,2
18136909,2021-09-11 14:00:00,Motherwell vs Aberdeen,Motherwell,309,home,Aberdeen,273,2,501,18369,5,1,25.0,2,0,5
18136916,2021-09-19 14:00:00,Rangers vs Motherwell,Motherwell,309,away,Rangers,62,1,501,18369,5,3,42.0,1,0,3
18136922,2021-09-25 14:00:00,Motherwell vs Ross County,Motherwell,309,home,Ross County,246,2,501,18369,5,0,51.0,2,0,3
18136926,2021-10-02 14:00:00,Hearts vs Motherwell,Motherwell,309,away,Hearts,314,0,501,18369,5,8,46.0,0,0,3
18136932,2021-10-16 14:00:00,Motherwell vs Celtic,Motherwell,309,home,Celtic,53,0,501,18369,5,4,26.0,0,0,1
18136938,2021-10-23 14:00:00,Dundee United vs Motherwell,Motherwell,309,away,Dundee United,282,0,501,18369,5,11,53.0,1,0,4
18136945,2021-10-27 18:45:00,Motherwell vs St. Mirren,Motherwell,309,home,St. Mirren,496,1,501,18369,5,4,41.0,2,0,1
18136951,2021-10-31 12:00:00,Motherwell vs Rangers,Motherwell,309,home,Rangers,62,0,501,18369,5,2,34.0,1,1,2
18136954,2021-11-06 15:00:00,Aberdeen vs Motherwell,Motherwell,309,away,Aberdeen,273,2,501,18369,5,2,30.0,2,0,5
18136962,2021-11-20 15:00:00,Motherwell vs Hearts,Motherwell,309,home,Hearts,314,2,501,18369,5,9,46.0,2,0,1
18136967,2021-11-27 15:00:00,Dundee vs Motherwell,Motherwell,309,away,Dundee,284,0,501,18369,5,4,52.0,0,0,3
18136976,2021-11-30 19:45:00,Motherwell vs Dundee United,Motherwell,309,home,Dundee United,282,2,501,18369,5,3,47.0,1,1,4
18136980,2021-12-04 15:00:00,Hibernian vs Motherwell,Motherwell,309,away,Hibernian,66,1,501,18369,5,0,40.0,1,0,3
18136984,2021-12-12 15:00:00,Celtic vs Motherwell,Motherwell,309,away,Celtic,53,0,501,18369,5,2,29.0,0,0,2
18136993,2021-12-18 15:00:00,Motherwell vs St. Johnstone,Motherwell,309,home,St. Johnstone,734,2,501,18369,5,7,42.0,2,0,1
18136999,2021-12-26 15:00:00,Motherwell vs Livingston,Motherwell,309,home,Livingston,258,2,501,18369,5,5,43.0,2,0,0
18137007,2022-01-18 19:45:00,Ross County vs Motherwell,Motherwell,309,away,Ross County,246,0,501,18369,5,6,57.0,1,0,2
18137016,2022-01-26 19:45:00,Motherwell vs Hibernian,Motherwell,309,home,Hibernian,66,1,501,18369,5,4,43.0,0,1,4
18137023,2022-01-29 15:00:00,Hearts vs Motherwell,Motherwell,309,away,Hearts,314,0,501,18369,5,2,46.0,0,0,2
18137013,2022-02-01 19:45:00,St. Mirren vs Motherwell,Motherwell,309,away,St. Mirren,496,1,501,18369,5,1,51.0,1,0,1
18137029,2022-02-06 13:30:00,Motherwell vs Celtic,Motherwell,309,home,Celtic,53,0,501,18369,5,4,30.0,0,0,3
18137033,2022-02-09 19:45:00,Dundee United vs Motherwell,Motherwell,309,away,Dundee United,282,0,501,18369,5,5,52.0,0,0,2
18137042,2022-02-19 15:00:00,Motherwell vs Aberdeen,Motherwell,309,home,Aberdeen,273,1,501,18369,5,9,51.0,1,0,4
18137047,2022-02-27 15:00:00,Rangers vs Motherwell,Motherwell,309,away,Rangers,62,1,501,18369,5,1,23.0,2,0,2
18137054,2022-03-02 19:45:00,Motherwell vs Ross County,Motherwell,309,home,Ross County,246,0,501,18369,5,6,60.0,0,0,0
18137059,2022-03-05 15:00:00,Motherwell vs Dundee,Motherwell,309,home,Dundee,284,1,501,18369,5,3,57.0,1,0,0
18137066,2022-03-19 15:00:00,St. Johnstone vs Motherwell,Motherwell,309,away,St. Johnstone,734,0,501,18369,5,6,47.0,1,0,2
18137070,2022-04-02 14:00:00,Motherwell vs St. Mirren,Motherwell,309,home,St. Mirren,496,2,501,18369,5,8,46.0,4,0,0
18137078,2022-04-09 14:00:00,Livingston vs Motherwell,Motherwell,309,away,Livingston,258,1,501,18369,5,6,51.0,2,0,2
18517995,2022-04-23 11:00:00,Motherwell vs Rangers,Motherwell,309,home,Rangers,62,0,501,18369,5,5,48.0,1,0,3
18517998,2022-04-30 14:00:00,Dundee United vs Motherwell,Motherwell,309,away,Dundee United,282,0,501,18369,5,4,41.0,0,0,3
18518002,2022-05-07 14:00:00,Ross County vs Motherwell,Motherwell,309,away,Ross County,246,2,501,18369,5,5,38.0,1,0,3
18518005,2022-05-11 18:45:00,Motherwell vs Hearts,Motherwell,309,home,Hearts,314,2,501,18369,5,3,29.0,2,0,1
18518007,2022-05-14 11:15:00,Celtic vs Motherwell,Motherwell,309,away,Celtic,53,0,501,18369,5,3,30.0,0,0,1
18535491,2022-07-31 14:00:00,St. Mirren vs Motherwell,Motherwell,309,away,St. Mirren,496,2,501,19735,5,2,50.0,1,1,4
18535496,2022-08-06 14:00:00,Motherwell vs St. Johnstone,Motherwell,309,home,St. Johnstone,734,0,501,19735,5,4,43.0,1,0,1
18535499,2022-08-13 14:00:00,Aberdeen vs Motherwell,Motherwell,309,away,Aberdeen,273,2,501,19735,5,12,39.0,3,0,2
18535508,2022-08-20 14:00:00,Motherwell vs Livingston,Motherwell,309,home,Livingston,258,2,501,19735,5,2,58.0,1,0,1
18535514,2022-08-27 14:00:00,Kilmarnock vs Motherwell,Motherwell,309,away,Kilmarnock,180,0,501,19735,5,4,43.0,1,0,1
18535520,2022-09-03 14:00:00,Motherwell vs Dundee United,Motherwell,309,home,Dundee United,282,1,501,19735,5,3,66.0,0,0,2
18535531,2022-09-18 14:00:00,Motherwell vs Hearts,Motherwell,309,home,Hearts,314,0,501,19735,5,6,52.0,0,0,3
18535536,2022-10-01 14:00:00,Celtic vs Motherwell,Motherwell,309,away,Celtic,53,0,501,19735,5,4,27.0,1,0,3
18535528,2022-10-04 18:45:00,Ross County vs Motherwell,Motherwell,309,away,Ross County,246,2,501,19735,5,3,48.0,5,0,2
18535542,2022-10-08 14:00:00,Hibernian vs Motherwell,Motherwell,309,away,Hibernian,66,0,501,19735,5,7,42.0,0,1,4
18535550,2022-10-16 11:00:00,Motherwell vs Rangers,Motherwell,309,home,Rangers,62,0,501,19735,5,3,39.0,1,0,3
18535556,2022-10-22 14:00:00,Motherwell vs Aberdeen,Motherwell,309,home,Aberdeen,273,0,501,19735,5,4,58.0,1,0,3
18535559,2022-10-29 14:00:00,Dundee United vs Motherwell,Motherwell,309,away,Dundee United,282,2,501,19735,5,5,57.0,1,0,1
18535567,2022-11-06 15:00:00,Hearts vs Motherwell,Motherwell,309,away,Hearts,314,0,501,19735,5,11,53.0,2,0,3
18535574,2022-11-09 19:45:00,Motherwell vs Celtic,Motherwell,309,home,Celtic,53,0,501,19735,5,5,29.0,1,0,2
18535581,2022-11-12 15:00:00,St. Johnstone vs Motherwell,Motherwell,309,away,St. Johnstone,734,1,501,19735,5,4,50.0,1,0,4
18535592,2022-12-23 19:45:00,Motherwell vs Kilmarnock,Motherwell,309,home,Kilmarnock,180,1,501,19735,5,12,59.0,2,0,2
18535599,2022-12-28 19:45:00,Rangers vs Motherwell,Motherwell,309,away,Rangers,62,0,501,19735,5,7,34.0,0,0,3
18535604,2023-01-02 15:00:00,Livingston vs Motherwell,Motherwell,309,away,Livingston,258,1,501,19735,5,4,53.0,1,0,2
18537948,2023-01-08 13:30:00,Motherwell vs Hibernian,Motherwell,309,home,Hibernian,66,0,501,19735,5,5,52.0,2,0,2
18537955,2023-01-14 15:00:00,Motherwell vs Ross County,Motherwell,309,home,Ross County,246,1,501,19735,5,7,50.0,1,0,2
18537962,2023-01-28 15:00:00,St. Mirren vs Motherwell,Motherwell,309,away,St. Mirren,496,0,501,19735,5,5,60.0,0,0,2
18537967,2023-02-01 19:45:00,Motherwell vs St. Johnstone,Motherwell,309,home,St. Johnstone,734,0,501,19735,5,1,57.0,0,0,2
18537969,2023-02-04 15:00:00,Aberdeen vs Motherwell,Motherwell,309,away,Aberdeen,273,0,501,19735,5,2,40.0,1,0,3
18535586,2023-02-15 19:45:00,Motherwell vs St. Mirren,Motherwell,309,home,St. Mirren,496,2,501,19735,5,3,43.0,2,0,2
18537979,2023-02-19 12:00:00,Motherwell vs Hearts,Motherwell,309,home,Hearts,314,2,501,19735,5,5,33.0,2,0,2
18537984,2023-02-25 15:00:00,Kilmarnock vs Motherwell,Motherwell,309,away,Kilmarnock,180,1,501,19735,5,6,51.0,1,0,3
18537991,2023-03-04 15:00:00,Ross County vs Motherwell,Motherwell,309,away,Ross County,246,2,501,19735,5,4,52.0,2,0,2
18537998,2023-03-18 12:30:00,Motherwell vs Rangers,Motherwell,309,home,Rangers,62,0,501,19735,5,1,23.0,2,1,2
18537999,2023-04-01 14:00:00,Hibernian vs Motherwell,Motherwell,309,away,Hibernian,66,2,501,19735,5,5,42.0,3,0,1
18538009,2023-04-08 14:00:00,Motherwell vs Livingston,Motherwell,309,home,Livingston,258,2,501,19735,5,4,47.0,3,0,1
18538014,2023-04-15 14:00:00,Motherwell vs Dundee United,Motherwell,309,home,Dundee United,282,0,501,19735,5,6,45.0,1,0,3
18538018,2023-04-22 14:00:00,Celtic vs Motherwell,Motherwell,309,away,Celtic,53,1,501,19735,5,3,22.0,1,0,2
18825706,2023-05-06 14:00:00,Motherwell vs Kilmarnock,Motherwell,309,home,Kilmarnock,180,2,501,19735,5,8,44.0,2,0,2
18825760,2023-05-13 14:00:00,St. Johnstone vs Motherwell,Motherwell,309,away,St. Johnstone,734,2,501,19735,5,4,46.0,2,0,1
18825763,2023-05-20 14:00:00,Motherwell vs Ross County,Motherwell,309,home,Ross County,246,2,501,19735,5,3,59.0,1,0,3
18825765,2023-05-24 18:45:00,Livingston vs Motherwell,Motherwell,309,away,Livingston,258,1,501,19735,5,11,56.0,1,0,1
18825768,2023-05-28 14:00:00,Motherwell vs Dundee United,Motherwell,309,home,Dundee United,282,2,501,19735,5,9,42.0,3,0,2
18861938,2023-08-05 14:00:00,Dundee vs Motherwell,Motherwell,309,away,Dundee,284,1,501,21787,5,12,59.0,1,0,2
18861945,2023-08-13 14:00:00,Motherwell vs Hibernian,Motherwell,309,home,Hibernian,66,2,501,21787,5,5,49.0,2,0,1
18861952,2023-08-26 14:00:00,Motherwell vs Kilmarnock,Motherwell,309,home,Kilmarnock,180,2,501,21787,5,1,51.0,2,0,6
18861956,2023-09-03 14:00:00,Hearts vs Motherwell,Motherwell,309,away,Hearts,314,2,501,21787,5,5,32.0,1,1,3
18861964,2023-09-16 14:00:00,Motherwell vs St. Mirren,Motherwell,309,home,St. Mirren,496,0,501,21787,5,8,56.0,0,0,0
18861971,2023-09-24 14:00:00,Rangers vs Motherwell,Motherwell,309,away,Rangers,62,0,501,21787,5,2,38.0,0,0,2
18861975,2023-09-30 11:30:00,Motherwell vs Celtic,Motherwell,309,home,Celtic,53,0,501,21787,5,4,30.0,1,0,3
18861983,2023-10-07 14:00:00,Livingston vs Motherwell,Motherwell,309,away,Livingston,258,0,501,21787,5,5,44.0,0,1,3
18861994,2023-10-28 14:00:00,Motherwell vs Ross County,Motherwell,309,home,Ross County,246,1,501,21787,5,6,46.0,3,0,2
18862857,2023-11-01 19:45:00,Motherwell vs Aberdeen,Motherwell,309,home,Aberdeen,273,0,501,21787,5,1,48.0,2,0,6
18861999,2023-11-04 15:00:00,Kilmarnock vs Motherwell,Motherwell,309,away,Kilmarnock,180,0,501,21787,5,3,48.0,0,0,1
18861990,2023-11-07 19:45:00,St. Johnstone vs Motherwell,Motherwell,309,away,St. Johnstone,734,1,501,21787,5,7,52.0,2,0,2
18862007,2023-11-11 15:00:00,Motherwell vs Hearts,Motherwell,309,home,Hearts,314,0,501,21787,5,4,41.0,1,0,4
18862010,2023-11-25 15:00:00,Celtic vs Motherwell,Motherwell,309,away,Celtic,53,1,501,21787,5,2,19.0,1,0,4
18862018,2023-12-02 15:00:00,Motherwell vs Dundee,Motherwell,309,home,Dundee,284,1,501,21787,5,4,38.0,3,1,3
18862863,2023-12-05 19:45:00,Ross County vs Motherwell,Motherwell,309,away,Ross County,246,0,501,21787,5,3,58.0,0,0,2
18862024,2023-12-09 15:00:00,Motherwell vs St. Johnstone,Motherwell,309,home,St. Johnstone,734,1,501,21787,5,3,57.0,1,0,0
18862032,2023-12-16 15:00:00,St. Mirren vs Motherwell,Motherwell,309,away,St. Mirren,496,1,501,21787,5,4,43.0,0,0,1
18862037,2023-12-24 12:00:00,Motherwell vs Rangers,Motherwell,309,home,Rangers,62,0,501,21787,5,3,48.0,0,0,3
18862049,2023-12-30 15:00:00,Motherwell vs Livingston,Motherwell,309,home,Livingston,258,2,501,21787,5,4,46.0,3,0,4
18862052,2024-01-02 15:00:00,Hibernian vs Motherwell,Motherwell,309,away,Hibernian,66,1,501,21787,5,3,32.0,2,0,2
18862061,2024-01-27 15:00:00,St. Johnstone vs Motherwell,Motherwell,309,away,St. Johnstone,734,1,501,21787,5,6,58.0,1,0,3
18862066,2024-02-03 15:00:00,Motherwell vs Kilmarnock,Motherwell,309,home,Kilmarnock,180,1,501,21787,5,6,54.0,1,0,2
18862071,2024-02-06 19:45:00,Motherwell vs Ross County,Motherwell,309,home,Ross County,246,2,501,21787,5,3,41.0,5,0,2
18862039,2024-02-14 19:45:00,Aberdeen vs Motherwell,Motherwell,309,away,Aberdeen,273,1,501,21787,5,3,40.0,3,0,4
18862078,2024-02-17 15:00:00,Hearts vs Motherwell,Motherwell,309,away,Hearts,314,0,501,21787,5,7,28.0,0,0,2
18862083,2024-02-25 12:00:00,Motherwell vs Celtic,Motherwell,309,home,Celtic,53,0,501,21787,5,4,29.0,1,0,1
18862091,2024-02-28 20:00:00,Livingston vs Motherwell,Motherwell,309,away,Livingston,258,2,501,21787,5,4,60.0,3,0,1
18862096,2024-03-02 15:00:00,Rangers vs Motherwell,Motherwell,309,away,Rangers,62,2,501,21787,5,2,30.0,2,0,3
18862103,2024-03-16 15:00:00,Motherwell vs Aberdeen,Motherwell,309,home,Aberdeen,273,0,501,21787,5,6,50.0,0,0,1
18862108,2024-03-30 15:00:00,Motherwell vs St. Mirren,Motherwell,309,home,St. Mirren,496,1,501,21787,5,4,58.0,1,0,1
18862111,2024-04-06 14:00:00,Dundee vs Motherwell,Motherwell,309,away,Dundee,284,2,501,21787,5,11,53.0,3,0,0
18862120,2024-04-13 14:00:00,Motherwell vs Hibernian,Motherwell,309,home,Hibernian,66,1,501,21787,5,4,51.0,1,0,2
19116470,2024-04-27 14:00:00,Aberdeen vs Motherwell,Motherwell,309,away,Aberdeen,273,0,501,21787,5,7,40.0,0,1,1
19116498,2024-05-04 14:00:00,Motherwell vs Livingston,Motherwell,309,home,Livingston,258,2,501,21787,5,6,47.0,4,0,2
19116501,2024-05-11 14:00:00,Ross County vs Motherwell,Motherwell,309,away,Ross County,246,2,501,21787,5,4,45.0,5,0,2
19116504,2024-05-15 18:45:00,Hibernian vs Motherwell,Motherwell,309,away,Hibernian,66,0,501,21787,5,4,52.0,0,0,1
19116507,2024-05-19 14:00:00,Motherwell vs St. Johnstone,Motherwell,309,home,St. Johnstone,734,0,501,21787,5,7,65.0,1,0,0
19146698,2024-08-03 14:00:00,Motherwell vs Ross County,Motherwell,309,home,Ross County,246,1,501,23690,5,9,50.0,0,0,0
19146705,2024-08-10 14:00:00,Rangers vs Motherwell,Motherwell,309,away,Rangers,62,0,501,23690,5,4,32.0,1,0,0
19146712,2024-08-25 14:00:00,Motherwell vs Hearts,Motherwell,309,home,Hearts,314,2,501,23690,5,8,32.0,3,0,1
19146720,2024-08-31 14:00:00,St. Johnstone vs Motherwell,Motherwell,309,away,St. Johnstone,734,2,501,23690,5,13,39.0,2,0,0
19146721,2024-09-14 14:00:00,Aberdeen vs Motherwell,Motherwell,309,away,Aberdeen,273,0,501,23690,5,5,41.0,0,0,5
19146730,2024-09-28 14:00:00,Motherwell vs St. Mirren,Motherwell,309,home,St. Mirren,496,2,501,23690,5,9,38.0,2,1,4
19146735,2024-10-05 14:00:00,Hibernian vs Motherwell,Motherwell,309,away,Hibernian,66,2,501,23690,5,5,43.0,2,0,3
19146743,2024-10-19 14:00:00,Motherwell vs Dundee,Motherwell,309,home,Dundee,284,0,501,23690,5,3,48.0,0,0,0
19146748,2024-10-27 15:00:00,Motherwell vs Celtic,Motherwell,309,home,Celtic,53,0,501,23690,5,3,22.0,0,1,1
19146753,2024-10-30 19:45:00,Dundee United vs Motherwell,Motherwell,309,away,Dundee United,282,2,501,23690,5,3,42.0,2,0,4
19146767,2024-11-09 15:00:00,Motherwell vs St. Johnstone,Motherwell,309,home,St. Johnstone,734,2,501,23690,5,3,34.0,2,0,1
19146772,2024-11-23 15:15:00,Ross County vs Motherwell,Motherwell,309,away,Ross County,246,0,501,23690,5,3,59.0,1,0,1
19146779,2024-11-30 15:00:00,Motherwell vs Hibernian,Motherwell,309,home,Hibernian,66,0,501,23690,5,3,56.0,0,0,0
19146782,2024-12-04 19:45:00,Dundee vs Motherwell,Motherwell,309,away,Dundee,284,0,501,23690,5,10,41.0,1,0,2
19146792,2024-12-07 15:00:00,St. Mirren vs Motherwell,Motherwell,309,away,St. Mirren,496,2,501,23690,5,2,46.0,1,0,3
19146796,2024-12-14 15:00:00,Motherwell vs Dundee United,Motherwell,309,home,Dundee United,282,2,501,23690,5,2,36.0,4,0,2
19146802,2024-12-20 19:45:00,Motherwell vs Kilmarnock,Motherwell,309,home,Kilmarnock,180,1,501,23690,5,2,35.0,1,1,1
19146806,2024-12-26 15:00:00,Celtic vs Motherwell,Motherwell,309,away,Celtic,53,0,501,23690,5,3,16.0,0,0,5
19146814,2024-12-29 15:00:00,Motherwell vs Rangers,Motherwell,309,home,Rangers,62,1,501,23690,5,3,30.0,2,0,4
19146818,2025-01-02 15:00:00,Hearts vs Motherwell,Motherwell,309,away,Hearts,314,0,501,23690,5,4,35.0,0,0,1
19146827,2025-01-05 14:30:00,Motherwell vs Aberdeen,Motherwell,309,home,Aberdeen,273,2,501,23690,5,3,40.0,2,0,2
19146760,2025-01-08 19:45:00,Kilmarnock vs Motherwell,Motherwell,309,away,Kilmarnock,180,1,501,23690,5,2,31.0,0,0,2
19146831,2025-01-11 15:00:00,Hibernian vs Motherwell,Motherwell,309,away,Hibernian,66,0,501,23690,5,6,45.0,1,1,3
19146840,2025-01-25 15:00:00,St. Johnstone vs Motherwell,Motherwell,309,away,St. Johnstone,734,0,501,23690,5,3,31.0,1,0,4
19146844,2025-02-02 15:00:00,Motherwell vs Celtic,Motherwell,309,home,Celtic,53,0,501,23690,5,3,19.0,1,0,
19146851,2025-02-15 15:00:00,Motherwell vs Ross County,Motherwell,309,home,Ross County,246,0,501,23690,5,6,69.0,0,0,1
19146854,2025-02-22 15:00:00,Dundee United vs Motherwell,Motherwell,309,away,Dundee United,282,0,501,23690,5,7,52.0,0,0,2
19146863,2025-02-26 19:45:00,Motherwell vs Dundee,Motherwell,309,home,Dundee,284,2,501,23690,5,5,41.0,2,0,1
19146868,2025-03-01 15:00:00,Rangers vs Motherwell,Motherwell,309,away,Rangers,62,2,501,23690,5,3,35.0,2,0,2
19146875,2025-03-15 15:00:00,Motherwell vs St. Mirren,Motherwell,309,home,St. Mirren,496,1,501,23690,5,0,62.0,2,0,3
19146877,2025-03-29 15:00:00,Aberdeen vs Motherwell,Motherwell,309,away,Aberdeen,273,0,501,23690,5,4,38.0,1,0,2
19146885,2025-04-05 14:00:00,Kilmarnock vs Motherwell,Motherwell,309,away,Kilmarnock,180,0,501,23690,5,2,46.0,0,1,3
19146893,2025-04-12 14:00:00,Motherwell vs Hearts,Motherwell,309,home,Hearts,314,1,501,23690,5,3,46.0,0,0,0
19415350,2025-04-26 14:00:00,Motherwell vs St. Johnstone,Motherwell,309,home,St. Johnstone,734,2,501,23690,5,5,45.0,3,0,4
19415351,2025-05-03 14:00:00,Dundee vs Motherwell,Motherwell,309,away,Dundee,284,2,501,23690,5,4,52.0,2,1,2
19415354,2025-05-10 14:00:00,Hearts vs Motherwell,Motherwell,309,away,Hearts,314,0,501,23690,5,1,50.0,0,0,2
19415359,2025-05-14 18:45:00,Motherwell vs Kilmarnock,Motherwell,309,home,Kilmarnock,180,2,501,23690,5,5,69.0,3,0,0
19415361,2025-05-18 14:00:00,Ross County vs Motherwell,Motherwell,309,away,Ross County,246,1,501,23690,5,6,63.0,1,0,1
19428040,2025-08-02 16:30:00,Motherwell vs Rangers,Motherwell,309,home,Rangers,62,1,501,25598,5,1,38.0,1,0,1
19428048,2025-08-09 14:00:00,St. Mirren vs Motherwell,Motherwell,309,away,St. Mirren,496,1,501,25598,5,4,66.0,0,0,1
19428054,2025-08-23 14:00:00,Hearts vs Motherwell,Motherwell,309,away,Hearts,314,1,501,25598,5,3,51.0,3,0,2
19428061,2025-08-30 14:00:00,Motherwell vs Kilmarnock,Motherwell,309,home,Kilmarnock,180,1,501,25598,5,9,74.0,2,0,2
19428064,2025-09-13 14:00:00,Dundee vs Motherwell,Motherwell,309,away,Dundee,284,1,501,25598,5,6,66.0,1,0,1
19428073,2025-09-27 16:45:00,Motherwell vs Aberdeen,Motherwell,309,home,Aberdeen,273,2,501,25598,5,3,63.0,2,0,0
19428076,2025-10-05 14:00:00,Celtic vs Motherwell,Motherwell,309,away,Celtic,53,0,501,25598,5,0,38.0,2,0,0
19428084,2025-10-18 14:00:00,Motherwell vs Falkirk,Motherwell,309,home,Falkirk,770,0,501,25598,5,6,67.0,1,0,1
19428091,2025-10-25 14:00:00,Livingston vs Motherwell,Motherwell,309,away,Livingston,258,2,501,25598,5,3,65.0,2,0,2
19428097,2025-10-29 19:45:00,Motherwell vs Dundee United,Motherwell,309,home,Dundee United,282,2,501,25598,5,4,60.0,2,0,1
19428105,2025-11-09 15:00:00,Aberdeen vs Motherwell,Motherwell,309,away,Aberdeen,273,1,501,25598,5,6,65.0,1,0,1
19428114,2025-11-22 15:00:00,Kilmarnock vs Motherwell,Motherwell,309,away,Kilmarnock,180,2,501,25598,5,3,59.0,3,0,5
19590623,2025-11-25 19:45:00,Motherwell vs Hibernian,Motherwell,309,home,Hibernian,66,2,501,25598,5,0,70.0,2,0,0
19428121,2025-11-29 15:00:00,Motherwell vs Hearts,Motherwell,309,home,Hearts,314,1,501,25598,5,3,55.0,0,0,2
19428126,2025-12-03 19:45:00,Falkirk vs Motherwell,Motherwell,309,away,Falkirk,770,1,501,25598,5,3,63.0,0,0,0
19428133,2025-12-06 15:00:00,Motherwell vs Livingston,Motherwell,309,home,Livingston,258,2,501,25598,5,4,58.0,3,0,2
19428136,2025-12-13 15:00:00,Dundee United vs Motherwell,Motherwell,309,away,Dundee United,282,1,501,25598,5,4,69.0,0,0,3
19428145,2025-12-20 15:00:00,Motherwell vs Dundee,Motherwell,309,home,Dundee,284,2,501,25598,5,2,60.0,1,0,1
19428151,2025-12-27 15:00:00,Rangers vs Motherwell,Motherwell,309,away,Rangers,62,0,501,25598,5,1,54.0,0,0,1
19428157,2025-12-30 20:00:00,Motherwell vs Celtic,Motherwell,309,home,Celtic,53,2,501,25598,5,1,43.0,2,0,0
19428164,2026-01-03 15:00:00,Motherwell vs St. Mirren,Motherwell,309,home,St. Mirren,496,2,501,25598,5,9,55.0,2,0,0
19428168,2026-01-10 15:00:00,Hibernian vs Motherwell,Motherwell,309,away,Hibernian,66,1,501,25598,5,4,54.0,1,0,5
19428175,2026-01-24 15:00:00,Motherwell vs Kilmarnock,Motherwell,309,home,Kilmarnock,180,2,501,25598,5,2,73.0,4,0,0
19428181,2026-01-31 15:00:00,Livingston vs Motherwell,Motherwell,309,away,Livingston,258,2,501,25598,5,7,51.0,2,0,0
19428194,2026-02-11 20:00:00,Motherwell vs Rangers,Motherwell,309,home,Rangers,62,1,501,25598,5,6,64.0,1,1,2
19428199,2026-02-15 14:30:00,Motherwell vs Aberdeen,Motherwell,309,home,Aberdeen,273,2,501,25598,5,4,46.0,2,0,1
19428206,2026-02-21 19:30:00,St. Mirren vs Motherwell,Motherwell,309,away,St. Mirren,496,2,501,25598,5,7,71.0,5,0,0
19428211,2026-02-28 15:00:00,Motherwell vs Dundee United,Motherwell,309,home,Dundee United,282,2,501,25598,5,5,62.0,2,0,2
19428184,2026-03-07 15:00:00,Dundee vs Motherwell,Motherwell,309,away,Dundee,284,0,501,25598,5,1,67.0,1,0,2
19428214,2026-03-14 15:00:00,Celtic vs Motherwell,Motherwell,309,away,Celtic,53,0,501,25598,5,3,53.0,1,1,2
19428223,2026-03-21 15:00:00,Motherwell vs Hibernian,Motherwell,309,home,Hibernian,66,1,501,25598,5,2,61.0,0,0,3
19428228,2026-04-04 14:00:00,Motherwell vs Falkirk,Motherwell,309,home,Falkirk,770,0,501,25598,5,6,62.0,2,0,2
19428235,2026-04-11 14:00:00,Hearts vs Motherwell,Motherwell,309,away,Hearts,314,0,501,25598,5,4,53.0,1,0,2
19700227,2026-04-26 14:00:00,Rangers vs Motherwell,Motherwell,309,away,Rangers,62,2,501,25598,5,5,49.0,3,0,2
19700224,2026-05-02 14:00:00,Falkirk vs Motherwell,Motherwell,309,away,Falkirk,770,0,501,25598,5,5,51.0,0,0,5
19700215,2026-05-09 19:00:00,Motherwell vs Hearts,Motherwell,309,home,Hearts,314,1,501,25598,5,2,47.0,1,0,1
19700209,2026-05-13 19:00:00,Motherwell vs Celtic,Motherwell,309,home,Celtic,53,0,501,25598,5,4,48.0,2,0,2
19700205,2026-05-16 11:30:00,Hibernian vs Motherwell,Motherwell,309,away,Hibernian,66,2,501,25598,5,4,51.0,1,1,5
378846,2017-01-28 12:30:00,Motherwell vs Rangers,Rangers,62,away,Motherwell,309,2,501,825,5,13,56.0,2,1,2
378930,2017-02-01 19:45:00,Hearts vs Rangers,Rangers,62,away,Hearts,314,0,501,825,5,5,47.0,1,0,1
379006,2017-02-04 15:00:00,Rangers vs Ross County,Rangers,62,home,Ross County,246,1,501,825,5,7,60.0,1,0,3
379080,2017-02-19 15:15:00,Dundee vs Rangers,Rangers,62,away,Dundee,284,0,501,825,5,10,53.0,1,0,1
379090,2017-02-24 19:45:00,Inverness CT vs Rangers,Rangers,62,away,Inverness CT,265,0,501,825,5,8,60.0,1,0,2
379193,2017-03-01 19:45:00,Rangers vs St. Johnstone,Rangers,62,home,St. Johnstone,734,2,501,825,5,11,30.0,3,1,2
379264,2017-03-12 12:00:00,Celtic vs Rangers,Rangers,62,away,Celtic,53,1,501,825,5,3,41.0,1,0,4
379317,2017-03-18 15:00:00,Rangers vs Hamilton Academical,Rangers,62,home,Hamilton Academical,338,2,501,825,5,8,66.0,4,0,2
379377,2017-04-01 14:00:00,Rangers vs Motherwell,Rangers,62,home,Motherwell,309,1,501,825,5,9,54.0,1,0,2
379430,2017-04-05 18:45:00,Kilmarnock vs Rangers,Rangers,62,away,Kilmarnock,180,1,501,825,5,13,59.0,0,0,2
379510,2017-04-09 11:30:00,Aberdeen vs Rangers,Rangers,62,away,Aberdeen,273,2,501,825,5,3,37.0,3,0,2
379561,2017-04-15 14:00:00,Rangers vs Partick Thistle,Rangers,62,home,Partick Thistle,339,2,501,825,5,10,61.0,2,0,0
376662,2017-04-29 11:00:00,Rangers vs Celtic,Rangers,62,home,Celtic,53,0,501,825,5,1,41.0,1,0,2
376757,2017-05-07 11:15:00,Partick Thistle vs Rangers,Rangers,62,away,Partick Thistle,339,2,501,825,5,2,52.0,2,0,1
234028,2017-05-13 11:15:00,Rangers vs Hearts,Rangers,62,home,Hearts,314,2,501,825,5,6,54.0,2,0,1
234035,2017-05-17 18:45:00,Rangers vs Aberdeen,Rangers,62,home,Aberdeen,273,0,501,825,5,3,46.0,1,0,2
234044,2017-05-21 11:30:00,St. Johnstone vs Rangers,Rangers,62,away,St. Johnstone,734,2,501,825,5,4,53.0,2,0,3
1871768,2017-08-06 12:30:00,Motherwell vs Rangers,Rangers,62,away,Motherwell,309,2,501,7953,5,5,51.0,2,0,2
1871772,2017-08-12 14:00:00,Rangers vs Hibernian,Rangers,62,home,Hibernian,66,0,501,7953,5,6,50.0,2,1,6
1871779,2017-08-19 14:00:00,Rangers vs Hearts,Rangers,62,home,Hearts,314,1,501,7953,5,13,70.0,0,0,2
1871786,2017-08-27 14:00:00,Ross County vs Rangers,Rangers,62,away,Ross County,246,2,501,7953,5,6,58.0,3,0,0
1871790,2017-09-09 14:00:00,Rangers vs Dundee,Rangers,62,home,Dundee,284,2,501,7953,5,10,59.0,4,0,1
1871798,2017-09-15 18:45:00,Partick Thistle vs Rangers,Rangers,62,away,Partick Thistle,339,1,501,7953,5,4,55.0,2,0,0
1871802,2017-09-23 11:00:00,Rangers vs Celtic,Rangers,62,home,Celtic,53,0,501,7953,5,1,40.0,0,0,2
1871808,2017-09-29 18:45:00,Hamilton Academical vs Rangers,Rangers,62,away,Hamilton Academical,338,2,501,7953,5,0,66.0,4,0,1
1871816,2017-10-13 18:45:00,St. Johnstone vs Rangers,Rangers,62,away,St. Johnstone,734,2,501,7953,5,2,58.0,3,0,4
1871827,2017-10-25 18:45:00,Rangers vs Kilmarnock,Rangers,62,home,Kilmarnock,180,1,501,7953,5,11,62.0,1,1,2
1871832,2017-10-28 11:30:00,Hearts vs Rangers,Rangers,62,away,Hearts,314,2,501,7953,5,7,55.0,3,0,2
1871838,2017-11-04 15:00:00,Rangers vs Partick Thistle,Rangers,62,home,Partick Thistle,339,2,501,7953,5,7,60.0,3,0,0
1871845,2017-11-18 15:00:00,Rangers vs Hamilton Academical,Rangers,62,home,Hamilton Academical,338,0,501,7953,5,13,62.0,0,0,1
1871848,2017-11-24 19:45:00,Dundee vs Rangers,Rangers,62,away,Dundee,284,0,501,7953,5,5,62.0,1,0,2
1871821,2017-11-29 19:45:00,Rangers vs Aberdeen,Rangers,62,home,Aberdeen,273,2,501,7953,5,6,54.0,3,0,3
1871853,2017-12-03 12:30:00,Aberdeen vs Rangers,Rangers,62,away,Aberdeen,273,2,501,7953,5,5,44.0,2,1,3
1871864,2017-12-09 15:00:00,Rangers vs Ross County,Rangers,62,home,Ross County,246,2,501,7953,5,9,63.0,2,0,0
1871867,2017-12-13 19:45:00,Hibernian vs Rangers,Rangers,62,away,Hibernian,66,2,501,7953,5,4,40.0,2,0,5
1871876,2017-12-16 15:00:00,Rangers vs St. Johnstone,Rangers,62,home,St. Johnstone,734,0,501,7953,5,6,65.0,1,0,2
1871879,2017-12-23 12:30:00,Kilmarnock vs Rangers,Rangers,62,away,Kilmarnock,180,0,501,7953,5,0,49.0,1,0,2
1871887,2017-12-27 19:45:00,Rangers vs Motherwell,Rangers,62,home,Motherwell,309,2,501,7953,5,5,58.0,2,0,1
1871890,2017-12-30 12:00:00,Celtic vs Rangers,Rangers,62,away,Celtic,53,1,501,7953,5,4,44.0,0,0,3
1871900,2018-01-24 19:45:00,Rangers vs Aberdeen,Rangers,62,home,Aberdeen,273,2,501,7953,5,7,51.0,2,0,0
1871905,2018-01-28 14:00:00,Ross County vs Rangers,Rangers,62,away,Ross County,246,2,501,7953,5,5,54.0,2,0,1
1871918,2018-02-03 15:00:00,Rangers vs Hibernian,Rangers,62,home,Hibernian,66,0,501,7953,5,8,65.0,1,0,3
1871910,2018-02-06 19:45:00,Partick Thistle vs Rangers,Rangers,62,away,Partick Thistle,339,2,501,7953,5,6,56.0,2,0,0
1871920,2018-02-18 14:15:00,Hamilton Academical vs Rangers,Rangers,62,away,Hamilton Academical,338,2,501,7953,5,5,60.0,5,0,1
1871929,2018-02-24 15:00:00,Rangers vs Hearts,Rangers,62,home,Hearts,314,2,501,7953,5,6,64.0,2,0,1
1871936,2018-02-27 19:45:00,St. Johnstone vs Rangers,Rangers,62,away,St. Johnstone,734,2,501,7953,5,4,61.0,4,0,1
1871942,2018-03-11 12:00:00,Rangers vs Celtic,Rangers,62,home,Celtic,53,0,501,7953,5,3,52.0,2,0,3
1871946,2018-03-17 15:00:00,Rangers vs Kilmarnock,Rangers,62,home,Kilmarnock,180,0,501,7953,5,8,64.0,0,0,1
1871954,2018-03-31 11:30:00,Motherwell vs Rangers,Rangers,62,away,Motherwell,309,1,501,7953,5,7,58.0,2,0,2
1871958,2018-04-07 14:00:00,Rangers vs Dundee,Rangers,62,home,Dundee,284,2,501,7953,5,6,51.0,4,0,3
10320700,2018-04-22 11:30:00,Rangers vs Hearts,Rangers,62,home,Hearts,314,2,501,7953,5,15,61.0,2,0,1
10320706,2018-04-29 11:00:00,Celtic vs Rangers,Rangers,62,away,Celtic,53,0,501,7953,5,4,43.0,0,0,4
10320710,2018-05-05 14:00:00,Rangers vs Kilmarnock,Rangers,62,home,Kilmarnock,180,2,501,7953,5,11,67.0,1,0,2
10320713,2018-05-08 18:45:00,Aberdeen vs Rangers,Rangers,62,away,Aberdeen,273,1,501,7953,5,4,51.0,1,0,6
10320723,2018-05-13 11:30:00,Hibernian vs Rangers,Rangers,62,away,Hibernian,66,1,501,7953,5,3,44.0,5,1,4
10333192,2018-08-05 12:00:00,Aberdeen vs Rangers,Rangers,62,away,Aberdeen,273,1,501,12963,5,2,42.0,1,1,2
10333193,2018-08-12 14:00:00,Rangers vs St. Mirren,Rangers,62,home,St. Mirren,496,2,501,12963,5,5,53.0,2,1,1
10333203,2018-08-26 11:15:00,Motherwell vs Rangers,Rangers,62,away,Motherwell,309,1,501,12963,5,5,56.0,3,0,2
10333208,2018-09-02 11:00:00,Celtic vs Rangers,Rangers,62,away,Celtic,53,0,501,12963,5,4,43.0,0,0,4
10333214,2018-09-15 14:00:00,Rangers vs Dundee,Rangers,62,home,Dundee,284,2,501,12963,5,15,58.0,4,0,2
10333218,2018-09-23 14:00:00,Rangers vs St. Johnstone,Rangers,62,home,St. Johnstone,734,2,501,12963,5,7,64.0,5,0,0
10333228,2018-09-30 12:30:00,Livingston vs Rangers,Rangers,62,away,Livingston,258,0,501,12963,5,6,50.0,0,0,0
10333231,2018-10-07 14:00:00,Rangers vs Hearts,Rangers,62,home,Hearts,314,2,501,12963,5,8,61.0,3,0,2
10333236,2018-10-21 12:30:00,Hamilton Academical vs Rangers,Rangers,62,away,Hamilton Academical,338,2,501,12963,5,5,58.0,4,0,5
10333248,2018-10-31 19:45:00,Rangers vs Kilmarnock,Rangers,62,home,Kilmarnock,180,1,501,12963,5,13,63.0,1,0,4
10333255,2018-11-03 12:30:00,St. Mirren vs Rangers,Rangers,62,away,St. Mirren,496,2,501,12963,5,7,51.0,2,1,3
10333262,2018-11-11 15:00:00,Rangers vs Motherwell,Rangers,62,home,Motherwell,309,2,501,12963,5,10,74.0,7,0,0
10333268,2018-11-24 15:00:00,Rangers vs Livingston,Rangers,62,home,Livingston,258,2,501,12963,5,8,63.0,3,0,2
10333273,2018-12-02 12:00:00,Hearts vs Rangers,Rangers,62,away,Hearts,314,2,501,12963,5,10,55.0,2,1,1
10333277,2018-12-05 19:45:00,Rangers vs Aberdeen,Rangers,62,home,Aberdeen,273,0,501,12963,5,9,63.0,0,1,3
10333284,2018-12-09 13:30:00,Dundee vs Rangers,Rangers,62,away,Dundee,284,1,501,12963,5,9,59.0,1,0,2
10333290,2018-12-16 15:00:00,Rangers vs Hamilton Academical,Rangers,62,home,Hamilton Academical,338,2,501,12963,5,22,69.0,1,0,1
10333246,2018-12-19 19:45:00,Hibernian vs Rangers,Rangers,62,away,Hibernian,66,1,501,12963,5,11,51.0,0,0,1
10333296,2018-12-23 12:15:00,St. Johnstone vs Rangers,Rangers,62,away,St. Johnstone,734,2,501,12963,5,3,62.0,2,0,2
10333306,2018-12-26 15:00:00,Rangers vs Hibernian,Rangers,62,home,Hibernian,66,1,501,12963,5,7,50.0,1,0,0
10333307,2018-12-29 12:30:00,Rangers vs Celtic,Rangers,62,home,Celtic,53,2,501,12963,5,9,53.0,1,0,1
10333313,2019-01-23 19:45:00,Kilmarnock vs Rangers,Rangers,62,away,Kilmarnock,180,0,501,12963,5,6,57.0,1,0,2
10333323,2019-01-27 16:00:00,Livingston vs Rangers,Rangers,62,away,Livingston,258,2,501,12963,5,9,55.0,3,0,1
10333329,2019-02-02 15:00:00,Rangers vs St. Mirren,Rangers,62,home,St. Mirren,496,2,501,12963,5,8,55.0,4,0,2
10333336,2019-02-06 19:45:00,Aberdeen vs Rangers,Rangers,62,away,Aberdeen,273,2,501,12963,5,4,49.0,4,1,2
10333338,2019-02-16 15:00:00,Rangers vs St. Johnstone,Rangers,62,home,St. Johnstone,734,1,501,12963,5,5,60.0,0,0,0
10333347,2019-02-24 12:15:00,Hamilton Academical vs Rangers,Rangers,62,away,Hamilton Academical,338,2,501,12963,5,8,65.0,5,0,0
10333353,2019-02-27 19:45:00,Rangers vs Dundee,Rangers,62,home,Dundee,284,2,501,12963,5,6,52.0,4,0,0
10333360,2019-03-08 19:45:00,Hibernian vs Rangers,Rangers,62,away,Hibernian,66,1,501,12963,5,5,58.0,1,0,3
10333363,2019-03-16 15:00:00,Rangers vs Kilmarnock,Rangers,62,home,Kilmarnock,180,1,501,12963,5,5,68.0,1,0,2
10333369,2019-03-31 11:00:00,Celtic vs Rangers,Rangers,62,away,Celtic,53,0,501,12963,5,5,41.0,1,1,2
10333378,2019-04-03 18:45:00,Rangers vs Hearts,Rangers,62,home,Hearts,314,2,501,12963,5,6,63.0,3,0,1
10333381,2019-04-07 11:30:00,Motherwell vs Rangers,Rangers,62,away,Motherwell,309,2,501,12963,5,1,53.0,3,0,0
11853595,2019-04-20 11:00:00,Hearts vs Rangers,Rangers,62,away,Hearts,314,2,501,12963,5,2,54.0,3,0,1
11853600,2019-04-28 14:00:00,Rangers vs Aberdeen,Rangers,62,home,Aberdeen,273,2,501,12963,5,7,69.0,2,0,1
11853603,2019-05-05 14:30:00,Rangers vs Hibernian,Rangers,62,home,Hibernian,66,2,501,12963,5,4,56.0,1,1,0
11853606,2019-05-12 11:00:00,Rangers vs Celtic,Rangers,62,home,Celtic,53,2,501,12963,5,6,41.0,2,0,2
11853609,2019-05-19 14:00:00,Kilmarnock vs Rangers,Rangers,62,away,Kilmarnock,180,0,501,12963,5,7,65.0,1,0,3
11879549,2019-08-04 12:30:00,Kilmarnock vs Rangers,Rangers,62,away,Kilmarnock,180,2,501,16222,5,7,63.0,2,0,2
11879553,2019-08-11 14:00:00,Rangers vs Hibernian,Rangers,62,home,Hibernian,66,2,501,16222,5,14,,6,0,2
11879561,2019-08-25 11:15:00,St. Mirren vs Rangers,Rangers,62,away,St. Mirren,496,2,501,16222,5,6,65.0,1,0,2
11879566,2019-09-01 11:00:00,Rangers vs Celtic,Rangers,62,home,Celtic,53,0,501,16222,5,8,59.0,0,1,1
11879572,2019-09-14 14:00:00,Rangers vs Livingston,Rangers,62,home,Livingston,258,2,501,16222,5,9,,3,0,0
11879578,2019-09-22 11:15:00,St. Johnstone vs Rangers,Rangers,62,away,St. Johnstone,734,2,501,16222,5,7,70.0,4,0,0
11879583,2019-09-28 14:00:00,Rangers vs Aberdeen,Rangers,62,home,Aberdeen,273,2,501,16222,5,7,,5,0,0
11879590,2019-10-06 14:00:00,Rangers vs Hamilton Academical,Rangers,62,home,Hamilton Academical,338,2,501,16222,5,8,76.0,5,0,0
11879594,2019-10-20 11:15:00,Hearts vs Rangers,Rangers,62,away,Hearts,314,1,501,16222,5,9,70.0,1,0,4
11879602,2019-10-27 15:00:00,Rangers vs Motherwell,Rangers,62,home,Motherwell,309,2,501,16222,5,5,68.0,2,0,0
11879608,2019-10-30 19:45:00,Ross County vs Rangers,Rangers,62,away,Ross County,246,2,501,16222,5,9,70.0,4,0,0
11879619,2019-11-10 15:00:00,Livingston vs Rangers,Rangers,62,away,Livingston,258,2,501,16222,5,4,69.0,2,0,0
11879623,2019-11-24 12:15:00,Hamilton Academical vs Rangers,Rangers,62,away,Hamilton Academical,338,2,501,16222,5,9,76.0,3,0,2
11879632,2019-12-01 15:00:00,Rangers vs Hearts,Rangers,62,home,Hearts,314,2,501,16222,5,4,67.0,5,0,2
11879634,2019-12-04 19:45:00,Aberdeen vs Rangers,Rangers,62,away,Aberdeen,273,1,501,16222,5,8,75.0,2,0,2
11879649,2019-12-15 12:00:00,Motherwell vs Rangers,Rangers,62,away,Motherwell,309,2,501,16222,5,9,53.0,2,1,4
11879654,2019-12-20 19:45:00,Hibernian vs Rangers,Rangers,62,away,Hibernian,66,2,501,16222,5,5,67.0,3,0,1
11879661,2019-12-26 15:00:00,Rangers vs Kilmarnock,Rangers,62,home,Kilmarnock,180,2,501,16222,5,12,73.0,1,0,0
11879664,2019-12-29 12:30:00,Celtic vs Rangers,Rangers,62,away,Celtic,53,2,501,16222,5,7,41.0,2,1,5
11879674,2020-01-22 19:45:00,Rangers vs St. Mirren,Rangers,62,home,St. Mirren,496,2,501,16222,5,10,65.0,1,0,2
11879678,2020-01-26 15:00:00,Hearts vs Rangers,Rangers,62,away,Hearts,314,0,501,16222,5,6,50.0,1,0,2
11879644,2020-01-29 19:45:00,Rangers vs Ross County,Rangers,62,home,Ross County,246,2,501,16222,5,11,60.0,2,0,2
11879686,2020-02-01 15:00:00,Rangers vs Aberdeen,Rangers,62,home,Aberdeen,273,1,501,16222,5,10,72.0,0,0,3
11879691,2020-02-05 19:45:00,Rangers vs Hibernian,Rangers,62,home,Hibernian,66,2,501,16222,5,18,73.0,2,0,1
11879697,2020-02-12 19:45:00,Kilmarnock vs Rangers,Rangers,62,away,Kilmarnock,180,0,501,16222,5,3,67.0,1,0,3
11879704,2020-02-16 15:00:00,Rangers vs Livingston,Rangers,62,home,Livingston,258,2,501,16222,5,10,71.0,1,0,0
11879710,2020-02-23 13:30:00,St. Johnstone vs Rangers,Rangers,62,away,St. Johnstone,734,1,501,16222,5,6,71.0,2,0,0
11879716,2020-03-04 19:45:00,Rangers vs Hamilton Academical,Rangers,62,home,Hamilton Academical,338,0,501,16222,5,16,76.0,0,0,1
11879722,2020-03-08 12:00:00,Ross County vs Rangers,Rangers,62,away,Ross County,246,2,501,16222,5,15,68.0,1,0,0
16475286,2020-08-01 11:30:00,Aberdeen vs Rangers,Rangers,62,away,Aberdeen,273,2,501,17141,5,6,60.0,1,0,0
16475293,2020-08-09 14:00:00,Rangers vs St. Mirren,Rangers,62,home,St. Mirren,496,2,501,17141,5,14,73.0,3,0,0
16475300,2020-08-12 18:45:00,Rangers vs St. Johnstone,Rangers,62,home,St. Johnstone,734,2,501,17141,5,6,75.0,3,0,0
16475306,2020-08-16 15:30:00,Livingston vs Rangers,Rangers,62,away,Livingston,258,1,501,17141,5,9,79.0,0,0,1
16475310,2020-08-22 14:00:00,Rangers vs Kilmarnock,Rangers,62,home,Kilmarnock,180,2,501,17141,5,9,75.0,2,0,1
16475317,2020-08-29 16:30:00,Hamilton Academical vs Rangers,Rangers,62,away,Hamilton Academical,338,2,501,17141,5,3,70.0,2,0,2
16475322,2020-09-12 14:00:00,Rangers vs Dundee United,Rangers,62,home,Dundee United,282,2,501,17141,5,6,60.0,4,0,1
16475328,2020-09-20 11:00:00,Hibernian vs Rangers,Rangers,62,away,Hibernian,66,1,501,17141,5,5,70.0,2,0,1
16475334,2020-09-27 11:00:00,Motherwell vs Rangers,Rangers,62,away,Motherwell,309,2,501,17141,5,4,57.0,5,0,0
16475341,2020-10-04 14:00:00,Rangers vs Ross County,Rangers,62,home,Ross County,246,2,501,17141,5,14,72.0,2,0,0
16475344,2020-10-17 11:30:00,Celtic vs Rangers,Rangers,62,away,Celtic,53,2,501,17141,5,5,44.0,2,0,2
16475352,2020-10-25 15:00:00,Rangers vs Livingston,Rangers,62,home,Livingston,258,2,501,17141,5,5,69.0,2,0,1
16475359,2020-11-01 12:00:00,Kilmarnock vs Rangers,Rangers,62,away,Kilmarnock,180,2,501,17141,5,9,57.0,1,0,3
16475363,2020-11-08 15:00:00,Rangers vs Hamilton Academical,Rangers,62,home,Hamilton Academical,338,2,501,17141,5,6,76.0,8,0,0
16475371,2020-11-22 12:00:00,Rangers vs Aberdeen,Rangers,62,home,Aberdeen,273,2,501,17141,5,9,71.0,4,0,0
16475377,2020-12-06 12:00:00,Ross County vs Rangers,Rangers,62,away,Ross County,246,2,501,17141,5,5,70.0,4,0,0
16475381,2020-12-13 12:00:00,Dundee United vs Rangers,Rangers,62,away,Dundee United,282,2,501,17141,5,11,75.0,2,0,1
16475388,2020-12-19 15:00:00,Rangers vs Motherwell,Rangers,62,home,Motherwell,309,2,501,17141,5,14,82.0,3,0,0
16475396,2020-12-23 18:00:00,St. Johnstone vs Rangers,Rangers,62,away,St. Johnstone,734,2,501,17141,5,5,64.0,3,0,0
16475401,2020-12-26 12:30:00,Rangers vs Hibernian,Rangers,62,home,Hibernian,66,2,501,17141,5,5,63.0,1,0,0
16475408,2020-12-30 15:00:00,St. Mirren vs Rangers,Rangers,62,away,St. Mirren,496,2,501,17141,5,1,57.0,2,0,1
16475413,2021-01-02 12:30:00,Rangers vs Celtic,Rangers,62,home,Celtic,53,2,501,17141,5,2,51.0,1,0,3
16475416,2021-01-10 15:00:00,Aberdeen vs Rangers,Rangers,62,away,Aberdeen,273,2,501,17141,5,6,80.0,2,0,1
16475424,2021-01-17 12:00:00,Motherwell vs Rangers,Rangers,62,away,Motherwell,309,1,501,17141,5,10,68.0,1,0,1
16475431,2021-01-23 15:00:00,Rangers vs Ross County,Rangers,62,home,Ross County,246,2,501,17141,5,11,69.0,5,0,1
16475435,2021-01-27 19:45:00,Hibernian vs Rangers,Rangers,62,away,Hibernian,66,2,501,17141,5,2,62.0,1,0,0
16475443,2021-02-03 19:45:00,Rangers vs St. Johnstone,Rangers,62,home,St. Johnstone,734,2,501,17141,5,2,66.0,1,0,1
16475445,2021-02-07 12:00:00,Hamilton Academical vs Rangers,Rangers,62,away,Hamilton Academical,338,1,501,17141,5,4,69.0,1,0,1
16475454,2021-02-13 15:00:00,Rangers vs Kilmarnock,Rangers,62,home,Kilmarnock,180,2,501,17141,5,10,63.0,1,0,0
16475478,2021-02-21 15:00:00,Rangers vs Dundee United,Rangers,62,home,Dundee United,282,2,501,17141,5,7,63.0,4,0,0
16475461,2021-03-03 18:00:00,Livingston vs Rangers,Rangers,62,away,Livingston,258,2,501,17141,5,5,59.0,1,0,2
16475466,2021-03-06 15:00:00,Rangers vs St. Mirren,Rangers,62,home,St. Mirren,496,2,501,17141,5,7,68.0,3,0,1
16475470,2021-03-21 12:00:00,Celtic vs Rangers,Rangers,62,away,Celtic,53,1,501,17141,5,5,44.0,1,0,1
17947851,2021-04-11 14:00:00,Rangers vs Hibernian,Rangers,62,home,Hibernian,66,2,501,17141,5,3,63.0,2,0,3
17947854,2021-04-21 18:00:00,St. Johnstone vs Rangers,Rangers,62,away,St. Johnstone,734,1,501,17141,5,6,67.0,1,0,4
17947857,2021-05-02 11:00:00,Rangers vs Celtic,Rangers,62,home,Celtic,53,2,501,17141,5,5,61.0,4,0,1
17947860,2021-05-12 17:00:00,Livingston vs Rangers,Rangers,62,away,Livingston,258,2,501,17141,5,5,69.0,3,0,2
17947862,2021-05-15 11:30:00,Rangers vs Aberdeen,Rangers,62,home,Aberdeen,273,2,501,17141,5,6,55.0,4,0,1
18136882,2021-07-31 12:30:00,Rangers vs Livingston,Rangers,62,home,Livingston,258,2,501,18369,5,7,69.0,3,0,0
18136889,2021-08-07 11:30:00,Dundee United vs Rangers,Rangers,62,away,Dundee United,282,0,501,18369,5,8,63.0,0,0,1
18136898,2021-08-22 14:00:00,Ross County vs Rangers,Rangers,62,away,Ross County,246,2,501,18369,5,11,67.0,4,0,2
18136904,2021-08-29 11:00:00,Rangers vs Celtic,Rangers,62,home,Celtic,53,2,501,18369,5,4,37.0,1,0,0
18136910,2021-09-11 11:30:00,St. Johnstone vs Rangers,Rangers,62,away,St. Johnstone,734,2,501,18369,5,7,66.0,2,0,3
18136916,2021-09-19 14:00:00,Rangers vs Motherwell,Rangers,62,home,Motherwell,309,1,501,18369,5,13,58.0,1,0,1
18136919,2021-09-25 14:00:00,Dundee vs Rangers,Rangers,62,away,Dundee,284,2,501,18369,5,9,66.0,1,0,3
18136928,2021-10-03 14:00:00,Rangers vs Hibernian,Rangers,62,home,Hibernian,66,2,501,18369,5,12,65.0,2,0,3
18136933,2021-10-16 14:00:00,Rangers vs Hearts,Rangers,62,home,Hearts,314,1,501,18369,5,6,54.0,1,0,4
18136941,2021-10-24 11:00:00,St. Mirren vs Rangers,Rangers,62,away,St. Mirren,496,2,501,18369,5,7,54.0,2,0,2
18136946,2021-10-27 18:45:00,Rangers vs Aberdeen,Rangers,62,home,Aberdeen,273,1,501,18369,5,14,64.0,2,0,1
18136951,2021-10-31 12:00:00,Motherwell vs Rangers,Rangers,62,away,Motherwell,309,2,501,18369,5,12,66.0,6,0,0
18136958,2021-11-07 15:00:00,Rangers vs Ross County,Rangers,62,home,Ross County,246,2,501,18369,5,10,67.0,4,0,1
18136969,2021-11-28 12:00:00,Livingston vs Rangers,Rangers,62,away,Livingston,258,2,501,18369,5,7,72.0,3,0,1
18136975,2021-12-01 19:45:00,Hibernian vs Rangers,Rangers,62,away,Hibernian,66,2,501,18369,5,6,53.0,1,0,1
18136982,2021-12-04 15:00:00,Rangers vs Dundee,Rangers,62,home,Dundee,284,2,501,18369,5,11,73.0,3,0,1
18136986,2021-12-12 12:00:00,Hearts vs Rangers,Rangers,62,away,Hearts,314,2,501,18369,5,4,47.0,2,0,5
18136963,2021-12-15 19:45:00,Rangers vs St. Johnstone,Rangers,62,home,St. Johnstone,734,2,501,18369,5,7,67.0,2,0,1
18136994,2021-12-18 15:00:00,Rangers vs Dundee United,Rangers,62,home,Dundee United,282,2,501,18369,5,6,68.0,1,0,1
18137000,2021-12-26 15:00:00,Rangers vs St. Mirren,Rangers,62,home,St. Mirren,496,2,501,18369,5,7,76.0,2,0,1
18137002,2022-01-18 19:45:00,Aberdeen vs Rangers,Rangers,62,away,Aberdeen,273,1,501,18369,5,4,41.0,1,1,5
18137017,2022-01-26 19:45:00,Rangers vs Livingston,Rangers,62,home,Livingston,258,2,501,18369,5,10,68.0,1,0,1
18137025,2022-01-29 12:30:00,Ross County vs Rangers,Rangers,62,away,Ross County,246,1,501,18369,5,8,72.0,3,0,0
18137008,2022-02-02 19:45:00,Celtic vs Rangers,Rangers,62,away,Celtic,53,0,501,18369,5,2,54.0,0,0,3
18137030,2022-02-06 16:00:00,Rangers vs Hearts,Rangers,62,home,Hearts,314,2,501,18369,5,4,57.0,5,0,2
18137035,2022-02-09 19:45:00,Rangers vs Hibernian,Rangers,62,home,Hibernian,66,2,501,18369,5,7,58.0,2,0,3
18137039,2022-02-20 12:00:00,Dundee United vs Rangers,Rangers,62,away,Dundee United,282,1,501,18369,5,10,74.0,1,0,1
18137047,2022-02-27 15:00:00,Rangers vs Motherwell,Rangers,62,home,Motherwell,309,1,501,18369,5,15,77.0,2,0,2
18137055,2022-03-02 19:45:00,St. Johnstone vs Rangers,Rangers,62,away,St. Johnstone,734,2,501,18369,5,1,56.0,1,0,1
18137060,2022-03-05 15:00:00,Rangers vs Aberdeen,Rangers,62,home,Aberdeen,273,2,501,18369,5,11,64.0,1,0,1
18137064,2022-03-20 12:00:00,Dundee vs Rangers,Rangers,62,away,Dundee,284,2,501,18369,5,8,70.0,2,0,1
18137071,2022-04-03 11:00:00,Rangers vs Celtic,Rangers,62,home,Celtic,53,0,501,18369,5,4,56.0,1,0,1
18137079,2022-04-10 11:00:00,St. Mirren vs Rangers,Rangers,62,away,St. Mirren,496,2,501,18369,5,5,71.0,4,0,0
18517995,2022-04-23 11:00:00,Motherwell vs Rangers,Rangers,62,away,Motherwell,309,2,501,18369,5,2,52.0,3,1,1
18518000,2022-05-01 11:00:00,Celtic vs Rangers,Rangers,62,away,Celtic,53,1,501,18369,5,7,47.0,1,0,4
18518003,2022-05-08 14:00:00,Rangers vs Dundee United,Rangers,62,home,Dundee United,282,2,501,18369,5,8,69.0,2,0,1
18518006,2022-05-11 18:45:00,Rangers vs Ross County,Rangers,62,home,Ross County,246,2,501,18369,5,8,80.0,4,0,0
18518008,2022-05-14 11:15:00,Hearts vs Rangers,Rangers,62,away,Hearts,314,2,501,18369,5,3,58.0,3,0,2
18535487,2022-07-30 11:00:00,Livingston vs Rangers,Rangers,62,away,Livingston,258,2,501,19735,5,8,82.0,2,0,4
18535497,2022-08-06 14:00:00,Rangers vs Kilmarnock,Rangers,62,home,Kilmarnock,180,2,501,19735,5,8,74.0,2,0,0
18535503,2022-08-13 14:00:00,Rangers vs St. Johnstone,Rangers,62,home,St. Johnstone,734,2,501,19735,5,9,71.0,4,0,1
18535507,2022-08-20 11:30:00,Hibernian vs Rangers,Rangers,62,away,Hibernian,66,1,501,19735,5,3,54.0,2,2,2
18535515,2022-08-27 14:00:00,Rangers vs Ross County,Rangers,62,home,Ross County,246,2,501,19735,5,7,72.0,4,0,2
18535517,2022-09-03 11:30:00,Celtic vs Rangers,Rangers,62,away,Celtic,53,0,501,19735,5,4,55.0,0,0,3
18535532,2022-09-17 14:00:00,Rangers vs Dundee United,Rangers,62,home,Dundee United,282,2,501,19735,5,7,65.0,2,0,3
18535538,2022-10-01 11:30:00,Hearts vs Rangers,Rangers,62,away,Hearts,314,2,501,19735,5,7,65.0,4,0,2
18535545,2022-10-08 14:00:00,Rangers vs St. Mirren,Rangers,62,home,St. Mirren,496,2,501,19735,5,8,70.0,4,0,0
18535550,2022-10-16 11:00:00,Motherwell vs Rangers,Rangers,62,away,Motherwell,309,2,501,19735,5,3,60.0,2,0,4
18535557,2022-10-22 14:00:00,Rangers vs Livingston,Rangers,62,home,Livingston,258,1,501,19735,5,14,80.0,1,0,3
18535562,2022-10-29 14:00:00,Rangers vs Aberdeen,Rangers,62,home,Aberdeen,273,2,501,19735,5,13,68.0,4,0,0
18535570,2022-11-06 12:00:00,St. Johnstone vs Rangers,Rangers,62,away,St. Johnstone,734,0,501,19735,5,20,68.0,1,0,0
18535575,2022-11-09 19:45:00,Rangers vs Hearts,Rangers,62,home,Hearts,314,2,501,19735,5,7,55.0,1,0,3
18535582,2022-11-12 12:30:00,St. Mirren vs Rangers,Rangers,62,away,St. Mirren,496,1,501,19735,5,5,50.0,1,0,1
18535587,2022-12-15 20:00:00,Rangers vs Hibernian,Rangers,62,home,Hibernian,66,2,501,19735,5,8,71.0,3,0,1
18535523,2022-12-20 20:00:00,Aberdeen vs Rangers,Rangers,62,away,Aberdeen,273,2,501,19735,5,5,68.0,3,0,5
18535593,2022-12-23 19:30:00,Ross County vs Rangers,Rangers,62,away,Ross County,246,2,501,19735,5,4,66.0,1,0,1
18535599,2022-12-28 19:45:00,Rangers vs Motherwell,Rangers,62,home,Motherwell,309,2,501,19735,5,7,66.0,3,0,2
18535605,2023-01-02 12:30:00,Rangers vs Celtic,Rangers,62,home,Celtic,53,1,501,19735,5,5,40.0,2,0,1
18537947,2023-01-08 16:00:00,Dundee United vs Rangers,Rangers,62,away,Dundee United,282,2,501,19735,5,7,69.0,2,0,0
18537954,2023-01-18 20:00:00,Kilmarnock vs Rangers,Rangers,62,away,Kilmarnock,180,2,501,19735,5,4,78.0,3,0,2
18537960,2023-01-28 15:00:00,Rangers vs St. Johnstone,Rangers,62,home,St. Johnstone,734,2,501,19735,5,9,69.0,2,0,3
18537965,2023-02-01 19:45:00,Hearts vs Rangers,Rangers,62,away,Hearts,314,2,501,19735,5,7,50.0,3,0,3
18537972,2023-02-04 15:00:00,Rangers vs Ross County,Rangers,62,home,Ross County,246,2,501,19735,5,4,76.0,2,0,4
18537978,2023-02-18 15:00:00,Livingston vs Rangers,Rangers,62,away,Livingston,258,2,501,19735,5,9,65.0,3,0,1
18537990,2023-03-04 15:00:00,Rangers vs Kilmarnock,Rangers,62,home,Kilmarnock,180,2,501,19735,5,7,74.0,3,0,1
18537983,2023-03-08 19:45:00,Hibernian vs Rangers,Rangers,62,away,Hibernian,66,2,501,19735,5,7,63.0,4,0,0
18537998,2023-03-18 12:30:00,Motherwell vs Rangers,Rangers,62,away,Motherwell,309,2,501,19735,5,3,77.0,4,0,1
18538001,2023-04-01 14:00:00,Rangers vs Dundee United,Rangers,62,home,Dundee United,282,2,501,19735,5,10,78.0,2,0,1
18538006,2023-04-08 11:30:00,Celtic vs Rangers,Rangers,62,away,Celtic,53,0,501,19735,5,3,46.0,2,0,2
18538015,2023-04-15 14:00:00,Rangers vs St. Mirren,Rangers,62,home,St. Mirren,496,2,501,19735,5,6,78.0,5,0,2
18538017,2023-04-23 15:30:00,Aberdeen vs Rangers,Rangers,62,away,Aberdeen,273,0,501,19735,5,7,75.0,0,0,1
18825710,2023-05-07 14:00:00,Rangers vs Aberdeen,Rangers,62,home,Aberdeen,273,2,501,19735,5,12,71.0,1,0,1
18825746,2023-05-13 11:30:00,Rangers vs Celtic,Rangers,62,home,Celtic,53,2,501,19735,5,5,32.0,3,0,1
18825751,2023-05-21 11:00:00,Hibernian vs Rangers,Rangers,62,away,Hibernian,66,2,501,19735,5,5,68.0,3,0,1
18825754,2023-05-24 18:45:00,Rangers vs Hearts,Rangers,62,home,Hearts,314,1,501,19735,5,9,69.0,2,0,3
18825757,2023-05-27 11:30:00,St. Mirren vs Rangers,Rangers,62,away,St. Mirren,496,2,501,19735,5,3,70.0,3,0,1
18861941,2023-08-05 16:15:00,Kilmarnock vs Rangers,Rangers,62,away,Kilmarnock,180,0,501,21787,5,8,68.0,0,0,0
18861946,2023-08-12 14:00:00,Rangers vs Livingston,Rangers,62,home,Livingston,258,2,501,21787,5,5,69.0,4,0,1
18861953,2023-08-26 11:30:00,Ross County vs Rangers,Rangers,62,away,Ross County,246,2,501,21787,5,8,66.0,2,0,1
18861960,2023-09-03 11:00:00,Rangers vs Celtic,Rangers,62,home,Celtic,53,0,501,21787,5,6,50.0,0,0,1
18861966,2023-09-16 11:30:00,St. Johnstone vs Rangers,Rangers,62,away,St. Johnstone,734,2,501,21787,5,5,70.0,2,0,2
18861971,2023-09-24 14:00:00,Rangers vs Motherwell,Rangers,62,home,Motherwell,309,2,501,21787,5,2,62.0,1,0,2
18861976,2023-09-30 14:00:00,Rangers vs Aberdeen,Rangers,62,home,Aberdeen,273,0,501,21787,5,5,71.0,1,1,4
18861984,2023-10-08 11:00:00,St. Mirren vs Rangers,Rangers,62,away,St. Mirren,496,2,501,21787,5,10,69.0,3,0,2
18861988,2023-10-21 14:00:00,Rangers vs Hibernian,Rangers,62,home,Hibernian,66,2,501,21787,5,5,53.0,4,0,1
18861995,2023-10-29 15:00:00,Rangers vs Hearts,Rangers,62,home,Hearts,314,2,501,21787,5,11,69.0,2,0,1
18862854,2023-11-01 20:30:00,Dundee vs Rangers,Rangers,62,away,Dundee,284,2,501,21787,5,7,68.0,5,0,1
18862006,2023-11-12 12:00:00,Livingston vs Rangers,Rangers,62,away,Livingston,258,2,501,21787,5,9,68.0,2,0,1
18862009,2023-11-26 12:00:00,Aberdeen vs Rangers,Rangers,62,away,Aberdeen,273,1,501,21787,5,5,69.0,1,0,1
18862019,2023-12-03 15:00:00,Rangers vs St. Mirren,Rangers,62,home,St. Mirren,496,2,501,21787,5,8,69.0,2,0,1
18862862,2023-12-06 20:00:00,Hearts vs Rangers,Rangers,62,away,Hearts,314,2,501,21787,5,5,52.0,1,0,1
18862025,2023-12-09 15:00:00,Rangers vs Dundee,Rangers,62,home,Dundee,284,2,501,21787,5,5,55.0,3,1,1
18862000,2023-12-20 19:45:00,Rangers vs St. Johnstone,Rangers,62,home,St. Johnstone,734,2,501,21787,5,9,71.0,2,0,2
18862037,2023-12-24 12:00:00,Motherwell vs Rangers,Rangers,62,away,Motherwell,309,2,501,21787,5,5,52.0,2,0,1
18862045,2023-12-30 12:30:00,Celtic vs Rangers,Rangers,62,away,Celtic,53,0,501,21787,5,2,44.0,1,1,3
18862054,2024-01-02 15:00:00,Rangers vs Kilmarnock,Rangers,62,home,Kilmarnock,180,2,501,21787,5,7,61.0,3,0,1
18862028,2024-01-24 19:45:00,Hibernian vs Rangers,Rangers,62,away,Hibernian,66,2,501,21787,5,10,60.0,3,0,0
18862062,2024-01-27 12:30:00,St. Mirren vs Rangers,Rangers,62,away,St. Mirren,496,2,501,21787,5,3,62.0,1,0,2
18862067,2024-02-03 15:00:00,Rangers vs Livingston,Rangers,62,home,Livingston,258,2,501,21787,5,14,77.0,3,0,0
18862072,2024-02-06 20:00:00,Rangers vs Aberdeen,Rangers,62,home,Aberdeen,273,2,501,21787,5,13,75.0,2,1,0
18862042,2024-02-14 19:45:00,Rangers vs Ross County,Rangers,62,home,Ross County,246,2,501,21787,5,20,72.0,3,0,1
18862080,2024-02-18 12:00:00,St. Johnstone vs Rangers,Rangers,62,away,St. Johnstone,734,2,501,21787,5,1,61.0,3,0,0
18862084,2024-02-24 15:00:00,Rangers vs Hearts,Rangers,62,home,Hearts,314,2,501,21787,5,4,53.0,5,0,2
18862090,2024-02-28 19:45:00,Kilmarnock vs Rangers,Rangers,62,away,Kilmarnock,180,2,501,21787,5,6,56.0,2,0,2
18862096,2024-03-02 15:00:00,Rangers vs Motherwell,Rangers,62,home,Motherwell,309,0,501,21787,5,15,70.0,1,0,0
18862109,2024-03-30 15:00:00,Rangers vs Hibernian,Rangers,62,home,Hibernian,66,2,501,21787,5,9,60.0,3,0,2
18862115,2024-04-07 11:00:00,Rangers vs Celtic,Rangers,62,home,Celtic,53,1,501,21787,5,3,54.0,3,0,0
18862121,2024-04-14 11:00:00,Ross County vs Rangers,Rangers,62,away,Ross County,246,0,501,21787,5,17,67.0,2,0,1
18862100,2024-04-17 19:00:00,Dundee vs Rangers,Rangers,62,away,Dundee,284,1,501,21787,5,9,66.0,0,0,0
19116468,2024-04-28 11:30:00,St. Mirren vs Rangers,Rangers,62,away,St. Mirren,496,2,501,21787,5,8,66.0,2,0,1
19116487,2024-05-05 12:00:00,Rangers vs Kilmarnock,Rangers,62,home,Kilmarnock,180,2,501,21787,5,16,74.0,4,0,0
19116488,2024-05-11 11:30:00,Celtic vs Rangers,Rangers,62,away,Celtic,53,0,501,21787,5,5,32.0,1,1,0
19116491,2024-05-14 18:30:00,Rangers vs Dundee,Rangers,62,home,Dundee,284,2,501,21787,5,6,62.0,5,0,
19116496,2024-05-18 11:30:00,Hearts vs Rangers,Rangers,62,away,Hearts,314,1,501,21787,5,6,54.0,3,0,1
19146697,2024-08-03 11:30:00,Hearts vs Rangers,Rangers,62,away,Hearts,314,1,501,23690,5,7,63.0,0,0,1
19146705,2024-08-10 14:00:00,Rangers vs Motherwell,Rangers,62,home,Motherwell,309,2,501,23690,5,6,68.0,2,0,2
19146713,2024-08-24 14:00:00,Rangers vs Ross County,Rangers,62,home,Ross County,246,2,501,23690,5,5,76.0,6,0,1
19146715,2024-09-01 11:30:00,Celtic vs Rangers,Rangers,62,away,Celtic,53,0,501,23690,5,4,48.0,0,0,5
19146723,2024-09-15 11:00:00,Dundee United vs Rangers,Rangers,62,away,Dundee United,282,2,501,23690,5,4,61.0,,0,6
19146731,2024-09-29 11:00:00,Rangers vs Hibernian,Rangers,62,home,Hibernian,66,2,501,23690,5,4,67.0,1,0,2
19146736,2024-10-06 19:00:00,Rangers vs St. Johnstone,Rangers,62,home,St. Johnstone,734,2,501,23690,5,7,64.0,2,1,1
19146742,2024-10-20 11:00:00,Kilmarnock vs Rangers,Rangers,62,away,Kilmarnock,180,0,501,23690,5,6,68.0,0,0,3
19146749,2024-10-27 15:00:00,Rangers vs St. Mirren,Rangers,62,home,St. Mirren,496,2,501,23690,5,7,73.0,2,0,2
19146751,2024-10-30 20:00:00,Aberdeen vs Rangers,Rangers,62,away,Aberdeen,273,0,501,23690,5,6,63.0,1,0,3
19146768,2024-11-10 17:00:00,Rangers vs Hearts,Rangers,62,home,Hearts,314,2,501,23690,5,9,49.0,1,0,2
19146771,2024-11-23 15:45:00,Rangers vs Dundee United,Rangers,62,home,Dundee United,282,1,501,23690,5,9,71.0,1,0,1
19146780,2024-12-01 12:00:00,St. Johnstone vs Rangers,Rangers,62,away,St. Johnstone,734,2,501,23690,5,5,61.0,1,0,2
19146784,2024-12-04 19:45:00,Rangers vs Kilmarnock,Rangers,62,home,Kilmarnock,180,2,501,23690,5,7,73.0,6,0,0
19146791,2024-12-08 12:00:00,Ross County vs Rangers,Rangers,62,away,Ross County,246,2,501,23690,5,10,67.0,3,0,1
19146803,2024-12-21 15:00:00,Rangers vs Dundee,Rangers,62,home,Dundee,284,2,501,23690,5,6,72.0,1,0,2
19146810,2024-12-26 17:45:00,St. Mirren vs Rangers,Rangers,62,away,St. Mirren,496,0,501,23690,5,6,75.0,1,0,3
19146814,2024-12-29 15:00:00,Motherwell vs Rangers,Rangers,62,away,Motherwell,309,1,501,23690,5,6,70.0,2,0,3
19146820,2025-01-02 15:00:00,Rangers vs Celtic,Rangers,62,home,Celtic,53,2,501,23690,5,8,39.0,3,0,2
19146825,2025-01-05 12:00:00,Hibernian vs Rangers,Rangers,62,away,Hibernian,66,1,501,23690,5,8,62.0,3,0,1
19146758,2025-01-09 20:00:00,Dundee vs Rangers,Rangers,62,away,Dundee,284,1,501,23690,5,7,77.0,1,0,2
19146832,2025-01-12 15:00:00,Rangers vs St. Johnstone,Rangers,62,home,St. Johnstone,734,2,501,23690,5,12,64.0,3,0,
19146797,2025-01-15 20:00:00,Rangers vs Aberdeen,Rangers,62,home,Aberdeen,273,2,501,23690,5,10,59.0,3,0,1
19146837,2025-01-26 12:00:00,Dundee United vs Rangers,Rangers,62,away,Dundee United,282,2,501,23690,5,4,65.0,3,1,1
19146845,2025-02-02 15:00:00,Rangers vs Ross County,Rangers,62,home,Ross County,246,2,501,23690,5,8,74.0,4,0,0
19146849,2025-02-16 12:00:00,Hearts vs Rangers,Rangers,62,away,Hearts,314,2,501,23690,5,7,47.0,3,0,1
19146856,2025-02-22 15:00:00,Rangers vs St. Mirren,Rangers,62,home,St. Mirren,496,0,501,23690,5,11,65.0,0,0,1
19146862,2025-02-26 20:00:00,Kilmarnock vs Rangers,Rangers,62,away,Kilmarnock,180,2,501,23690,5,4,62.0,4,0,4
19146868,2025-03-01 15:00:00,Rangers vs Motherwell,Rangers,62,home,Motherwell,309,0,501,23690,5,12,65.0,1,0,2
19146871,2025-03-16 12:30:00,Celtic vs Rangers,Rangers,62,away,Celtic,53,2,501,23690,5,6,28.0,3,0,3
19146879,2025-03-29 17:30:00,Dundee vs Rangers,Rangers,62,away,Dundee,284,2,501,23690,5,3,63.0,4,0,2
19146886,2025-04-05 14:00:00,Rangers vs Hibernian,Rangers,62,home,Hibernian,66,0,501,23690,5,5,72.0,0,0,1
19146889,2025-04-13 11:00:00,Aberdeen vs Rangers,Rangers,62,away,Aberdeen,273,1,501,23690,5,1,48.0,2,1,3
19415302,2025-04-26 14:00:00,St. Mirren vs Rangers,Rangers,62,away,St. Mirren,496,1,501,23690,5,3,58.0,2,0,1
19415338,2025-05-04 11:00:00,Rangers vs Celtic,Rangers,62,home,Celtic,53,1,501,23690,5,5,40.0,1,0,1
19415341,2025-05-11 11:00:00,Rangers vs Aberdeen,Rangers,62,home,Aberdeen,273,2,501,23690,5,7,70.0,4,0,2
19415343,2025-05-14 18:45:00,Rangers vs Dundee United,Rangers,62,home,Dundee United,282,2,501,23690,5,9,78.0,3,0,0
19415347,2025-05-17 11:30:00,Hibernian vs Rangers,Rangers,62,away,Hibernian,66,1,501,23690,5,13,65.0,2,0,2
19428040,2025-08-02 16:30:00,Motherwell vs Rangers,Rangers,62,away,Motherwell,309,1,501,25598,5,12,62.0,1,0,4
19428049,2025-08-09 16:45:00,Rangers vs Dundee,Rangers,62,home,Dundee,284,1,501,25598,5,7,76.0,1,1,2
19428056,2025-08-24 11:00:00,St. Mirren vs Rangers,Rangers,62,away,St. Mirren,496,1,501,25598,5,6,71.0,1,0,3
19428062,2025-08-31 11:00:00,Rangers vs Celtic,Rangers,62,home,Celtic,53,1,501,25598,5,8,41.0,0,0,3
19428068,2025-09-13 14:00:00,Rangers vs Hearts,Rangers,62,home,Hearts,314,0,501,25598,5,9,67.0,0,0,2
19428072,2025-09-28 14:00:00,Livingston vs Rangers,Rangers,62,away,Livingston,258,2,501,25598,5,8,65.0,2,0,1
19428078,2025-10-05 14:00:00,Falkirk vs Rangers,Rangers,62,away,Falkirk,770,1,501,25598,5,6,57.0,1,0,4
19428085,2025-10-18 14:00:00,Rangers vs Dundee United,Rangers,62,home,Dundee United,282,1,501,25598,5,7,68.0,2,0,0
19428092,2025-10-26 15:00:00,Rangers vs Kilmarnock,Rangers,62,home,Kilmarnock,180,2,501,25598,5,8,75.0,3,0,2
19428095,2025-10-29 19:45:00,Hibernian vs Rangers,Rangers,62,away,Hibernian,66,2,501,25598,5,4,51.0,1,0,3
19428107,2025-11-09 15:00:00,Dundee vs Rangers,Rangers,62,away,Dundee,284,2,501,25598,5,6,54.0,3,0,1
19428115,2025-11-22 15:00:00,Rangers vs Livingston,Rangers,62,home,Livingston,258,2,501,25598,5,2,73.0,2,0,2
19428122,2025-11-30 14:00:00,Rangers vs Falkirk,Rangers,62,home,Falkirk,770,1,501,25598,5,4,61.0,0,0,0
19428125,2025-12-03 19:45:00,Dundee United vs Rangers,Rangers,62,away,Dundee United,282,1,501,25598,5,9,67.0,2,0,3
19428132,2025-12-06 20:00:00,Kilmarnock vs Rangers,Rangers,62,away,Kilmarnock,180,2,501,25598,5,2,60.0,3,0,2
19428140,2025-12-15 19:45:00,Rangers vs Hibernian,Rangers,62,home,Hibernian,66,2,501,25598,5,5,52.0,1,0,1
19428143,2025-12-21 13:30:00,Hearts vs Rangers,Rangers,62,away,Hearts,314,0,501,25598,5,10,58.0,1,0,1
19428151,2025-12-27 15:00:00,Rangers vs Motherwell,Rangers,62,home,Motherwell,309,2,501,25598,5,5,46.0,1,0,3
19428158,2025-12-30 19:45:00,Rangers vs St. Mirren,Rangers,62,home,St. Mirren,496,2,501,25598,5,5,59.0,2,0,1
19428159,2026-01-03 12:30:00,Celtic vs Rangers,Rangers,62,away,Celtic,53,2,501,25598,5,5,34.0,3,0,3
19590624,2026-01-06 20:00:00,Rangers vs Aberdeen,Rangers,62,home,Aberdeen,273,2,501,25598,5,7,64.0,2,0,0
19428165,2026-01-11 16:30:00,Aberdeen vs Rangers,Rangers,62,away,Aberdeen,273,2,501,25598,5,6,48.0,2,0,3
19428176,2026-01-25 15:00:00,Rangers vs Dundee,Rangers,62,home,Dundee,284,2,501,25598,5,7,54.0,3,0,1
19428179,2026-02-01 14:00:00,Hibernian vs Rangers,Rangers,62,away,Hibernian,66,1,501,25598,5,8,55.0,0,0,2
19428187,2026-02-04 19:45:00,Rangers vs Kilmarnock,Rangers,62,home,Kilmarnock,180,2,501,25598,5,10,69.0,5,0,1
19428194,2026-02-11 20:00:00,Motherwell vs Rangers,Rangers,62,away,Motherwell,309,1,501,25598,5,3,36.0,1,0,5
19428200,2026-02-15 16:30:00,Rangers vs Hearts,Rangers,62,home,Hearts,314,2,501,25598,5,7,56.0,4,0,3
19428205,2026-02-22 15:00:00,Livingston vs Rangers,Rangers,62,away,Livingston,258,1,501,25598,5,15,73.0,2,0,2
19428212,2026-03-01 12:00:00,Rangers vs Celtic,Rangers,62,home,Celtic,53,1,501,25598,5,6,45.0,2,0,2
19428218,2026-03-15 12:00:00,St. Mirren vs Rangers,Rangers,62,away,St. Mirren,496,2,501,25598,5,11,53.0,1,0,1
19428224,2026-03-21 17:45:00,Rangers vs Aberdeen,Rangers,62,home,Aberdeen,273,2,501,25598,5,2,62.0,4,0,0
19428229,2026-04-04 14:00:00,Rangers vs Dundee United,Rangers,62,home,Dundee United,282,2,501,25598,5,10,67.0,4,0,1
19428234,2026-04-12 11:00:00,Falkirk vs Rangers,Rangers,62,away,Falkirk,770,2,501,25598,5,1,48.0,6,0,4
19700227,2026-04-26 14:00:00,Rangers vs Motherwell,Rangers,62,home,Motherwell,309,0,501,25598,5,7,51.0,2,0,1
19700220,2026-05-04 16:30:00,Hearts vs Rangers,Rangers,62,away,Hearts,314,0,501,25598,5,6,58.0,1,0,2
19700214,2026-05-10 11:00:00,Celtic vs Rangers,Rangers,62,away,Celtic,53,0,501,25598,5,7,49.0,1,0,2
19700208,2026-05-13 19:00:00,Rangers vs Hibernian,Rangers,62,home,Hibernian,66,0,501,25598,5,9,72.0,1,0,2
19700206,2026-05-16 11:30:00,Falkirk vs Rangers,Rangers,62,away,Falkirk,770,2,501,25598,5,4,45.0,5,0,0
378450,2017-01-25 19:45:00,Celtic vs St. Johnstone,St. Johnstone,734,away,Celtic,53,0,501,825,5,8,31.0,0,0,2
378879,2017-01-28 15:00:00,St. Johnstone vs Hamilton Academical,St. Johnstone,734,home,Hamilton Academical,338,2,501,825,5,1,47.0,3,0,1
378921,2017-02-01 19:45:00,Partick Thistle vs St. Johnstone,St. Johnstone,734,away,Partick Thistle,339,2,501,825,5,3,45.0,1,0,3
379017,2017-02-05 12:30:00,St. Johnstone vs Celtic,St. Johnstone,734,home,Celtic,53,0,501,825,5,5,34.0,2,0,1
379059,2017-02-18 15:00:00,Ross County vs St. Johnstone,St. Johnstone,734,away,Ross County,246,2,501,825,5,11,52.0,2,0,0
379124,2017-02-25 15:00:00,St. Johnstone vs Kilmarnock,St. Johnstone,734,home,Kilmarnock,180,0,501,825,5,7,56.0,0,0,2
379193,2017-03-01 19:45:00,Rangers vs St. Johnstone,St. Johnstone,734,away,Rangers,62,0,501,825,5,3,70.0,2,0,3
379247,2017-03-11 15:00:00,St. Johnstone vs Dundee,St. Johnstone,734,home,Dundee,284,2,501,825,5,3,43.0,2,0,1
379287,2017-03-18 15:00:00,Motherwell vs St. Johnstone,St. Johnstone,734,away,Motherwell,309,2,501,825,5,9,43.0,2,0,1
379369,2017-04-01 14:00:00,Hamilton Academical vs St. Johnstone,St. Johnstone,734,away,Hamilton Academical,338,0,501,825,5,3,28.0,0,2,1
379449,2017-04-05 18:45:00,St. Johnstone vs Hearts,St. Johnstone,734,home,Hearts,314,2,501,825,5,0,50.0,1,0,0
379459,2017-04-08 14:00:00,Inverness CT vs St. Johnstone,St. Johnstone,734,away,Inverness CT,265,2,501,825,5,1,40.0,3,0,1
379529,2017-04-15 14:00:00,St. Johnstone vs Aberdeen,St. Johnstone,734,home,Aberdeen,273,0,501,825,5,4,48.0,1,0,3
376673,2017-04-29 14:00:00,Aberdeen vs St. Johnstone,St. Johnstone,734,away,Aberdeen,273,2,501,825,5,2,42.0,2,0,3
376728,2017-05-06 14:00:00,Celtic vs St. Johnstone,St. Johnstone,734,away,Celtic,53,0,501,825,5,0,34.0,1,0,4
234029,2017-05-13 14:00:00,St. Johnstone vs Partick Thistle,St. Johnstone,734,home,Partick Thistle,339,2,501,825,5,4,44.0,1,0,3
234036,2017-05-17 18:45:00,St. Johnstone vs Hearts,St. Johnstone,734,home,Hearts,314,2,501,825,5,1,44.0,1,0,0
234044,2017-05-21 11:30:00,St. Johnstone vs Rangers,St. Johnstone,734,home,Rangers,62,0,501,825,5,7,47.0,1,0,1
1871767,2017-08-05 14:00:00,Kilmarnock vs St. Johnstone,St. Johnstone,734,away,Kilmarnock,180,2,501,7953,5,10,49.0,2,0,4
1871774,2017-08-12 14:00:00,St. Johnstone vs Motherwell,St. Johnstone,734,home,Motherwell,309,2,501,7953,5,7,47.0,4,0,1
1871780,2017-08-19 14:00:00,St. Johnstone vs Partick Thistle,St. Johnstone,734,home,Partick Thistle,339,2,501,7953,5,3,47.0,1,0,0
1871781,2017-08-26 14:00:00,Celtic vs St. Johnstone,St. Johnstone,734,away,Celtic,53,1,501,7953,5,1,29.0,1,0,3
1871792,2017-09-09 14:00:00,St. Johnstone vs Hibernian,St. Johnstone,734,home,Hibernian,66,1,501,7953,5,2,32.0,1,0,3
1871795,2017-09-16 14:00:00,Dundee vs St. Johnstone,St. Johnstone,734,away,Dundee,284,0,501,7953,5,6,55.0,2,0,3
1871804,2017-09-23 14:00:00,St. Johnstone vs Hamilton Academical,St. Johnstone,734,home,Hamilton Academical,338,2,501,7953,5,5,45.0,2,0,1
1871805,2017-09-30 14:00:00,Aberdeen vs St. Johnstone,St. Johnstone,734,away,Aberdeen,273,0,501,7953,5,1,40.0,0,0,1
1871816,2017-10-13 18:45:00,St. Johnstone vs Rangers,St. Johnstone,734,home,Rangers,62,0,501,7953,5,16,42.0,0,1,2
1871817,2017-10-21 14:00:00,Hearts vs St. Johnstone,St. Johnstone,734,away,Hearts,314,0,501,7953,5,3,53.0,0,0,3
1871828,2017-10-24 18:45:00,St. Johnstone vs Ross County,St. Johnstone,734,home,Ross County,246,1,501,7953,5,6,47.0,0,0,0
1871834,2017-10-28 14:00:00,Partick Thistle vs St. Johnstone,St. Johnstone,734,away,Partick Thistle,339,0,501,7953,5,4,49.0,0,0,1
1871840,2017-11-04 12:30:00,St. Johnstone vs Celtic,St. Johnstone,734,home,Celtic,53,0,501,7953,5,4,29.0,0,0,2
1871843,2017-11-18 15:00:00,Hibernian vs St. Johnstone,St. Johnstone,734,away,Hibernian,66,2,501,7953,5,6,40.0,2,0,4
1871858,2017-12-02 15:00:00,St. Johnstone vs Kilmarnock,St. Johnstone,734,home,Kilmarnock,180,0,501,7953,5,7,48.0,1,0,1
1871860,2017-12-09 15:00:00,Hamilton Academical vs St. Johnstone,St. Johnstone,734,away,Hamilton Academical,338,2,501,7953,5,4,42.0,1,0,2
1871870,2017-12-13 19:45:00,St. Johnstone vs Aberdeen,St. Johnstone,734,home,Aberdeen,273,0,501,7953,5,4,41.0,0,0,1
1871876,2017-12-16 15:00:00,Rangers vs St. Johnstone,St. Johnstone,734,away,Rangers,62,2,501,7953,5,0,35.0,3,0,4
1871882,2017-12-23 15:00:00,St. Johnstone vs Hearts,St. Johnstone,734,home,Hearts,314,1,501,7953,5,9,42.0,0,0,1
1871888,2017-12-27 19:45:00,Ross County vs St. Johnstone,St. Johnstone,734,away,Ross County,246,1,501,7953,5,5,46.0,1,0,2
1871894,2017-12-30 15:00:00,St. Johnstone vs Dundee,St. Johnstone,734,home,Dundee,284,0,501,7953,5,4,40.0,0,1,4
1871906,2018-01-27 15:00:00,St. Johnstone vs Partick Thistle,St. Johnstone,734,home,Partick Thistle,339,0,501,7953,5,5,50.0,1,0,1
1871915,2018-02-03 15:00:00,Hearts vs St. Johnstone,St. Johnstone,734,away,Hearts,314,0,501,7953,5,8,47.0,0,1,2
1871852,2018-02-06 19:45:00,Motherwell vs St. Johnstone,St. Johnstone,734,away,Motherwell,309,0,501,7953,5,3,46.0,0,0,1
1871919,2018-02-18 15:00:00,Celtic vs St. Johnstone,St. Johnstone,734,away,Celtic,53,1,501,7953,5,7,37.0,0,0,5
1871930,2018-02-24 15:00:00,St. Johnstone vs Ross County,St. Johnstone,734,home,Ross County,246,2,501,7953,5,6,52.0,2,0,3
1871936,2018-02-27 19:45:00,St. Johnstone vs Rangers,St. Johnstone,734,home,Rangers,62,0,501,7953,5,7,39.0,1,0,3
1871897,2018-03-07 19:45:00,Kilmarnock vs St. Johnstone,St. Johnstone,734,away,Kilmarnock,180,0,501,7953,5,3,41.0,0,1,2
1871937,2018-03-10 15:00:00,Dundee vs St. Johnstone,St. Johnstone,734,away,Dundee,284,2,501,7953,5,5,56.0,4,0,3
1871948,2018-03-16 19:45:00,St. Johnstone vs Hibernian,St. Johnstone,734,home,Hibernian,66,1,501,7953,5,5,57.0,1,0,5
1871912,2018-03-28 18:45:00,St. Johnstone vs Hamilton Academical,St. Johnstone,734,home,Hamilton Academical,338,2,501,7953,5,12,51.0,1,0,1
1871949,2018-03-31 14:00:00,Aberdeen vs St. Johnstone,St. Johnstone,734,away,Aberdeen,273,0,501,7953,5,4,50.0,1,0,2
1871960,2018-04-07 14:00:00,St. Johnstone vs Motherwell,St. Johnstone,734,home,Motherwell,309,1,501,7953,5,1,49.0,0,0,2
10320697,2018-04-21 14:00:00,Dundee vs St. Johnstone,St. Johnstone,734,away,Dundee,284,0,501,7953,5,8,53.0,1,0,4
10320705,2018-04-28 14:00:00,St. Johnstone vs Partick Thistle,St. Johnstone,734,home,Partick Thistle,339,1,501,7953,5,4,48.0,1,0,3
10320711,2018-05-05 14:00:00,Motherwell vs St. Johnstone,St. Johnstone,734,away,Motherwell,309,2,501,7953,5,1,49.0,5,0,1
10320714,2018-05-08 18:45:00,Hamilton Academical vs St. Johnstone,St. Johnstone,734,away,Hamilton Academical,338,2,501,7953,5,4,51.0,2,0,2
10320721,2018-05-12 14:00:00,St. Johnstone vs Ross County,St. Johnstone,734,home,Ross County,246,1,501,7953,5,4,53.0,1,0,2
10333189,2018-08-04 14:00:00,Kilmarnock vs St. Johnstone,St. Johnstone,734,away,Kilmarnock,180,0,501,12963,5,1,46.0,0,0,3
10333194,2018-08-12 14:00:00,St. Johnstone vs Hibernian,St. Johnstone,734,home,Hibernian,66,1,501,12963,5,10,43.0,1,0,1
10333199,2018-08-25 14:00:00,St. Johnstone vs Dundee,St. Johnstone,734,home,Dundee,284,2,501,12963,5,8,45.0,1,0,0
10333207,2018-09-01 14:00:00,Hamilton Academical vs St. Johnstone,St. Johnstone,734,away,Hamilton Academical,338,2,501,12963,5,2,47.0,2,0,1
10333215,2018-09-15 14:00:00,St. Johnstone vs Aberdeen,St. Johnstone,734,home,Aberdeen,273,1,501,12963,5,4,71.0,1,0,3
10333218,2018-09-23 14:00:00,Rangers vs St. Johnstone,St. Johnstone,734,away,Rangers,62,0,501,12963,5,4,36.0,1,0,3
10333227,2018-09-29 14:00:00,Hearts vs St. Johnstone,St. Johnstone,734,away,Hearts,314,0,501,12963,5,2,45.0,1,0,0
10333229,2018-10-07 14:30:00,St. Johnstone vs Celtic,St. Johnstone,734,home,Celtic,53,0,501,12963,5,3,34.0,0,1,2
10333237,2018-10-20 14:00:00,Motherwell vs St. Johnstone,St. Johnstone,734,away,Motherwell,309,2,501,12963,5,8,49.0,1,0,0
10333244,2018-10-27 14:00:00,St. Johnstone vs St. Mirren,St. Johnstone,734,home,St. Mirren,496,2,501,12963,5,9,57.0,2,0,2
10333249,2018-10-31 19:45:00,Livingston vs St. Johnstone,St. Johnstone,734,away,Livingston,258,2,501,12963,5,2,53.0,1,0,2
10333257,2018-11-03 15:00:00,Hibernian vs St. Johnstone,St. Johnstone,734,away,Hibernian,66,2,501,12963,5,5,49.0,1,0,0
10333261,2018-11-10 15:00:00,St. Johnstone vs Hamilton Academical,St. Johnstone,734,home,Hamilton Academical,338,2,501,12963,5,2,48.0,4,0,1
10333269,2018-11-24 15:00:00,St. Johnstone vs Kilmarnock,St. Johnstone,734,home,Kilmarnock,180,1,501,12963,5,3,45.0,0,0,0
10333282,2018-12-05 19:45:00,St. Johnstone vs Hearts,St. Johnstone,734,home,Hearts,314,1,501,12963,5,4,49.0,2,0,3
10333283,2018-12-08 15:00:00,Aberdeen vs St. Johnstone,St. Johnstone,734,away,Aberdeen,273,2,501,12963,5,4,39.0,2,0,3
10333293,2018-12-15 15:00:00,St. Johnstone vs Motherwell,St. Johnstone,734,home,Motherwell,309,0,501,12963,5,11,,1,0,1
10333296,2018-12-23 12:15:00,St. Johnstone vs Rangers,St. Johnstone,734,home,Rangers,62,0,501,12963,5,3,38.0,1,0,3
10333301,2018-12-26 14:00:00,St. Mirren vs St. Johnstone,St. Johnstone,734,away,St. Mirren,496,2,501,12963,5,6,53.0,1,0,1
10333310,2018-12-29 15:00:00,Dundee vs St. Johnstone,St. Johnstone,734,away,Dundee,284,2,501,12963,5,6,53.0,2,0,1
10333317,2019-01-23 19:45:00,St. Johnstone vs Livingston,St. Johnstone,734,home,Livingston,258,2,501,12963,5,2,50.0,1,0,3
10333320,2019-01-26 15:00:00,Hearts vs St. Johnstone,St. Johnstone,734,away,Hearts,314,0,501,12963,5,3,43.0,0,0,3
10333275,2019-01-30 19:45:00,Celtic vs St. Johnstone,St. Johnstone,734,away,Celtic,53,0,501,12963,5,2,30.0,0,0,1
10333330,2019-02-03 12:30:00,St. Johnstone vs Celtic,St. Johnstone,734,home,Celtic,53,0,501,12963,5,3,35.0,0,0,2
10333333,2019-02-06 19:45:00,Hamilton Academical vs St. Johnstone,St. Johnstone,734,away,Hamilton Academical,338,0,501,12963,5,4,57.0,1,0,1
10333338,2019-02-16 15:00:00,Rangers vs St. Johnstone,St. Johnstone,734,away,Rangers,62,1,501,12963,5,5,40.0,0,0,0
10333344,2019-02-23 15:00:00,St. Johnstone vs Aberdeen,St. Johnstone,734,home,Aberdeen,273,0,501,12963,5,12,47.0,0,0,3
10333350,2019-02-27 19:45:00,St. Johnstone vs Hibernian,St. Johnstone,734,home,Hibernian,66,0,501,12963,5,11,48.0,1,0,0
10333358,2019-03-09 15:00:00,Livingston vs St. Johnstone,St. Johnstone,734,away,Livingston,258,0,501,12963,5,5,59.0,1,0,1
10333361,2019-03-27 19:45:00,St. Johnstone vs St. Mirren,St. Johnstone,734,home,St. Mirren,496,2,501,12963,5,7,50.0,1,0,0
10333368,2019-03-30 15:00:00,Motherwell vs St. Johnstone,St. Johnstone,734,away,Motherwell,309,0,501,12963,5,6,46.0,0,0,1
10333373,2019-04-03 18:45:00,St. Johnstone vs Dundee,St. Johnstone,734,home,Dundee,284,2,501,12963,5,6,43.0,2,0,1
10333383,2019-04-06 14:00:00,Kilmarnock vs St. Johnstone,St. Johnstone,734,away,Kilmarnock,180,0,501,12963,5,2,44.0,0,1,5
11853612,2019-04-20 14:00:00,St. Johnstone vs Dundee,St. Johnstone,734,home,Dundee,284,2,501,12963,5,4,51.0,2,0,1
11853615,2019-04-27 14:00:00,St. Mirren vs St. Johnstone,St. Johnstone,734,away,St. Mirren,496,1,501,12963,5,3,47.0,1,0,3
11853618,2019-05-04 14:00:00,St. Johnstone vs Livingston,St. Johnstone,734,home,Livingston,258,1,501,12963,5,6,46.0,1,0,0
11853620,2019-05-11 14:00:00,St. Johnstone vs Motherwell,St. Johnstone,734,home,Motherwell,309,2,501,12963,5,3,41.0,2,0,2
11853623,2019-05-18 11:30:00,Hamilton Academical vs St. Johnstone,St. Johnstone,734,away,Hamilton Academical,338,0,501,12963,5,3,58.0,0,0,1
11879545,2019-08-03 14:00:00,Celtic vs St. Johnstone,St. Johnstone,734,away,Celtic,53,0,501,16222,5,0,22.0,0,0,3
11879554,2019-08-10 13:00:00,St. Johnstone vs Livingston,St. Johnstone,734,home,Livingston,258,1,501,16222,5,2,,2,0,1
11879558,2019-08-24 14:00:00,Hibernian vs St. Johnstone,St. Johnstone,734,away,Hibernian,66,1,501,16222,5,5,,2,0,2
11879567,2019-08-31 14:00:00,St. Johnstone vs Kilmarnock,St. Johnstone,734,home,Kilmarnock,180,0,501,16222,5,5,,0,0,0
11879568,2019-09-14 14:00:00,Aberdeen vs St. Johnstone,St. Johnstone,734,away,Aberdeen,273,1,501,16222,5,4,,1,0,2
11879578,2019-09-22 11:15:00,St. Johnstone vs Rangers,St. Johnstone,734,home,Rangers,62,0,501,16222,5,2,30.0,0,0,1
11879584,2019-09-28 14:00:00,St. Johnstone vs Motherwell,St. Johnstone,734,home,Motherwell,309,0,501,16222,5,6,,0,0,1
11879591,2019-10-05 14:00:00,Ross County vs St. Johnstone,St. Johnstone,734,away,Ross County,246,1,501,16222,5,12,53.0,2,0,3
11879597,2019-10-19 14:00:00,St. Mirren vs St. Johnstone,St. Johnstone,734,away,St. Mirren,496,0,501,16222,5,1,49.0,0,0,3
11879603,2019-10-26 14:00:00,St. Johnstone vs Hamilton Academical,St. Johnstone,734,home,Hamilton Academical,338,2,501,16222,5,10,55.0,3,0,0
11879609,2019-10-30 19:45:00,St. Johnstone vs Hearts,St. Johnstone,734,home,Hearts,314,2,501,16222,5,4,41.0,1,0,1
11879621,2019-11-09 15:00:00,St. Johnstone vs Hibernian,St. Johnstone,734,home,Hibernian,66,0,501,16222,5,4,48.0,1,0,1
11879626,2019-11-24 15:00:00,St. Johnstone vs Aberdeen,St. Johnstone,734,home,Aberdeen,273,1,501,16222,5,3,47.0,1,2,3
11879631,2019-11-30 15:00:00,Motherwell vs St. Johnstone,St. Johnstone,734,away,Motherwell,309,0,501,16222,5,4,58.0,0,0,1
11879637,2019-12-04 19:45:00,Kilmarnock vs St. Johnstone,St. Johnstone,734,away,Kilmarnock,180,1,501,16222,5,7,45.0,0,0,1
11879648,2019-12-14 15:00:00,Hearts vs St. Johnstone,St. Johnstone,734,away,Hearts,314,2,501,16222,5,7,32.0,1,0,2
11879657,2019-12-21 15:00:00,St. Johnstone vs St. Mirren,St. Johnstone,734,home,St. Mirren,496,1,501,16222,5,6,48.0,0,0,3
11879659,2019-12-26 15:00:00,Hamilton Academical vs St. Johnstone,St. Johnstone,734,away,Hamilton Academical,338,2,501,16222,5,4,46.0,1,0,2
11879668,2019-12-29 15:00:00,St. Johnstone vs Ross County,St. Johnstone,734,home,Ross County,246,1,501,16222,5,7,57.0,1,0,2
11879673,2020-01-22 19:45:00,Livingston vs St. Johnstone,St. Johnstone,734,away,Livingston,258,0,501,16222,5,6,44.0,0,0,1
11879680,2020-01-25 15:00:00,St. Johnstone vs Kilmarnock,St. Johnstone,734,home,Kilmarnock,180,2,501,16222,5,6,53.0,2,0,2
11879645,2020-01-29 19:45:00,St. Johnstone vs Celtic,St. Johnstone,734,home,Celtic,53,0,501,16222,5,6,27.0,0,0,2
11879687,2020-02-01 15:00:00,St. Johnstone vs Hearts,St. Johnstone,734,home,Hearts,314,1,501,16222,5,8,38.0,3,0,2
11879688,2020-02-05 19:45:00,Aberdeen vs St. Johnstone,St. Johnstone,734,away,Aberdeen,273,2,501,16222,5,2,35.0,1,0,2
11879699,2020-02-12 19:45:00,St. Johnstone vs Motherwell,St. Johnstone,734,home,Motherwell,309,2,501,16222,5,4,49.0,2,0,0
11879705,2020-02-15 15:00:00,Ross County vs St. Johnstone,St. Johnstone,734,away,Ross County,246,1,501,16222,5,3,51.0,1,0,1
11879710,2020-02-23 13:30:00,St. Johnstone vs Rangers,St. Johnstone,734,home,Rangers,62,1,501,16222,5,5,29.0,2,0,1
11879717,2020-03-04 19:45:00,St. Mirren vs St. Johnstone,St. Johnstone,734,away,St. Mirren,496,1,501,16222,5,5,46.0,0,1,3
11879723,2020-03-07 15:00:00,St. Johnstone vs Livingston,St. Johnstone,734,home,Livingston,258,2,501,16222,5,5,57.0,1,0,1
16475284,2020-08-01 14:00:00,Dundee United vs St. Johnstone,St. Johnstone,734,away,Dundee United,282,1,501,17141,5,3,39.0,1,1,4
16475300,2020-08-12 18:45:00,Rangers vs St. Johnstone,St. Johnstone,734,away,Rangers,62,0,501,17141,5,2,25.0,0,0,2
16475304,2020-08-15 14:00:00,Kilmarnock vs St. Johnstone,St. Johnstone,734,away,Kilmarnock,180,2,501,17141,5,1,55.0,2,0,2
16475289,2020-08-20 18:30:00,St. Johnstone vs Aberdeen,St. Johnstone,734,home,Aberdeen,273,0,501,17141,5,5,45.0,0,0,2
16475312,2020-08-23 15:30:00,St. Johnstone vs Hibernian,St. Johnstone,734,home,Hibernian,66,0,501,17141,5,5,46.0,0,1,4
16475314,2020-08-29 14:00:00,St. Johnstone vs St. Mirren,St. Johnstone,734,home,St. Mirren,496,2,501,17141,5,11,48.0,1,0,0
16475321,2020-09-12 14:00:00,Motherwell vs St. Johnstone,St. Johnstone,734,away,Motherwell,309,0,501,17141,5,3,59.0,0,0,0
16475330,2020-09-19 14:00:00,St. Johnstone vs Ross County,St. Johnstone,734,home,Ross County,246,0,501,17141,5,9,54.0,0,0,2
16475333,2020-09-26 14:00:00,Livingston vs St. Johnstone,St. Johnstone,734,away,Livingston,258,0,501,17141,5,7,50.0,0,0,0
16475342,2020-10-04 11:00:00,St. Johnstone vs Celtic,St. Johnstone,734,home,Celtic,53,0,501,17141,5,1,31.0,0,0,3
16475345,2020-10-17 14:00:00,Hamilton Academical vs St. Johnstone,St. Johnstone,734,away,Hamilton Academical,338,2,501,17141,5,7,49.0,5,0,0
16475353,2020-10-24 14:00:00,St. Johnstone vs Dundee United,St. Johnstone,734,home,Dundee United,282,1,501,17141,5,5,56.0,0,0,1
16475365,2020-11-06 19:45:00,St. Johnstone vs Kilmarnock,St. Johnstone,734,home,Kilmarnock,180,2,501,17141,5,4,49.0,1,0,2
16475372,2020-11-21 15:00:00,St. Johnstone vs Motherwell,St. Johnstone,734,home,Motherwell,309,1,501,17141,5,4,53.0,1,0,3
16475358,2020-11-24 19:00:00,Hibernian vs St. Johnstone,St. Johnstone,734,away,Hibernian,66,1,501,17141,5,4,36.0,2,0,0
16475374,2020-12-06 15:00:00,Celtic vs St. Johnstone,St. Johnstone,734,away,Celtic,53,1,501,17141,5,1,32.0,1,0,5
16475384,2020-12-12 15:00:00,St. Johnstone vs Livingston,St. Johnstone,734,home,Livingston,258,0,501,17141,5,4,63.0,1,0,2
16475390,2020-12-19 15:00:00,St. Mirren vs St. Johnstone,St. Johnstone,734,away,St. Mirren,496,0,501,17141,5,3,33.0,2,1,2
16475396,2020-12-23 18:00:00,St. Johnstone vs Rangers,St. Johnstone,734,home,Rangers,62,0,501,17141,5,2,36.0,0,1,3
16475398,2020-12-26 15:00:00,Aberdeen vs St. Johnstone,St. Johnstone,734,away,Aberdeen,273,0,501,17141,5,4,46.0,1,1,4
16475407,2020-12-30 15:00:00,St. Johnstone vs Hamilton Academical,St. Johnstone,734,home,Hamilton Academical,338,1,501,17141,5,6,52.0,2,0,3
16475414,2021-01-02 15:00:00,Ross County vs St. Johnstone,St. Johnstone,734,away,Ross County,246,1,501,17141,5,9,43.0,0,1,2
16475417,2021-01-12 18:30:00,Dundee United vs St. Johnstone,St. Johnstone,734,away,Dundee United,282,1,501,17141,5,5,50.0,2,0,2
16475426,2021-01-16 15:00:00,St. Johnstone vs St. Mirren,St. Johnstone,734,home,St. Mirren,496,2,501,17141,5,4,47.0,1,0,2
16475438,2021-01-27 18:00:00,St. Johnstone vs Aberdeen,St. Johnstone,734,home,Aberdeen,273,1,501,17141,5,2,42.0,0,0,1
16475429,2021-01-30 15:00:00,Kilmarnock vs St. Johnstone,St. Johnstone,734,away,Kilmarnock,180,2,501,17141,5,12,58.0,3,0,1
16475443,2021-02-03 19:45:00,Rangers vs St. Johnstone,St. Johnstone,734,away,Rangers,62,0,501,17141,5,2,34.0,0,0,1
16475448,2021-02-06 15:00:00,Livingston vs St. Johnstone,St. Johnstone,734,away,Livingston,258,2,501,17141,5,7,40.0,2,0,1
16475456,2021-02-14 12:00:00,St. Johnstone vs Celtic,St. Johnstone,734,home,Celtic,53,0,501,17141,5,3,37.0,1,0,0
16475477,2021-02-20 15:00:00,Motherwell vs St. Johnstone,St. Johnstone,734,away,Motherwell,309,2,501,17141,5,7,51.0,3,0,0
16475457,2021-03-03 18:00:00,Hamilton Academical vs St. Johnstone,St. Johnstone,734,away,Hamilton Academical,338,1,501,17141,5,8,57.0,1,0,3
16475468,2021-03-06 15:00:00,St. Johnstone vs Hibernian,St. Johnstone,734,home,Hibernian,66,2,501,17141,5,0,38.0,1,0,1
16475474,2021-03-20 15:00:00,St. Johnstone vs Ross County,St. Johnstone,734,home,Ross County,246,2,501,17141,5,13,56.0,1,0,0
17947850,2021-04-10 14:00:00,St. Johnstone vs Aberdeen,St. Johnstone,734,home,Aberdeen,273,0,501,17141,5,7,44.0,0,0,1
17947854,2021-04-21 18:00:00,St. Johnstone vs Rangers,St. Johnstone,734,home,Rangers,62,1,501,17141,5,4,33.0,1,0,3
17947855,2021-05-01 14:00:00,Hibernian vs St. Johnstone,St. Johnstone,734,away,Hibernian,66,2,501,17141,5,2,41.0,1,0,2
17947859,2021-05-12 17:30:00,Celtic vs St. Johnstone,St. Johnstone,734,away,Celtic,53,0,501,17141,5,1,29.0,0,0,0
17947863,2021-05-15 11:30:00,St. Johnstone vs Livingston,St. Johnstone,734,home,Livingston,258,1,501,17141,5,4,40.0,0,0,1
18136884,2021-07-31 14:00:00,Ross County vs St. Johnstone,St. Johnstone,734,away,Ross County,246,1,501,18369,5,4,55.0,0,0,1
18136893,2021-08-08 14:00:00,St. Johnstone vs Motherwell,St. Johnstone,734,home,Motherwell,309,1,501,18369,5,8,50.0,1,0,2
18136899,2021-08-22 14:00:00,St. Johnstone vs Dundee United,St. Johnstone,734,home,Dundee United,282,0,501,18369,5,7,51.0,0,0,1
18136905,2021-08-29 14:00:00,St. Mirren vs St. Johnstone,St. Johnstone,734,away,St. Mirren,496,1,501,18369,5,4,49.0,0,0,3
18136910,2021-09-11 11:30:00,St. Johnstone vs Rangers,St. Johnstone,734,home,Rangers,62,0,501,18369,5,6,34.0,1,0,3
18136912,2021-09-18 14:00:00,Aberdeen vs St. Johnstone,St. Johnstone,734,away,Aberdeen,273,2,501,18369,5,3,34.0,1,0,3
18136921,2021-09-26 14:00:00,Hibernian vs St. Johnstone,St. Johnstone,734,away,Hibernian,66,0,501,18369,5,5,40.0,0,1,4
18136929,2021-10-02 14:00:00,St. Johnstone vs Dundee,St. Johnstone,734,home,Dundee,284,2,501,18369,5,3,46.0,3,0,3
18136935,2021-10-16 14:00:00,St. Johnstone vs Livingston,St. Johnstone,734,home,Livingston,258,0,501,18369,5,12,65.0,0,0,2
18136937,2021-10-23 14:00:00,Celtic vs St. Johnstone,St. Johnstone,734,away,Celtic,53,0,501,18369,5,3,21.0,0,0,5
18136947,2021-10-27 18:45:00,St. Johnstone vs Hearts,St. Johnstone,734,home,Hearts,314,1,501,18369,5,6,27.0,1,0,4
18136950,2021-10-30 14:00:00,Dundee United vs St. Johnstone,St. Johnstone,734,away,Dundee United,282,2,501,18369,5,3,37.0,1,0,1
18136959,2021-11-06 15:00:00,St. Johnstone vs St. Mirren,St. Johnstone,734,home,St. Mirren,496,1,501,18369,5,1,44.0,0,1,5
18136971,2021-11-27 15:00:00,St. Johnstone vs Hibernian,St. Johnstone,734,home,Hibernian,66,0,501,18369,5,1,38.0,1,1,4
18136974,2021-12-01 19:45:00,Dundee vs St. Johnstone,St. Johnstone,734,away,Dundee,284,0,501,18369,5,5,53.0,0,0,1
18136988,2021-12-11 15:00:00,St. Johnstone vs Aberdeen,St. Johnstone,734,home,Aberdeen,273,0,501,18369,5,4,38.0,0,0,3
18136963,2021-12-15 19:45:00,Rangers vs St. Johnstone,St. Johnstone,734,away,Rangers,62,0,501,18369,5,3,33.0,0,0,3
18136993,2021-12-18 15:00:00,Motherwell vs St. Johnstone,St. Johnstone,734,away,Motherwell,309,0,501,18369,5,4,58.0,0,0,0
18136983,2021-12-22 19:45:00,St. Johnstone vs Ross County,St. Johnstone,734,home,Ross County,246,0,501,18369,5,4,54.0,1,0,3
18137001,2021-12-26 12:30:00,St. Johnstone vs Celtic,St. Johnstone,734,home,Celtic,53,0,501,18369,5,3,28.0,1,0,2
18137005,2022-01-18 19:45:00,Hearts vs St. Johnstone,St. Johnstone,734,away,Hearts,314,0,501,18369,5,2,45.0,0,0,3
18137018,2022-01-26 19:45:00,St. Johnstone vs Dundee,St. Johnstone,734,home,Dundee,284,1,501,18369,5,8,53.0,0,0,1
18137011,2022-02-01 19:45:00,Livingston vs St. Johnstone,St. Johnstone,734,away,Livingston,258,2,501,18369,5,6,41.0,2,0,2
18137031,2022-02-05 15:00:00,St. Johnstone vs Dundee United,St. Johnstone,734,home,Dundee United,282,1,501,18369,5,7,38.0,0,1,3
18137037,2022-02-09 19:45:00,St. Mirren vs St. Johnstone,St. Johnstone,734,away,St. Mirren,496,0,501,18369,5,5,44.0,1,0,3
18137020,2022-02-15 19:45:00,Aberdeen vs St. Johnstone,St. Johnstone,734,away,Aberdeen,273,1,501,18369,5,4,33.0,1,0,2
18137043,2022-02-19 15:00:00,St. Johnstone vs Hearts,St. Johnstone,734,home,Hearts,314,2,501,18369,5,6,35.0,2,0,2
18137048,2022-02-26 15:00:00,Ross County vs St. Johnstone,St. Johnstone,734,away,Ross County,246,0,501,18369,5,8,47.0,1,0,2
18137055,2022-03-02 19:45:00,St. Johnstone vs Rangers,St. Johnstone,734,home,Rangers,62,0,501,18369,5,2,44.0,0,0,1
18137057,2022-03-05 15:00:00,Hibernian vs St. Johnstone,St. Johnstone,734,away,Hibernian,66,1,501,18369,5,3,40.0,0,0,3
18137066,2022-03-19 15:00:00,St. Johnstone vs Motherwell,St. Johnstone,734,home,Motherwell,309,2,501,18369,5,3,53.0,2,0,3
18137073,2022-04-02 14:00:00,St. Johnstone vs Livingston,St. Johnstone,734,home,Livingston,258,2,501,18369,5,1,36.0,1,0,2
18137075,2022-04-09 14:00:00,Celtic vs St. Johnstone,St. Johnstone,734,away,Celtic,53,0,501,18369,5,2,19.0,0,0,0
18518011,2022-04-23 14:00:00,Dundee vs St. Johnstone,St. Johnstone,734,away,Dundee,284,1,501,18369,5,7,55.0,1,0,2
18518015,2022-04-30 14:00:00,St. Johnstone vs St. Mirren,St. Johnstone,734,home,St. Mirren,496,0,501,18369,5,6,60.0,0,0,1
18518017,2022-05-07 14:00:00,Livingston vs St. Johnstone,St. Johnstone,734,away,Livingston,258,1,501,18369,5,2,48.0,1,0,2
18518020,2022-05-11 18:45:00,St. Johnstone vs Aberdeen,St. Johnstone,734,home,Aberdeen,273,2,501,18369,5,6,31.0,1,0,5
18518023,2022-05-15 11:00:00,Hibernian vs St. Johnstone,St. Johnstone,734,away,Hibernian,66,0,501,18369,5,6,54.0,0,0,2
18535490,2022-07-30 14:00:00,St. Johnstone vs Hibernian,St. Johnstone,734,home,Hibernian,66,0,501,19735,5,3,32.0,0,1,2
18535496,2022-08-06 14:00:00,Motherwell vs St. Johnstone,St. Johnstone,734,away,Motherwell,309,2,501,19735,5,6,56.0,2,0,3
18535503,2022-08-13 14:00:00,Rangers vs St. Johnstone,St. Johnstone,734,away,Rangers,62,0,501,19735,5,1,29.0,0,0,2
18535510,2022-08-20 14:00:00,St. Johnstone vs Aberdeen,St. Johnstone,734,home,Aberdeen,273,0,501,19735,5,5,45.0,0,0,5
18535513,2022-08-28 14:00:00,Hearts vs St. Johnstone,St. Johnstone,734,away,Hearts,314,0,501,19735,5,4,40.0,2,0,4
18535522,2022-09-03 14:00:00,St. Johnstone vs St. Mirren,St. Johnstone,734,home,St. Mirren,496,2,501,19735,5,1,45.0,3,0,2
18535533,2022-09-17 14:00:00,St. Johnstone vs Ross County,St. Johnstone,734,home,Ross County,246,1,501,19735,5,5,48.0,0,0,3
18535537,2022-10-01 14:00:00,Dundee United vs St. Johnstone,St. Johnstone,734,away,Dundee United,282,2,501,19735,5,0,43.0,2,0,3
18535527,2022-10-05 18:45:00,Kilmarnock vs St. Johnstone,St. Johnstone,734,away,Kilmarnock,180,0,501,19735,5,5,59.0,1,0,3
18535546,2022-10-08 11:30:00,St. Johnstone vs Celtic,St. Johnstone,734,home,Celtic,53,0,501,19735,5,2,25.0,1,0,3
18535549,2022-10-15 14:00:00,Livingston vs St. Johnstone,St. Johnstone,734,away,Livingston,258,0,501,19735,5,2,48.0,0,0,3
18535554,2022-10-21 18:30:00,Hibernian vs St. Johnstone,St. Johnstone,734,away,Hibernian,66,2,501,19735,5,1,42.0,2,0,1
18535564,2022-10-29 14:00:00,St. Johnstone vs Kilmarnock,St. Johnstone,734,home,Kilmarnock,180,2,501,19735,5,3,37.0,1,0,5
18535570,2022-11-06 12:00:00,St. Johnstone vs Rangers,St. Johnstone,734,home,Rangers,62,2,501,19735,5,0,32.0,2,0,2
18535576,2022-11-09 19:45:00,St. Mirren vs St. Johnstone,St. Johnstone,734,away,St. Mirren,496,1,501,19735,5,3,56.0,2,1,3
18535581,2022-11-12 15:00:00,St. Johnstone vs Motherwell,St. Johnstone,734,home,Motherwell,309,1,501,19735,5,8,50.0,1,0,1
18535588,2022-12-17 15:00:00,Ross County vs St. Johnstone,St. Johnstone,734,away,Ross County,246,2,501,19735,5,6,62.0,2,0,1
18535589,2022-12-24 12:30:00,Celtic vs St. Johnstone,St. Johnstone,734,away,Celtic,53,0,501,19735,5,1,24.0,1,0,1
18535600,2022-12-28 19:45:00,St. Johnstone vs Hearts,St. Johnstone,734,home,Hearts,314,0,501,19735,5,4,36.0,2,0,4
18535606,2023-01-02 15:00:00,St. Johnstone vs Dundee United,St. Johnstone,734,home,Dundee United,282,0,501,19735,5,3,41.0,0,0,3
18537945,2023-01-07 15:00:00,Aberdeen vs St. Johnstone,St. Johnstone,734,away,Aberdeen,273,0,501,19735,5,2,42.0,0,0,3
18537956,2023-01-14 15:00:00,St. Johnstone vs Livingston,St. Johnstone,734,home,Livingston,258,0,501,19735,5,5,54.0,2,0,1
18537960,2023-01-28 15:00:00,Rangers vs St. Johnstone,St. Johnstone,734,away,Rangers,62,0,501,19735,5,3,31.0,0,1,3
18537967,2023-02-01 19:45:00,Motherwell vs St. Johnstone,St. Johnstone,734,away,Motherwell,309,2,501,19735,5,3,42.0,2,0,1
18537973,2023-02-05 12:00:00,St. Johnstone vs Celtic,St. Johnstone,734,home,Celtic,53,0,501,19735,5,3,29.0,1,1,2
18537976,2023-02-18 15:00:00,Dundee United vs St. Johnstone,St. Johnstone,734,away,Dundee United,282,2,501,19735,5,6,34.0,2,0,2
18537986,2023-02-25 15:00:00,St. Johnstone vs St. Mirren,St. Johnstone,734,home,St. Mirren,496,1,501,19735,5,5,48.0,1,1,1
18537988,2023-03-04 15:00:00,Hearts vs St. Johnstone,St. Johnstone,734,away,Hearts,314,0,501,19735,5,7,42.0,0,0,0
18537996,2023-03-18 15:00:00,Kilmarnock vs St. Johnstone,St. Johnstone,734,away,Kilmarnock,180,1,501,19735,5,5,51.0,1,0,5
18538003,2023-04-01 14:00:00,St. Johnstone vs Aberdeen,St. Johnstone,734,home,Aberdeen,273,0,501,19735,5,7,34.0,0,1,3
18538010,2023-04-08 14:00:00,St. Johnstone vs Ross County,St. Johnstone,734,home,Ross County,246,0,501,19735,5,7,55.0,0,0,2
18538013,2023-04-15 14:00:00,Livingston vs St. Johnstone,St. Johnstone,734,away,Livingston,258,0,501,19735,5,3,53.0,0,0,1
18538021,2023-04-22 14:00:00,St. Johnstone vs Hibernian,St. Johnstone,734,home,Hibernian,66,1,501,19735,5,8,54.0,1,0,2
18825708,2023-05-06 14:00:00,St. Johnstone vs Dundee United,St. Johnstone,734,home,Dundee United,282,2,501,19735,5,9,50.0,1,0,2
18825760,2023-05-13 14:00:00,St. Johnstone vs Motherwell,St. Johnstone,734,home,Motherwell,309,0,501,19735,5,6,54.0,0,0,0
18825761,2023-05-20 14:00:00,Kilmarnock vs St. Johnstone,St. Johnstone,734,away,Kilmarnock,180,2,501,19735,5,8,46.0,1,0,3
18825766,2023-05-24 18:45:00,Ross County vs St. Johnstone,St. Johnstone,734,away,Ross County,246,1,501,19735,5,4,47.0,3,0,0
18825769,2023-05-28 14:00:00,St. Johnstone vs Livingston,St. Johnstone,734,home,Livingston,258,2,501,19735,5,4,40.0,2,0,0
18861940,2023-08-05 14:00:00,St. Johnstone vs Hearts,St. Johnstone,734,home,Hearts,314,0,501,21787,5,6,32.0,0,0,2
18861947,2023-08-12 14:00:00,Ross County vs St. Johnstone,St. Johnstone,734,away,Ross County,246,0,501,21787,5,7,56.0,0,0,2
18861949,2023-08-26 14:00:00,Celtic vs St. Johnstone,St. Johnstone,734,away,Celtic,53,1,501,21787,5,1,25.0,0,0,3
18861959,2023-09-02 14:00:00,St. Johnstone vs Dundee,St. Johnstone,734,home,Dundee,284,1,501,21787,5,4,62.0,2,0,3
18861966,2023-09-16 11:30:00,St. Johnstone vs Rangers,St. Johnstone,734,home,Rangers,62,0,501,21787,5,3,30.0,0,0,5
18861969,2023-09-23 14:00:00,Hibernian vs St. Johnstone,St. Johnstone,734,away,Hibernian,66,0,501,21787,5,4,46.0,0,0,3
18861978,2023-09-30 14:00:00,St. Johnstone vs Livingston,St. Johnstone,734,home,Livingston,258,1,501,21787,5,5,45.0,1,1,2
18861979,2023-10-08 14:00:00,Aberdeen vs St. Johnstone,St. Johnstone,734,away,Aberdeen,273,1,501,21787,5,3,44.0,0,0,2
18861996,2023-10-28 14:00:00,St. Mirren vs St. Johnstone,St. Johnstone,734,away,St. Mirren,496,0,501,21787,5,7,54.0,0,0,0
18862858,2023-11-01 19:45:00,St. Johnstone vs Kilmarnock,St. Johnstone,734,home,Kilmarnock,180,2,501,21787,5,5,37.0,2,1,2
18861990,2023-11-07 19:45:00,St. Johnstone vs Motherwell,St. Johnstone,734,home,Motherwell,309,1,501,21787,5,6,48.0,2,0,1
18862008,2023-11-11 15:00:00,St. Johnstone vs Ross County,St. Johnstone,734,home,Ross County,246,2,501,21787,5,3,44.0,1,0,4
18862012,2023-11-25 15:00:00,Hearts vs St. Johnstone,St. Johnstone,734,away,Hearts,314,0,501,21787,5,5,39.0,0,0,2
18862020,2023-12-03 12:00:00,St. Johnstone vs Celtic,St. Johnstone,734,home,Celtic,53,0,501,21787,5,2,30.0,1,0,2
18862864,2023-12-06 19:45:00,St. Johnstone vs St. Mirren,St. Johnstone,734,home,St. Mirren,496,2,501,21787,5,0,56.0,1,0,2
18862024,2023-12-09 15:00:00,Motherwell vs St. Johnstone,St. Johnstone,734,away,Motherwell,309,1,501,21787,5,2,43.0,1,0,0
18862050,2023-12-16 15:00:00,St. Johnstone vs Hibernian,St. Johnstone,734,home,Hibernian,66,2,501,21787,5,5,39.0,1,0,2
18862000,2023-12-20 19:45:00,Rangers vs St. Johnstone,St. Johnstone,734,away,Rangers,62,0,501,21787,5,2,29.0,0,1,2
18862036,2023-12-23 15:00:00,Kilmarnock vs St. Johnstone,St. Johnstone,734,away,Kilmarnock,180,0,501,21787,5,1,54.0,1,0,1
18862041,2023-12-27 19:45:00,Livingston vs St. Johnstone,St. Johnstone,734,away,Livingston,258,1,501,21787,5,3,50.0,0,0,2
18862031,2024-01-24 19:45:00,St. Johnstone vs Aberdeen,St. Johnstone,734,home,Aberdeen,273,1,501,21787,5,1,45.0,1,0,4
18862061,2024-01-27 15:00:00,St. Johnstone vs Motherwell,St. Johnstone,734,home,Motherwell,309,1,501,21787,5,0,42.0,1,0,2
18862068,2024-02-03 15:00:00,Ross County vs St. Johnstone,St. Johnstone,734,away,Ross County,246,2,501,21787,5,4,37.0,1,0,1
18862073,2024-02-07 19:45:00,St. Johnstone vs Hearts,St. Johnstone,734,home,Hearts,314,0,501,21787,5,2,48.0,0,0,4
18862051,2024-02-11 14:00:00,Dundee vs St. Johnstone,St. Johnstone,734,away,Dundee,284,0,501,21787,5,7,41.0,1,0,3
18862080,2024-02-18 12:00:00,St. Johnstone vs Rangers,St. Johnstone,734,home,Rangers,62,0,501,21787,5,3,39.0,0,0,3
18862086,2024-02-24 15:00:00,St. Mirren vs St. Johnstone,St. Johnstone,734,away,St. Mirren,496,0,501,21787,5,6,55.0,0,0,2
18862087,2024-02-28 19:45:00,Aberdeen vs St. Johnstone,St. Johnstone,734,away,Aberdeen,273,2,501,21787,5,7,46.0,2,0,4
18862097,2024-03-02 15:00:00,St. Johnstone vs Livingston,St. Johnstone,734,home,Livingston,258,1,501,21787,5,2,60.0,1,0,2
18862099,2024-03-16 15:00:00,Celtic vs St. Johnstone,St. Johnstone,734,away,Celtic,53,0,501,21787,5,2,26.0,1,0,3
18862110,2024-03-30 15:00:00,St. Johnstone vs Dundee,St. Johnstone,734,home,Dundee,284,0,501,21787,5,11,53.0,1,0,5
18862112,2024-04-06 14:00:00,Hibernian vs St. Johnstone,St. Johnstone,734,away,Hibernian,66,2,501,21787,5,3,29.0,2,0,2
18862122,2024-04-13 14:00:00,St. Johnstone vs Kilmarnock,St. Johnstone,734,home,Kilmarnock,180,0,501,21787,5,2,54.0,0,0,0
19116472,2024-04-27 14:00:00,St. Johnstone vs Hibernian,St. Johnstone,734,home,Hibernian,66,0,501,21787,5,1,49.0,1,0,0
19116497,2024-05-04 14:00:00,Aberdeen vs St. Johnstone,St. Johnstone,734,away,Aberdeen,273,0,501,21787,5,4,35.0,0,0,2
19116500,2024-05-11 14:00:00,Livingston vs St. Johnstone,St. Johnstone,734,away,Livingston,258,0,501,21787,5,8,42.0,1,0,1
19116505,2024-05-15 18:45:00,St. Johnstone vs Ross County,St. Johnstone,734,home,Ross County,246,1,501,21787,5,4,53.0,1,0,1
19116507,2024-05-19 14:00:00,Motherwell vs St. Johnstone,St. Johnstone,734,away,Motherwell,309,2,501,21787,5,3,35.0,2,0,1
19146702,2024-08-05 19:00:00,St. Johnstone vs Aberdeen,St. Johnstone,734,home,Aberdeen,273,0,501,23690,5,12,51.0,1,0,2
19146704,2024-08-11 14:00:00,Kilmarnock vs St. Johnstone,St. Johnstone,734,away,Kilmarnock,180,2,501,23690,5,4,59.0,3,0,4
19146710,2024-08-24 14:00:00,Dundee United vs St. Johnstone,St. Johnstone,734,away,Dundee United,282,0,501,23690,5,6,49.0,0,1,4
19146720,2024-08-31 14:00:00,St. Johnstone vs Motherwell,St. Johnstone,734,home,Motherwell,309,0,501,23690,5,4,61.0,1,1,1
19146724,2024-09-14 14:00:00,Hibernian vs St. Johnstone,St. Johnstone,734,away,Hibernian,66,0,501,23690,5,7,48.0,0,1,4
19146785,2024-09-21 14:00:00,Ross County vs St. Johnstone,St. Johnstone,734,away,Ross County,246,1,501,23690,5,3,48.0,3,0,4
19146732,2024-09-28 16:45:00,St. Johnstone vs Celtic,St. Johnstone,734,home,Celtic,53,0,501,23690,5,3,24.0,0,0,1
19146736,2024-10-06 19:00:00,Rangers vs St. Johnstone,St. Johnstone,734,away,Rangers,62,0,501,23690,5,3,36.0,0,0,1
19146744,2024-10-19 14:00:00,St. Johnstone vs Ross County,St. Johnstone,734,home,Ross County,246,2,501,23690,5,5,68.0,3,0,1
19146746,2024-10-26 14:00:00,Dundee vs St. Johnstone,St. Johnstone,734,away,Dundee,284,2,501,23690,5,3,64.0,2,0,2
19146756,2024-10-30 19:45:00,St. Mirren vs St. Johnstone,St. Johnstone,734,away,St. Mirren,496,0,501,23690,5,2,69.0,1,0,1
19146761,2024-11-02 15:00:00,St. Johnstone vs Hearts,St. Johnstone,734,home,Hearts,314,0,501,23690,5,5,61.0,1,0,2
19146767,2024-11-09 15:00:00,Motherwell vs St. Johnstone,St. Johnstone,734,away,Motherwell,309,0,501,23690,5,3,66.0,1,0,0
19146773,2024-11-23 15:15:00,St. Johnstone vs Kilmarnock,St. Johnstone,734,home,Kilmarnock,180,2,501,23690,5,4,52.0,1,0,2
19146780,2024-12-01 12:00:00,St. Johnstone vs Rangers,St. Johnstone,734,home,Rangers,62,0,501,23690,5,3,39.0,0,0,2
19146787,2024-12-07 15:00:00,Aberdeen vs St. Johnstone,St. Johnstone,734,away,Aberdeen,273,1,501,23690,5,1,43.0,1,0,4
19146798,2024-12-14 15:00:00,St. Johnstone vs St. Mirren,St. Johnstone,734,home,St. Mirren,496,0,501,23690,5,1,65.0,2,0,2
19146801,2024-12-22 15:00:00,Hearts vs St. Johnstone,St. Johnstone,734,away,Hearts,314,0,501,23690,5,0,51.0,1,0,1
19146809,2024-12-26 15:00:00,St. Johnstone vs Dundee United,St. Johnstone,734,home,Dundee United,282,0,501,23690,5,4,51.0,1,0,2
19146811,2024-12-29 15:00:00,Celtic vs St. Johnstone,St. Johnstone,734,away,Celtic,53,0,501,23690,5,2,30.0,0,0,1
19146821,2025-01-02 15:00:00,St. Johnstone vs Hibernian,St. Johnstone,734,home,Hibernian,66,1,501,23690,5,4,40.0,1,1,1
19146828,2025-01-05 15:00:00,St. Johnstone vs Dundee,St. Johnstone,734,home,Dundee,284,0,501,23690,5,3,77.0,1,0,1
19146832,2025-01-12 15:00:00,Rangers vs St. Johnstone,St. Johnstone,734,away,Rangers,62,0,501,23690,5,2,36.0,1,0,
19146840,2025-01-25 15:00:00,St. Johnstone vs Motherwell,St. Johnstone,734,home,Motherwell,309,2,501,23690,5,7,69.0,2,0,1
19146846,2025-02-01 15:00:00,St. Mirren vs St. Johnstone,St. Johnstone,734,away,St. Mirren,496,2,501,23690,5,3,59.0,1,0,2
19146850,2025-02-15 15:00:00,Kilmarnock vs St. Johnstone,St. Johnstone,734,away,Kilmarnock,180,0,501,23690,5,5,60.0,1,0,1
19146858,2025-02-23 12:00:00,St. Johnstone vs Hearts,St. Johnstone,734,home,Hearts,314,0,501,23690,5,3,58.0,1,0,0
19146864,2025-02-26 19:45:00,St. Johnstone vs Ross County,St. Johnstone,734,home,Ross County,246,2,501,23690,5,12,67.0,1,0,2
19146866,2025-03-01 15:00:00,Dundee vs St. Johnstone,St. Johnstone,734,away,Dundee,284,1,501,23690,5,4,59.0,1,0,0
19146876,2025-03-15 15:00:00,St. Johnstone vs Aberdeen,St. Johnstone,734,home,Aberdeen,273,1,501,23690,5,1,43.0,0,0,
19146880,2025-03-29 15:00:00,Hibernian vs St. Johnstone,St. Johnstone,734,away,Hibernian,66,0,501,23690,5,2,55.0,0,0,3
19146888,2025-04-06 11:00:00,St. Johnstone vs Celtic,St. Johnstone,734,home,Celtic,53,2,501,23690,5,4,20.0,1,0,4
19146891,2025-04-12 14:00:00,Dundee United vs St. Johnstone,St. Johnstone,734,away,Dundee United,282,0,501,23690,5,5,56.0,0,0,2
19415350,2025-04-26 14:00:00,Motherwell vs St. Johnstone,St. Johnstone,734,away,Motherwell,309,0,501,23690,5,9,55.0,2,0,1
19415353,2025-05-03 14:00:00,St. Johnstone vs Kilmarnock,St. Johnstone,734,home,Kilmarnock,180,0,501,23690,5,5,69.0,0,0,2
19415356,2025-05-10 14:00:00,St. Johnstone vs Ross County,St. Johnstone,734,home,Ross County,246,2,501,23690,5,4,61.0,2,0,1
19415358,2025-05-14 18:45:00,Hearts vs St. Johnstone,St. Johnstone,734,away,Hearts,314,0,501,23690,5,7,45.0,1,0,2
19415362,2025-05-18 14:00:00,St. Johnstone vs Dundee,St. Johnstone,734,home,Dundee,284,0,501,23690,5,1,64.0,0,0,3
10333188,2018-08-04 14:00:00,St. Mirren vs Dundee,St. Mirren,496,home,Dundee,284,2,501,12963,5,9,47.0,2,0,3
10333193,2018-08-12 14:00:00,Rangers vs St. Mirren,St. Mirren,496,away,Rangers,62,0,501,12963,5,4,47.0,0,0,4
10333202,2018-08-25 14:00:00,St. Mirren vs Livingston,St. Mirren,496,home,Livingston,258,0,501,12963,5,5,54.0,0,0,2
10333210,2018-09-01 14:00:00,Hearts vs St. Mirren,St. Mirren,496,away,Hearts,314,0,501,12963,5,1,40.0,1,0,3
10333216,2018-09-14 18:45:00,St. Mirren vs Celtic,St. Mirren,496,home,Celtic,53,1,501,12963,5,4,40.0,0,0,1
10333222,2018-09-22 14:00:00,Hamilton Academical vs St. Mirren,St. Mirren,496,away,Hamilton Academical,338,0,501,12963,5,3,43.0,0,0,3
10333226,2018-09-29 14:00:00,St. Mirren vs Hibernian,St. Mirren,496,home,Hibernian,66,0,501,12963,5,4,44.0,0,0,0
10333232,2018-10-06 14:00:00,Aberdeen vs St. Mirren,St. Mirren,496,away,Aberdeen,273,0,501,12963,5,2,35.0,1,0,2
10333239,2018-10-20 14:00:00,St. Mirren vs Kilmarnock,St. Mirren,496,home,Kilmarnock,180,0,501,12963,5,3,47.0,1,0,4
10333244,2018-10-27 14:00:00,St. Johnstone vs St. Mirren,St. Mirren,496,away,St. Johnstone,734,0,501,12963,5,3,43.0,0,0,5
10333251,2018-10-31 19:45:00,St. Mirren vs Motherwell,St. Mirren,496,home,Motherwell,309,0,501,12963,5,2,43.0,0,1,2
10333255,2018-11-03 12:30:00,St. Mirren vs Rangers,St. Mirren,496,home,Rangers,62,0,501,12963,5,4,49.0,0,0,3
10333263,2018-11-10 15:00:00,Dundee vs St. Mirren,St. Mirren,496,away,Dundee,284,1,501,12963,5,2,47.0,1,0,3
10333265,2018-11-24 15:00:00,St. Mirren vs Hearts,St. Mirren,496,home,Hearts,314,2,501,12963,5,3,,2,0,2
10333271,2018-12-01 15:00:00,St. Mirren vs Hamilton Academical,St. Mirren,496,home,Hamilton Academical,338,0,501,12963,5,6,53.0,1,1,2
10333281,2018-12-05 19:45:00,Hibernian vs St. Mirren,St. Mirren,496,away,Hibernian,66,1,501,12963,5,3,42.0,2,0,3
10333287,2018-12-08 15:00:00,Livingston vs St. Mirren,St. Mirren,496,away,Livingston,258,0,501,12963,5,2,46.0,1,0,1
10333294,2018-12-15 15:00:00,St. Mirren vs Aberdeen,St. Mirren,496,home,Aberdeen,273,0,501,12963,5,2,44.0,1,0,4
10333297,2018-12-22 15:00:00,Motherwell vs St. Mirren,St. Mirren,496,away,Motherwell,309,2,501,12963,5,5,37.0,1,0,0
10333301,2018-12-26 14:00:00,St. Mirren vs St. Johnstone,St. Mirren,496,home,St. Johnstone,734,0,501,12963,5,3,47.0,0,0,0
10333311,2018-12-29 15:00:00,Kilmarnock vs St. Mirren,St. Mirren,496,away,Kilmarnock,180,0,501,12963,5,3,39.0,1,0,2
10333315,2019-01-23 19:45:00,Celtic vs St. Mirren,St. Mirren,496,away,Celtic,53,0,501,12963,5,2,30.0,0,0,1
10333319,2019-01-27 13:30:00,St. Mirren vs Hibernian,St. Mirren,496,home,Hibernian,66,0,501,12963,5,4,49.0,1,0,3
10333329,2019-02-02 15:00:00,Rangers vs St. Mirren,St. Mirren,496,away,Rangers,62,0,501,12963,5,2,45.0,0,0,2
10333332,2019-02-06 19:45:00,St. Mirren vs Motherwell,St. Mirren,496,home,Motherwell,309,0,501,12963,5,9,53.0,1,0,1
10333341,2019-02-16 15:00:00,Aberdeen vs St. Mirren,St. Mirren,496,away,Aberdeen,273,1,501,12963,5,3,32.0,2,0,2
10333345,2019-02-23 15:00:00,Hearts vs St. Mirren,St. Mirren,496,away,Hearts,314,1,501,12963,5,2,43.0,1,0,3
10333352,2019-03-02 15:00:00,St. Mirren vs Livingston,St. Mirren,496,home,Livingston,258,2,501,12963,5,4,50.0,1,0,1
10333359,2019-03-11 19:45:00,St. Mirren vs Kilmarnock,St. Mirren,496,home,Kilmarnock,180,0,501,12963,5,7,41.0,0,0,1
10333361,2019-03-27 19:45:00,St. Johnstone vs St. Mirren,St. Mirren,496,away,St. Johnstone,734,0,501,12963,5,4,50.0,0,1,1
10333367,2019-03-30 15:00:00,St. Mirren vs Dundee,St. Mirren,496,home,Dundee,284,2,501,12963,5,2,49.0,2,0,1
10333376,2019-04-03 18:45:00,St. Mirren vs Celtic,St. Mirren,496,home,Celtic,53,0,501,12963,5,1,37.0,0,0,1
10333382,2019-04-06 14:00:00,Hamilton Academical vs St. Mirren,St. Mirren,496,away,Hamilton Academical,338,1,501,12963,5,5,55.0,1,0,0
11853611,2019-04-20 14:00:00,Livingston vs St. Mirren,St. Mirren,496,away,Livingston,258,2,501,12963,5,7,61.0,3,0,1
11853615,2019-04-27 14:00:00,St. Mirren vs St. Johnstone,St. Mirren,496,home,St. Johnstone,734,1,501,12963,5,7,53.0,1,0,3
11853617,2019-05-04 14:00:00,Motherwell vs St. Mirren,St. Mirren,496,away,Motherwell,309,1,501,12963,5,3,40.0,1,0,3
11853621,2019-05-13 18:45:00,St. Mirren vs Hamilton Academical,St. Mirren,496,home,Hamilton Academical,338,2,501,12963,5,9,45.0,2,0,2
11853622,2019-05-18 11:30:00,Dundee vs St. Mirren,St. Mirren,496,away,Dundee,284,2,501,12963,5,9,56.0,3,0,2
11879546,2019-08-03 14:00:00,Hibernian vs St. Mirren,St. Mirren,496,away,Hibernian,66,0,501,16222,5,5,31.0,0,0,2
11879555,2019-08-11 14:00:00,St. Mirren vs Aberdeen,St. Mirren,496,home,Aberdeen,273,2,501,16222,5,3,,1,0,1
11879561,2019-08-25 11:15:00,St. Mirren vs Rangers,St. Mirren,496,home,Rangers,62,0,501,16222,5,3,35.0,0,0,1
11879564,2019-08-31 14:00:00,Livingston vs St. Mirren,St. Mirren,496,away,Livingston,258,0,501,16222,5,2,,1,0,3
11879573,2019-09-14 14:00:00,Ross County vs St. Mirren,St. Mirren,496,away,Ross County,246,0,501,16222,5,1,,1,0,1
11879579,2019-09-21 14:00:00,St. Mirren vs Hamilton Academical,St. Mirren,496,home,Hamilton Academical,338,1,501,16222,5,8,,0,0,1
11879585,2019-09-28 14:00:00,St. Mirren vs Hearts,St. Mirren,496,home,Hearts,314,1,501,16222,5,3,,0,0,1
11879589,2019-10-05 14:00:00,Motherwell vs St. Mirren,St. Mirren,496,away,Motherwell,309,0,501,16222,5,9,49.0,0,0,2
11879597,2019-10-19 14:00:00,St. Mirren vs St. Johnstone,St. Mirren,496,home,St. Johnstone,734,2,501,16222,5,6,51.0,2,0,1
11879600,2019-10-26 14:00:00,Kilmarnock vs St. Mirren,St. Mirren,496,away,Kilmarnock,180,0,501,16222,5,4,38.0,0,0,0
11879604,2019-10-30 19:45:00,Celtic vs St. Mirren,St. Mirren,496,away,Celtic,53,0,501,16222,5,1,28.0,0,0,1
11879617,2019-11-09 15:00:00,Hearts vs St. Mirren,St. Mirren,496,away,Hearts,314,0,501,16222,5,4,46.0,2,0,0
11879627,2019-11-23 15:00:00,St. Mirren vs Ross County,St. Mirren,496,home,Ross County,246,2,501,16222,5,10,54.0,2,0,1
11879615,2019-11-26 19:45:00,St. Mirren vs Hibernian,St. Mirren,496,home,Hibernian,66,0,501,16222,5,7,54.0,1,0,1
11879628,2019-11-30 15:00:00,Aberdeen vs St. Mirren,St. Mirren,496,away,Aberdeen,273,0,501,16222,5,3,52.0,1,0,2
11879639,2019-12-04 19:45:00,St. Mirren vs Motherwell,St. Mirren,496,home,Motherwell,309,0,501,16222,5,3,56.0,0,0,1
11879640,2019-12-07 15:00:00,Hamilton Academical vs St. Mirren,St. Mirren,496,away,Hamilton Academical,338,2,501,16222,5,6,52.0,1,0,3
11879651,2019-12-14 15:00:00,St. Mirren vs Livingston,St. Mirren,496,home,Livingston,258,1,501,16222,5,5,51.0,3,0,1
11879657,2019-12-21 15:00:00,St. Johnstone vs St. Mirren,St. Mirren,496,away,St. Johnstone,734,1,501,16222,5,4,52.0,0,0,2
11879663,2019-12-26 15:00:00,St. Mirren vs Celtic,St. Mirren,496,home,Celtic,53,0,501,16222,5,3,38.0,1,0,1
11879669,2019-12-29 15:00:00,St. Mirren vs Kilmarnock,St. Mirren,496,home,Kilmarnock,180,2,501,16222,5,7,53.0,1,0,2
11879674,2020-01-22 19:45:00,Rangers vs St. Mirren,St. Mirren,496,away,Rangers,62,0,501,16222,5,3,35.0,0,0,2
11879681,2020-01-26 12:30:00,St. Mirren vs Aberdeen,St. Mirren,496,home,Aberdeen,273,1,501,16222,5,2,37.0,0,0,1
11879683,2020-02-01 15:00:00,Hibernian vs St. Mirren,St. Mirren,496,away,Hibernian,66,1,501,16222,5,4,50.0,2,0,1
11879693,2020-02-05 19:45:00,St. Mirren vs Hamilton Academical,St. Mirren,496,home,Hamilton Academical,338,1,501,16222,5,6,63.0,1,0,2
11879698,2020-02-12 19:45:00,Livingston vs St. Mirren,St. Mirren,496,away,Livingston,258,0,501,16222,5,5,55.0,1,0,1
11879703,2020-02-25 19:45:00,Motherwell vs St. Mirren,St. Mirren,496,away,Motherwell,309,2,501,16222,5,6,48.0,2,0,6
11879717,2020-03-04 19:45:00,St. Mirren vs St. Johnstone,St. Mirren,496,home,St. Johnstone,734,1,501,16222,5,9,54.0,0,0,2
11879719,2020-03-07 15:00:00,Celtic vs St. Mirren,St. Mirren,496,away,Celtic,53,0,501,16222,5,1,38.0,0,0,2
11879711,2020-03-11 19:45:00,St. Mirren vs Hearts,St. Mirren,496,home,Hearts,314,2,501,16222,5,5,39.0,1,0,0
16475283,2020-08-01 14:00:00,St. Mirren vs Livingston,St. Mirren,496,home,Livingston,258,2,501,17141,5,2,46.0,1,0,3
16475293,2020-08-09 14:00:00,Rangers vs St. Mirren,St. Mirren,496,away,Rangers,62,0,501,17141,5,1,27.0,0,0,2
16475303,2020-08-15 14:00:00,Hamilton Academical vs St. Mirren,St. Mirren,496,away,Hamilton Academical,338,2,501,17141,5,9,46.0,1,0,3
16475308,2020-08-22 14:00:00,St. Mirren vs Ross County,St. Mirren,496,home,Ross County,246,1,501,17141,5,3,37.0,1,1,0
16475314,2020-08-29 14:00:00,St. Johnstone vs St. Mirren,St. Mirren,496,away,St. Johnstone,734,0,501,17141,5,2,52.0,0,0,1
16475324,2020-09-12 14:00:00,St. Mirren vs Hibernian,St. Mirren,496,home,Hibernian,66,0,501,17141,5,8,51.0,0,0,2
16475296,2020-09-16 18:45:00,St. Mirren vs Celtic,St. Mirren,496,home,Celtic,53,0,501,17141,5,4,23.0,1,0,3
16475327,2020-09-19 14:00:00,Dundee United vs St. Mirren,St. Mirren,496,away,Dundee United,282,0,501,17141,5,4,42.0,1,1,1
16475336,2020-09-26 14:00:00,St. Mirren vs Kilmarnock,St. Mirren,496,home,Kilmarnock,180,0,501,17141,5,5,47.0,0,0,5
16475338,2020-10-02 18:45:00,Aberdeen vs St. Mirren,St. Mirren,496,away,Aberdeen,273,0,501,17141,5,6,38.0,1,0,1
16475366,2020-11-06 19:45:00,St. Mirren vs Dundee United,St. Mirren,496,home,Dundee United,282,1,501,17141,5,5,57.0,0,0,1
16475370,2020-11-21 15:00:00,Livingston vs St. Mirren,St. Mirren,496,away,Livingston,258,2,501,17141,5,5,45.0,1,0,1
16475378,2020-12-05 15:00:00,St. Mirren vs Aberdeen,St. Mirren,496,home,Aberdeen,273,1,501,17141,5,7,52.0,1,0,2
16475383,2020-12-12 15:00:00,Motherwell vs St. Mirren,St. Mirren,496,away,Motherwell,309,2,501,17141,5,4,46.0,1,0,4
16475390,2020-12-19 15:00:00,St. Mirren vs St. Johnstone,St. Mirren,496,home,St. Johnstone,734,2,501,17141,5,4,67.0,3,0,1
16475394,2020-12-23 18:00:00,Hibernian vs St. Mirren,St. Mirren,496,away,Hibernian,66,0,501,17141,5,3,49.0,0,1,2
16475402,2020-12-26 15:00:00,Ross County vs St. Mirren,St. Mirren,496,away,Ross County,246,2,501,17141,5,14,63.0,2,0,1
16475408,2020-12-30 15:00:00,St. Mirren vs Rangers,St. Mirren,496,home,Rangers,62,0,501,17141,5,6,43.0,0,0,2
16475412,2021-01-02 15:00:00,Kilmarnock vs St. Mirren,St. Mirren,496,away,Kilmarnock,180,1,501,17141,5,7,59.0,1,0,2
16475420,2021-01-09 15:00:00,St. Mirren vs Motherwell,St. Mirren,496,home,Motherwell,309,1,501,17141,5,4,49.0,1,0,1
16475426,2021-01-16 15:00:00,St. Johnstone vs St. Mirren,St. Mirren,496,away,St. Johnstone,734,0,501,17141,5,2,53.0,0,1,2
16475433,2021-01-27 18:00:00,Dundee United vs St. Mirren,St. Mirren,496,away,Dundee United,282,2,501,17141,5,11,51.0,5,0,1
16475356,2021-01-30 15:00:00,Celtic vs St. Mirren,St. Mirren,496,away,Celtic,53,2,501,17141,5,3,37.0,2,0,0
16475444,2021-02-02 18:00:00,St. Mirren vs Hibernian,St. Mirren,496,home,Hibernian,66,0,501,17141,5,2,48.0,1,1,2
16475450,2021-02-06 15:00:00,St. Mirren vs Kilmarnock,St. Mirren,496,home,Kilmarnock,180,2,501,17141,5,3,50.0,2,0,1
16475432,2021-02-10 20:00:00,St. Mirren vs Celtic,St. Mirren,496,home,Celtic,53,0,501,17141,5,3,39.0,0,0,2
16475452,2021-02-13 15:00:00,Aberdeen vs St. Mirren,St. Mirren,496,away,Aberdeen,273,1,501,17141,5,4,46.0,0,0,1
16475354,2021-02-17 18:00:00,St. Mirren vs Hamilton Academical,St. Mirren,496,home,Hamilton Academical,338,1,501,17141,5,6,54.0,1,0,2
16475480,2021-02-20 15:00:00,St. Mirren vs Livingston,St. Mirren,496,home,Livingston,258,1,501,17141,5,6,56.0,1,0,0
16475348,2021-02-24 18:00:00,St. Mirren vs Motherwell,St. Mirren,496,home,Motherwell,309,1,501,17141,5,5,53.0,0,0,2
16475462,2021-02-27 15:00:00,St. Mirren vs Ross County,St. Mirren,496,home,Ross County,246,2,501,17141,5,4,50.0,1,0,1
16475466,2021-03-06 15:00:00,Rangers vs St. Mirren,St. Mirren,496,away,Rangers,62,0,501,17141,5,6,32.0,0,0,2
16475471,2021-03-20 15:00:00,Hamilton Academical vs St. Mirren,St. Mirren,496,away,Hamilton Academical,338,1,501,17141,5,8,52.0,1,0,1
17947866,2021-04-10 14:00:00,Motherwell vs St. Mirren,St. Mirren,496,away,Motherwell,309,0,501,17141,5,4,64.0,0,0,3
17947869,2021-04-21 18:45:00,Ross County vs St. Mirren,St. Mirren,496,away,Ross County,246,2,501,17141,5,4,48.0,3,0,0
17947872,2021-05-01 14:00:00,St. Mirren vs Hamilton Academical,St. Mirren,496,home,Hamilton Academical,338,0,501,17141,5,6,55.0,1,0,2
17947874,2021-05-12 18:45:00,Kilmarnock vs St. Mirren,St. Mirren,496,away,Kilmarnock,180,1,501,17141,5,5,59.0,3,0,1
17947878,2021-05-16 11:00:00,St. Mirren vs Dundee United,St. Mirren,496,home,Dundee United,282,1,501,17141,5,6,55.0,0,0,1
18136883,2021-07-31 14:00:00,Dundee vs St. Mirren,St. Mirren,496,away,Dundee,284,1,501,18369,5,11,56.0,2,0,2
18136892,2021-08-07 14:00:00,St. Mirren vs Hearts,St. Mirren,496,home,Hearts,314,0,501,18369,5,4,51.0,1,1,1
18136894,2021-08-21 14:00:00,Celtic vs St. Mirren,St. Mirren,496,away,Celtic,53,0,501,18369,5,0,26.0,0,1,2
18136905,2021-08-29 14:00:00,St. Mirren vs St. Johnstone,St. Mirren,496,home,St. Johnstone,734,1,501,18369,5,2,51.0,0,1,3
18136911,2021-09-11 14:00:00,St. Mirren vs Dundee United,St. Mirren,496,home,Dundee United,282,1,501,18369,5,6,55.0,0,0,2
18136914,2021-09-18 14:00:00,Hibernian vs St. Mirren,St. Mirren,496,away,Hibernian,66,1,501,18369,5,6,37.0,2,0,1
18136923,2021-09-26 11:00:00,St. Mirren vs Aberdeen,St. Mirren,496,home,Aberdeen,273,2,501,18369,5,8,52.0,3,0,1
18136927,2021-10-02 14:00:00,Livingston vs St. Mirren,St. Mirren,496,away,Livingston,258,2,501,18369,5,1,46.0,1,0,0
18136934,2021-10-16 14:00:00,Ross County vs St. Mirren,St. Mirren,496,away,Ross County,246,2,501,18369,5,3,44.0,3,0,1
18136941,2021-10-24 11:00:00,St. Mirren vs Rangers,St. Mirren,496,home,Rangers,62,0,501,18369,5,4,46.0,1,0,1
18136945,2021-10-27 18:45:00,Motherwell vs St. Mirren,St. Mirren,496,away,Motherwell,309,1,501,18369,5,8,59.0,2,0,2
18136953,2021-10-30 14:00:00,St. Mirren vs Dundee,St. Mirren,496,home,Dundee,284,0,501,18369,5,8,61.0,0,0,1
18136959,2021-11-06 15:00:00,St. Johnstone vs St. Mirren,St. Mirren,496,away,St. Johnstone,734,1,501,18369,5,4,56.0,0,0,3
18136965,2021-11-20 15:00:00,St. Mirren vs Livingston,St. Mirren,496,home,Livingston,258,1,501,18369,5,7,54.0,1,0,1
18136968,2021-11-27 15:00:00,Hearts vs St. Mirren,St. Mirren,496,away,Hearts,314,0,501,18369,5,7,49.0,0,1,4
18136977,2021-12-01 19:45:00,St. Mirren vs Ross County,St. Mirren,496,home,Ross County,246,1,501,18369,5,13,57.0,0,0,5
18136978,2021-12-04 15:00:00,Aberdeen vs St. Mirren,St. Mirren,496,away,Aberdeen,273,0,501,18369,5,9,50.0,1,0,1
18136989,2021-12-11 15:00:00,St. Mirren vs Hibernian,St. Mirren,496,home,Hibernian,66,1,501,18369,5,4,56.0,1,0,4
18136995,2021-12-22 19:45:00,St. Mirren vs Celtic,St. Mirren,496,home,Celtic,53,1,501,18369,5,3,17.0,0,0,2
18137000,2021-12-26 15:00:00,Rangers vs St. Mirren,St. Mirren,496,away,Rangers,62,0,501,18369,5,1,24.0,0,0,2
18137004,2022-01-18 19:45:00,Dundee United vs St. Mirren,St. Mirren,496,away,Dundee United,282,2,501,18369,5,8,37.0,2,0,1
18137019,2022-01-25 19:45:00,St. Mirren vs Aberdeen,St. Mirren,496,home,Aberdeen,273,2,501,18369,5,4,32.0,1,0,1
18137013,2022-02-01 19:45:00,St. Mirren vs Motherwell,St. Mirren,496,home,Motherwell,309,1,501,18369,5,6,49.0,1,0,0
18137027,2022-02-05 15:00:00,Hibernian vs St. Mirren,St. Mirren,496,away,Hibernian,66,2,501,18369,5,2,42.0,1,0,1
18137037,2022-02-09 19:45:00,St. Mirren vs St. Johnstone,St. Mirren,496,home,St. Johnstone,734,2,501,18369,5,5,56.0,2,0,2
18137041,2022-02-19 15:00:00,Livingston vs St. Mirren,St. Mirren,496,away,Livingston,258,1,501,18369,5,1,49.0,1,1,0
18137049,2022-02-26 15:00:00,St. Mirren vs Hearts,St. Mirren,496,home,Hearts,314,0,501,18369,5,8,37.0,0,1,2
18137050,2022-03-02 19:45:00,Celtic vs St. Mirren,St. Mirren,496,away,Celtic,53,0,501,18369,5,0,24.0,0,0,2
18137061,2022-03-05 15:00:00,Ross County vs St. Mirren,St. Mirren,496,away,Ross County,246,0,501,18369,5,3,59.0,0,0,1
18137022,2022-03-09 19:45:00,Dundee vs St. Mirren,St. Mirren,496,away,Dundee,284,2,501,18369,5,4,54.0,1,0,2
18137067,2022-03-19 15:00:00,St. Mirren vs Dundee United,St. Mirren,496,home,Dundee United,282,0,501,18369,5,11,45.0,1,1,0
18137070,2022-04-02 14:00:00,Motherwell vs St. Mirren,St. Mirren,496,away,Motherwell,309,0,501,18369,5,6,54.0,2,0,1
18137079,2022-04-10 11:00:00,St. Mirren vs Rangers,St. Mirren,496,home,Rangers,62,0,501,18369,5,4,29.0,0,0,1
18518012,2022-04-23 14:00:00,St. Mirren vs Hibernian,St. Mirren,496,home,Hibernian,66,0,501,18369,5,5,41.0,0,0,1
18518015,2022-04-30 14:00:00,St. Johnstone vs St. Mirren,St. Mirren,496,away,St. Johnstone,734,2,501,18369,5,5,40.0,1,0,2
18518018,2022-05-07 14:00:00,St. Mirren vs Dundee,St. Mirren,496,home,Dundee,284,2,501,18369,5,11,53.0,2,0,4
18518021,2022-05-11 18:45:00,St. Mirren vs Livingston,St. Mirren,496,home,Livingston,258,1,501,18369,5,6,50.0,0,0,1
18518022,2022-05-15 11:00:00,Aberdeen vs St. Mirren,St. Mirren,496,away,Aberdeen,273,1,501,18369,5,1,39.0,0,0,2
18535491,2022-07-31 14:00:00,St. Mirren vs Motherwell,St. Mirren,496,home,Motherwell,309,0,501,19735,5,8,49.0,0,0,4
18535493,2022-08-06 14:00:00,Aberdeen vs St. Mirren,St. Mirren,496,away,Aberdeen,273,0,501,19735,5,4,28.0,1,1,4
18535504,2022-08-13 14:00:00,St. Mirren vs Ross County,St. Mirren,496,home,Ross County,246,2,501,19735,5,6,41.0,1,0,1
18535506,2022-08-20 14:00:00,Dundee United vs St. Mirren,St. Mirren,496,away,Dundee United,282,2,501,19735,5,7,30.0,3,0,2
18535516,2022-08-27 14:00:00,St. Mirren vs Hibernian,St. Mirren,496,home,Hibernian,66,2,501,19735,5,4,30.0,1,0,1
18535522,2022-09-03 14:00:00,St. Johnstone vs St. Mirren,St. Mirren,496,away,St. Johnstone,734,0,501,19735,5,9,54.0,0,0,5
18535534,2022-09-18 11:00:00,St. Mirren vs Celtic,St. Mirren,496,home,Celtic,53,2,501,19735,5,6,20.0,2,0,3
18535540,2022-10-01 14:00:00,St. Mirren vs Livingston,St. Mirren,496,home,Livingston,258,2,501,19735,5,6,44.0,2,1,3
18535545,2022-10-08 14:00:00,Rangers vs St. Mirren,St. Mirren,496,away,Rangers,62,0,501,19735,5,5,29.0,0,0,2
18535552,2022-10-15 14:00:00,St. Mirren vs Kilmarnock,St. Mirren,496,home,Kilmarnock,180,1,501,19735,5,6,48.0,0,0,3
18535558,2022-10-22 14:00:00,St. Mirren vs Dundee United,St. Mirren,496,home,Dundee United,282,2,501,19735,5,6,36.0,2,0,1
18535560,2022-10-29 14:00:00,Hibernian vs St. Mirren,St. Mirren,496,away,Hibernian,66,0,501,19735,5,6,34.0,0,0,3
18535569,2022-11-05 15:00:00,Ross County vs St. Mirren,St. Mirren,496,away,Ross County,246,0,501,19735,5,5,38.0,2,0,3
18535576,2022-11-09 19:45:00,St. Mirren vs St. Johnstone,St. Mirren,496,home,St. Johnstone,734,1,501,19735,5,6,44.0,2,0,4
18535582,2022-11-12 12:30:00,St. Mirren vs Rangers,St. Mirren,496,home,Rangers,62,1,501,19735,5,6,50.0,1,0,2
18535594,2022-12-24 12:30:00,St. Mirren vs Aberdeen,St. Mirren,496,home,Aberdeen,273,2,501,19735,5,8,33.0,3,0,4
18535598,2022-12-28 19:45:00,Livingston vs St. Mirren,St. Mirren,496,away,Livingston,258,1,501,19735,5,5,46.0,1,1,3
18535603,2023-01-02 15:00:00,Kilmarnock vs St. Mirren,St. Mirren,496,away,Kilmarnock,180,1,501,19735,5,4,30.0,0,1,3
18537950,2023-01-07 15:00:00,St. Mirren vs Hearts,St. Mirren,496,home,Hearts,314,1,501,19735,5,3,26.0,1,1,2
18535526,2023-01-13 19:45:00,Hearts vs St. Mirren,St. Mirren,496,away,Hearts,314,0,501,19735,5,5,31.0,0,0,4
18537951,2023-01-18 19:45:00,Celtic vs St. Mirren,St. Mirren,496,away,Celtic,53,0,501,19735,5,2,24.0,0,0,0
18537962,2023-01-28 15:00:00,St. Mirren vs Motherwell,St. Mirren,496,home,Motherwell,309,2,501,19735,5,6,40.0,1,0,3
18537963,2023-02-01 19:45:00,Aberdeen vs St. Mirren,St. Mirren,496,away,Aberdeen,273,2,501,19735,5,11,71.0,3,0,2
18537974,2023-02-04 15:00:00,St. Mirren vs Hibernian,St. Mirren,496,home,Hibernian,66,0,501,19735,5,5,37.0,0,0,1
18535586,2023-02-15 19:45:00,Motherwell vs St. Mirren,St. Mirren,496,away,Motherwell,309,0,501,19735,5,2,57.0,1,0,4
18537980,2023-02-18 15:00:00,St. Mirren vs Ross County,St. Mirren,496,home,Ross County,246,2,501,19735,5,10,42.0,1,0,0
18537986,2023-02-25 15:00:00,St. Johnstone vs St. Mirren,St. Mirren,496,away,St. Johnstone,734,1,501,19735,5,2,52.0,1,0,0
18537992,2023-03-05 12:00:00,St. Mirren vs Celtic,St. Mirren,496,home,Celtic,53,0,501,19735,5,0,17.0,1,1,1
18537995,2023-03-18 15:00:00,Dundee United vs St. Mirren,St. Mirren,496,away,Dundee United,282,1,501,19735,5,4,58.0,1,0,1
18538004,2023-04-01 14:00:00,St. Mirren vs Livingston,St. Mirren,496,home,Livingston,258,2,501,19735,5,4,41.0,3,0,1
18538008,2023-04-08 14:00:00,Hearts vs St. Mirren,St. Mirren,496,away,Hearts,314,2,501,19735,5,8,34.0,2,0,3
18538015,2023-04-15 14:00:00,Rangers vs St. Mirren,St. Mirren,496,away,Rangers,62,0,501,19735,5,4,22.0,2,0,1
18538022,2023-04-22 14:00:00,St. Mirren vs Kilmarnock,St. Mirren,496,home,Kilmarnock,180,0,501,19735,5,5,55.0,0,1,2
18825705,2023-05-06 14:00:00,Hibernian vs St. Mirren,St. Mirren,496,away,Hibernian,66,0,501,19735,5,5,49.0,1,0,1
18825748,2023-05-13 14:00:00,St. Mirren vs Hearts,St. Mirren,496,home,Hearts,314,1,501,19735,5,7,36.0,2,0,2
18825749,2023-05-20 14:00:00,Celtic vs St. Mirren,St. Mirren,496,away,Celtic,53,1,501,19735,5,2,23.0,2,0,0
18825752,2023-05-24 18:45:00,Aberdeen vs St. Mirren,St. Mirren,496,away,Aberdeen,273,0,501,19735,5,2,40.0,0,1,1
18825757,2023-05-27 11:30:00,St. Mirren vs Rangers,St. Mirren,496,home,Rangers,62,0,501,19735,5,5,30.0,0,0,2
18861942,2023-08-06 14:00:00,Hibernian vs St. Mirren,St. Mirren,496,away,Hibernian,66,2,501,21787,5,7,41.0,3,0,2
18861948,2023-08-12 14:00:00,St. Mirren vs Dundee,St. Mirren,496,home,Dundee,284,2,501,21787,5,4,48.0,2,0,2
18861954,2023-08-27 14:00:00,St. Mirren vs Aberdeen,St. Mirren,496,home,Aberdeen,273,1,501,21787,5,4,47.0,2,0,2
18861958,2023-09-02 14:00:00,Livingston vs St. Mirren,St. Mirren,496,away,Livingston,258,1,501,21787,5,2,50.0,1,0,1
18861964,2023-09-16 14:00:00,Motherwell vs St. Mirren,St. Mirren,496,away,Motherwell,309,2,501,21787,5,3,44.0,1,0,5
18861972,2023-09-23 14:00:00,St. Mirren vs Hearts,St. Mirren,496,home,Hearts,314,2,501,21787,5,4,30.0,1,0,2
18861974,2023-09-30 14:00:00,Kilmarnock vs St. Mirren,St. Mirren,496,away,Kilmarnock,180,1,501,21787,5,6,46.0,1,0,3
18861984,2023-10-08 11:00:00,St. Mirren vs Rangers,St. Mirren,496,home,Rangers,62,0,501,21787,5,3,31.0,0,1,1
18861996,2023-10-28 14:00:00,St. Mirren vs St. Johnstone,St. Mirren,496,home,St. Johnstone,734,2,501,21787,5,4,46.0,4,0,2
18862853,2023-11-01 19:45:00,Celtic vs St. Mirren,St. Mirren,496,away,Celtic,53,0,501,21787,5,2,25.0,1,0,2
18862002,2023-11-08 19:45:00,St. Mirren vs Hibernian,St. Mirren,496,home,Hibernian,66,1,501,21787,5,3,51.0,2,0,3
18862004,2023-11-11 15:00:00,Dundee vs St. Mirren,St. Mirren,496,away,Dundee,284,0,501,21787,5,4,58.0,0,0,1
18862014,2023-11-25 15:00:00,St. Mirren vs Livingston,St. Mirren,496,home,Livingston,258,2,501,21787,5,7,54.0,1,0,1
18861989,2023-11-28 19:45:00,Ross County vs St. Mirren,St. Mirren,496,away,Ross County,246,0,501,21787,5,5,53.0,0,0,2
18862019,2023-12-03 15:00:00,Rangers vs St. Mirren,St. Mirren,496,away,Rangers,62,0,501,21787,5,5,31.0,0,0,3
18862864,2023-12-06 19:45:00,St. Johnstone vs St. Mirren,St. Mirren,496,away,St. Johnstone,734,0,501,21787,5,7,44.0,0,0,1
18862026,2023-12-09 15:00:00,St. Mirren vs Ross County,St. Mirren,496,home,Ross County,246,2,501,21787,5,10,50.0,2,0,2
18862032,2023-12-16 15:00:00,St. Mirren vs Motherwell,St. Mirren,496,home,Motherwell,309,1,501,21787,5,6,57.0,0,0,1
18862035,2023-12-23 15:00:00,Hearts vs St. Mirren,St. Mirren,496,away,Hearts,314,0,501,21787,5,6,46.0,0,0,3
18862043,2023-12-27 19:45:00,St. Mirren vs Kilmarnock,St. Mirren,496,home,Kilmarnock,180,0,501,21787,5,4,60.0,0,0,3
18862046,2023-12-30 15:00:00,Aberdeen vs St. Mirren,St. Mirren,496,away,Aberdeen,273,2,501,21787,5,2,33.0,3,0,0
18862056,2024-01-02 17:00:00,St. Mirren vs Celtic,St. Mirren,496,home,Celtic,53,0,501,21787,5,1,27.0,0,1,1
18862062,2024-01-27 12:30:00,St. Mirren vs Rangers,St. Mirren,496,home,Rangers,62,0,501,21787,5,4,38.0,0,0,0
18862065,2024-02-03 15:00:00,Hibernian vs St. Mirren,St. Mirren,496,away,Hibernian,66,2,501,21787,5,7,39.0,3,0,3
18862074,2024-02-07 20:15:00,St. Mirren vs Dundee,St. Mirren,496,home,Dundee,284,2,501,21787,5,6,51.0,2,1,1
18862079,2024-02-17 15:00:00,Livingston vs St. Mirren,St. Mirren,496,away,Livingston,258,0,501,21787,5,9,64.0,0,0,1
18862086,2024-02-24 15:00:00,St. Mirren vs St. Johnstone,St. Mirren,496,home,St. Johnstone,734,2,501,21787,5,5,45.0,2,0,1
18862092,2024-02-27 20:00:00,Ross County vs St. Mirren,St. Mirren,496,away,Ross County,246,1,501,21787,5,4,60.0,1,0,2
18862098,2024-03-02 15:00:00,St. Mirren vs Aberdeen,St. Mirren,496,home,Aberdeen,273,2,501,21787,5,3,68.0,2,0,0
18862102,2024-03-16 15:00:00,Kilmarnock vs St. Mirren,St. Mirren,496,away,Kilmarnock,180,0,501,21787,5,3,47.0,2,0,1
18862108,2024-03-30 15:00:00,Motherwell vs St. Mirren,St. Mirren,496,away,Motherwell,309,1,501,21787,5,4,42.0,1,0,1
18862116,2024-04-06 14:00:00,St. Mirren vs Hearts,St. Mirren,496,home,Hearts,314,0,501,21787,5,8,59.0,1,0,1
18862118,2024-04-13 14:00:00,Celtic vs St. Mirren,St. Mirren,496,away,Celtic,53,0,501,21787,5,1,27.0,0,0,2
19116468,2024-04-28 11:30:00,St. Mirren vs Rangers,St. Mirren,496,home,Rangers,62,0,501,21787,5,4,34.0,1,0,1
19116486,2024-05-04 14:00:00,Dundee vs St. Mirren,St. Mirren,496,away,Dundee,284,2,501,21787,5,8,42.0,3,0,1
19116490,2024-05-11 14:00:00,St. Mirren vs Kilmarnock,St. Mirren,496,home,Kilmarnock,180,0,501,21787,5,8,62.0,0,0,0
19116493,2024-05-15 18:45:00,St. Mirren vs Hearts,St. Mirren,496,home,Hearts,314,1,501,21787,5,4,44.0,2,0,
19116494,2024-05-18 11:30:00,Celtic vs St. Mirren,St. Mirren,496,away,Celtic,53,0,501,21787,5,3,27.0,2,0,
19146700,2024-08-04 14:00:00,St. Mirren vs Hibernian,St. Mirren,496,home,Hibernian,66,2,501,23690,5,4,43.0,3,0,3
19146703,2024-08-11 14:00:00,Aberdeen vs St. Mirren,St. Mirren,496,away,Aberdeen,273,0,501,23690,5,2,52.0,1,0,3
19146714,2024-08-25 11:00:00,St. Mirren vs Celtic,St. Mirren,496,home,Celtic,53,0,501,23690,5,2,24.0,0,0,2
19146716,2024-08-31 14:00:00,Dundee vs St. Mirren,St. Mirren,496,away,Dundee,284,1,501,23690,5,1,49.0,2,0,4
19146726,2024-09-14 14:00:00,St. Mirren vs Kilmarnock,St. Mirren,496,home,Kilmarnock,180,1,501,23690,5,3,51.0,0,0,2
19146786,2024-09-21 14:00:00,St. Mirren vs Hearts,St. Mirren,496,home,Hearts,314,2,501,23690,5,5,37.0,2,0,3
19146730,2024-09-28 14:00:00,Motherwell vs St. Mirren,St. Mirren,496,away,Motherwell,309,0,501,23690,5,6,62.0,1,1,4
19146738,2024-10-05 14:00:00,St. Mirren vs Dundee United,St. Mirren,496,home,Dundee United,282,0,501,23690,5,3,55.0,0,0,0
19146741,2024-10-19 14:00:00,Hearts vs St. Mirren,St. Mirren,496,away,Hearts,314,0,501,23690,5,6,40.0,0,0,5
19146749,2024-10-27 15:00:00,Rangers vs St. Mirren,St. Mirren,496,away,Rangers,62,0,501,23690,5,3,27.0,1,0,2
19146756,2024-10-30 19:45:00,St. Mirren vs St. Johnstone,St. Mirren,496,home,St. Johnstone,734,2,501,23690,5,9,31.0,3,0,2
19146762,2024-11-02 15:00:00,St. Mirren vs Ross County,St. Mirren,496,home,Ross County,246,1,501,23690,5,6,56.0,0,0,2
19146765,2024-11-09 15:00:00,Hibernian vs St. Mirren,St. Mirren,496,away,Hibernian,66,2,501,23690,5,5,30.0,2,0,2
19146774,2024-11-23 16:00:00,St. Mirren vs Aberdeen,St. Mirren,496,home,Aberdeen,273,2,501,23690,5,7,28.0,2,1,3
19146776,2024-11-30 15:00:00,Dundee United vs St. Mirren,St. Mirren,496,away,Dundee United,282,0,501,23690,5,8,53.0,0,1,2
19146792,2024-12-07 15:00:00,St. Mirren vs Motherwell,St. Mirren,496,home,Motherwell,309,0,501,23690,5,7,54.0,0,1,5
19146798,2024-12-14 15:00:00,St. Johnstone vs St. Mirren,St. Mirren,496,away,St. Johnstone,734,2,501,23690,5,2,35.0,3,0,2
19146804,2024-12-21 15:00:00,Ross County vs St. Mirren,St. Mirren,496,away,Ross County,246,2,501,23690,5,2,45.0,2,1,4
19146810,2024-12-26 17:45:00,St. Mirren vs Rangers,St. Mirren,496,home,Rangers,62,2,501,23690,5,7,25.0,2,0,1
19146816,2024-12-29 15:00:00,St. Mirren vs Dundee,St. Mirren,496,home,Dundee,284,0,501,23690,5,5,58.0,1,0,1
19146819,2025-01-02 15:00:00,Kilmarnock vs St. Mirren,St. Mirren,496,away,Kilmarnock,180,0,501,23690,5,2,53.0,0,0,2
19146823,2025-01-05 15:00:00,Celtic vs St. Mirren,St. Mirren,496,away,Celtic,53,0,501,23690,5,3,24.0,0,0,1
19146834,2025-01-11 15:00:00,St. Mirren vs Dundee United,St. Mirren,496,home,Dundee United,282,0,501,23690,5,8,51.0,0,0,3
19146835,2025-01-25 15:00:00,Aberdeen vs St. Mirren,St. Mirren,496,away,Aberdeen,273,2,501,23690,5,3,26.0,3,0,5
19146846,2025-02-01 15:00:00,St. Mirren vs St. Johnstone,St. Mirren,496,home,St. Johnstone,734,0,501,23690,5,5,41.0,0,0,1
19146852,2025-02-16 14:00:00,St. Mirren vs Hibernian,St. Mirren,496,home,Hibernian,66,1,501,23690,5,4,60.0,0,0,4
19146856,2025-02-22 15:00:00,Rangers vs St. Mirren,St. Mirren,496,away,Rangers,62,2,501,23690,5,3,35.0,2,0,2
19146861,2025-02-26 19:45:00,Hearts vs St. Mirren,St. Mirren,496,away,Hearts,314,0,501,23690,5,6,45.0,1,0,4
19146870,2025-03-01 17:30:00,St. Mirren vs Celtic,St. Mirren,496,home,Celtic,53,0,501,23690,5,3,25.0,2,0,3
19146875,2025-03-15 15:00:00,Motherwell vs St. Mirren,St. Mirren,496,away,Motherwell,309,1,501,23690,5,7,38.0,2,1,5
19146882,2025-03-29 15:00:00,St. Mirren vs Kilmarnock,St. Mirren,496,home,Kilmarnock,180,2,501,23690,5,4,42.0,5,0,0
19146883,2025-04-05 14:00:00,Dundee vs St. Mirren,St. Mirren,496,away,Dundee,284,0,501,23690,5,10,62.0,0,0,2
19146894,2025-04-12 14:00:00,St. Mirren vs Ross County,St. Mirren,496,home,Ross County,246,2,501,23690,5,6,54.0,3,0,1
19415302,2025-04-26 14:00:00,St. Mirren vs Rangers,St. Mirren,496,home,Rangers,62,1,501,23690,5,3,42.0,2,0,3
19415337,2025-05-03 14:00:00,St. Mirren vs Aberdeen,St. Mirren,496,home,Aberdeen,273,2,501,23690,5,5,38.0,1,0,3
19415340,2025-05-10 14:00:00,Dundee United vs St. Mirren,St. Mirren,496,away,Dundee United,282,2,501,23690,5,6,46.0,2,0,2
19415344,2025-05-14 18:45:00,St. Mirren vs Hibernian,St. Mirren,496,home,Hibernian,66,1,501,23690,5,5,52.0,2,0,3
19415345,2025-05-17 11:30:00,Celtic vs St. Mirren,St. Mirren,496,away,Celtic,53,1,501,23690,5,0,23.0,1,0,3
19428043,2025-08-03 15:30:00,Celtic vs St. Mirren,St. Mirren,496,away,Celtic,53,0,501,25598,5,1,24.0,0,0,1
19428048,2025-08-09 14:00:00,St. Mirren vs Motherwell,St. Mirren,496,home,Motherwell,309,1,501,25598,5,7,34.0,0,0,5
19428056,2025-08-24 11:00:00,St. Mirren vs Rangers,St. Mirren,496,home,Rangers,62,1,501,25598,5,6,29.0,1,0,3
19428059,2025-08-31 14:00:00,Hibernian vs St. Mirren,St. Mirren,496,away,Hibernian,66,1,501,25598,5,7,45.0,1,0,1
19428065,2025-09-13 14:00:00,Falkirk vs St. Mirren,St. Mirren,496,away,Falkirk,770,2,501,25598,5,2,40.0,2,0,2
19428074,2025-09-27 14:00:00,St. Mirren vs Dundee,St. Mirren,496,home,Dundee,284,2,501,25598,5,5,53.0,1,0,3
19428080,2025-10-04 14:00:00,Kilmarnock vs St. Mirren,St. Mirren,496,away,Kilmarnock,180,0,501,25598,5,9,64.0,0,0,2
19428086,2025-10-18 14:00:00,St. Mirren vs Aberdeen,St. Mirren,496,home,Aberdeen,273,0,501,25598,5,6,49.0,0,1,2
19428088,2025-10-25 14:00:00,Dundee United vs St. Mirren,St. Mirren,496,away,Dundee United,282,0,501,25598,5,12,55.0,1,1,1
19428098,2025-10-29 19:45:00,St. Mirren vs Hearts,St. Mirren,496,home,Hearts,314,1,501,25598,5,6,48.0,2,0,2
19428109,2025-11-08 17:45:00,St. Mirren vs Hibernian,St. Mirren,496,home,Hibernian,66,0,501,25598,5,5,46.0,0,0,4
19428116,2025-11-22 20:00:00,St. Mirren vs Celtic,St. Mirren,496,home,Celtic,53,0,501,25598,5,2,27.0,0,0,2
19428117,2025-11-29 15:00:00,Dundee vs St. Mirren,St. Mirren,496,away,Dundee,284,0,501,25598,5,11,62.0,1,0,2
19428123,2025-12-03 19:45:00,Aberdeen vs St. Mirren,St. Mirren,496,away,Aberdeen,273,1,501,25598,5,6,33.0,3,0,1
19428134,2025-12-06 15:00:00,St. Mirren vs Dundee United,St. Mirren,496,home,Dundee United,282,2,501,25598,5,3,39.0,2,0,2
19428146,2025-12-20 15:00:00,St. Mirren vs Livingston,St. Mirren,496,home,Livingston,258,2,501,25598,5,7,58.0,1,0,0
19428152,2025-12-27 15:00:00,St. Mirren vs Kilmarnock,St. Mirren,496,home,Kilmarnock,180,1,501,25598,5,11,59.0,0,0,1
19428158,2025-12-30 19:45:00,Rangers vs St. Mirren,St. Mirren,496,away,Rangers,62,0,501,25598,5,4,41.0,1,0,2
19428164,2026-01-03 15:00:00,Motherwell vs St. Mirren,St. Mirren,496,away,Motherwell,309,0,501,25598,5,8,45.0,0,0,4
19428170,2026-01-10 15:00:00,St. Mirren vs Falkirk,St. Mirren,496,home,Falkirk,770,0,501,25598,5,4,38.0,0,0,2
19428138,2026-01-14 19:45:00,Hearts vs St. Mirren,St. Mirren,496,away,Hearts,314,0,501,25598,5,5,60.0,0,0,1
19428102,2026-01-20 19:45:00,Livingston vs St. Mirren,St. Mirren,496,away,Livingston,258,1,501,25598,5,4,44.0,1,0,3
19428182,2026-01-31 15:00:00,St. Mirren vs Dundee,St. Mirren,496,home,Dundee,284,1,501,25598,5,5,40.0,0,1,
19428188,2026-02-03 20:00:00,St. Mirren vs Hearts,St. Mirren,496,home,Hearts,314,2,501,25598,5,7,54.0,1,0,1
19428193,2026-02-11 19:45:00,Kilmarnock vs St. Mirren,St. Mirren,496,away,Kilmarnock,180,0,501,25598,5,4,42.0,3,0,3
19428197,2026-02-14 15:00:00,Hibernian vs St. Mirren,St. Mirren,496,away,Hibernian,66,0,501,25598,5,8,42.0,0,0,3
19428206,2026-02-21 19:30:00,St. Mirren vs Motherwell,St. Mirren,496,home,Motherwell,309,0,501,25598,5,4,29.0,0,1,4
19428210,2026-02-28 15:00:00,Livingston vs St. Mirren,St. Mirren,496,away,Livingston,258,1,501,25598,5,2,49.0,1,0,2
19428172,2026-03-03 19:45:00,Dundee United vs St. Mirren,St. Mirren,496,away,Dundee United,282,0,501,25598,5,4,47.0,1,0,1
19428218,2026-03-15 12:00:00,St. Mirren vs Rangers,St. Mirren,496,home,Rangers,62,0,501,25598,5,1,47.0,0,0,0
19428220,2026-03-21 15:00:00,Falkirk vs St. Mirren,St. Mirren,496,away,Falkirk,770,2,501,25598,5,4,42.0,2,0,2
19428230,2026-04-04 14:00:00,St. Mirren vs Aberdeen,St. Mirren,496,home,Aberdeen,273,2,501,25598,5,8,57.0,2,0,1
19428232,2026-04-11 14:00:00,Celtic vs St. Mirren,St. Mirren,496,away,Celtic,53,0,501,25598,5,7,44.0,0,0,2
19700230,2026-04-25 14:00:00,St. Mirren vs Livingston,St. Mirren,496,home,Livingston,258,0,501,25598,5,8,63.0,0,0,2
19700223,2026-05-02 14:00:00,Dundee vs St. Mirren,St. Mirren,496,away,Dundee,284,0,501,25598,5,6,61.0,0,0,2
19700216,2026-05-09 14:00:00,St. Mirren vs Kilmarnock,St. Mirren,496,home,Kilmarnock,180,0,501,25598,5,1,59.0,0,0,3
19700213,2026-05-12 18:45:00,Aberdeen vs St. Mirren,St. Mirren,496,away,Aberdeen,273,2,501,25598,5,1,42.0,2,0,2
19700202,2026-05-17 13:00:00,St. Mirren vs Dundee United,St. Mirren,496,home,Dundee United,282,1,501,25598,5,10,49.0,1,0,0
